cid,ticker,name,sector,industry,bucket,mcap,tev,price_ltm_pct,drawdown,drawdown_window_start,pctile,pctile_metric,pctile_months,dislocated,ebitda_margin,ufcf_margin,ev_ebitda_fy,ev_ebitda_fy1,net_debt_ltm_ebitda,revenue_cagr,ebitda_cagr,rev_revision,ebitda_revision,ebitda_inflection,ebitda_turn_pct,rev_turn_pct,ebitda_brokers,pretax_lfcf_yield_fy,pretax_lfcf_yield_fy1,pretax_lfcf_conversion,fdso_cagr_prior,founder_led,screens_flagged,score,score_rank
1003464,1316,Nexteer Automotive Group Ltd,Consumer Goods,Auto Parts,screen,1447334002.607429,121792040.6646049,-0.45593973778544195,-0.4643964648431178,2023-10-01,0.15,ev_ebitda,60,0,0.11142632150056726,0.05878778627479101,0.21589763975970655,0.19737714188095515,-2.596039469831289,0.05389767769754372,0.0857159524730533,-0.02863497459648434,-0.09006234292291937,0,0.005265846907303917,0.0006772726849719746,8.0,0.20942078969149797,0.3055915532603591,0.5373008720260664,2.2063299853769536e-08,False,1,51.74882629107981,155
1004553,360,Life360 Inc.,Technology,Application Software,screen,3233398378.869401,2812828378.869401,-0.624323599990137,-0.6393669190381509,2023-10-01,0.0,ev_ebitda,56,1,0.23927746039308664,0.21565050705265115,14.206979212953048,10.824423712266103,-3.3906787786524295,0.21172503036603185,0.3911186026170106,0.1773407279867043,0.17449428104339493,0,-0.003927685481298848,0.00840436573273351,17.0,0.05860789075140428,0.07883200820414996,0.9571363673124726,0.09748974256004006,False,1,51.913145539906104,151
1004118,74SW,74Software,Technology,Application Software,screen,1238730987.640322,1523241703.1409457,-0.007884409649127178,-0.17670044982065158,2023-10-01,,ev_ebitda,26,,0.19511788882575284,0.19058027339586628,8.988174136265494,7.940679409772599,1.9214097471760598,0.0378553609327823,0.12104977153994123,0.011779203207629374,-0.017164338706843196,0,0.025293306039231744,0.0032367624969422693,3.0,0.11936341145923733,0.13846146817955277,0.8724707602919173,0.11099340715320838,False,1,41.279342723004696,412
1000089,A,"AGILENT TECHNOLOGIES, INC.",Health Care,Life Sciences Tools & Services,screen,47170440000.0,49361440000.0,0.35056189752939915,-0.0165515666913989,2023-10-01,0.9,ev_ebitda,60,0,0.31209928986866436,0.239034586500516,19.78682260788535,18.35563805228617,0.9656532880814301,0.06569463458126701,0.08444818794427311,0.033774129812583764,0.051848386453101414,0,0.02122117396623624,0.013951884287068061,15.0,0.039701575597850446,0.04475873268834715,0.7506991245643232,-0.013880251377985542,False,0,32.03051643192488,770
1003317,AA,Alcoa Corp,Materials,Aluminium,screen,11186156845.74,12059156845.74,0.2870681206497052,-0.49777412676665045,2023-10-01,0.06666666666666667,ev_ebitda,60,0,0.20702597202903744,0.1492075984519074,3.829937026464298,3.8348559624509058,0.3215105612220476,0.011032296133306474,0.024437527421139027,0.17478494064002992,0.35267607576348836,0,-0.14487676486035883,-0.022146776262495838,11.0,0.1885882733829179,0.19085947197147057,0.6699930199246829,0.11460886449927044,False,1,49.98826291079812,179
1006802,AADX,"Applied Aerospace & Defense, Inc.",Industrials,Aerospace & Defense,screen,1732183121.34,2125922121.34,-0.3671751709626513,,2026-06-03,,ev_ebitda,8,,0.23722010447852457,0.15491043454879244,11.413724282488065,9.311744082380676,2.737392434169705,0.14494883271697212,0.22375443188292743,,,,,,,0.053300449553143524,0.06955639667335874,0.49568377171478456,0.01957357371628321,False,0,,
1000230,AAL,American Airlines Group Inc.,Industrials,Airlines,screen,8700108690.0,29857108690.0,0.18950177935943047,-0.2834941050375135,2023-10-01,0.7333333333333333,ev_ebitda,60,0,0.07389569700576684,0.028483833690573935,6.03260912683257,4.895750809762829,7.021624518241972,0.0507540299249285,0.46407979244564057,0.10115646799088918,-0.09714818672349035,0,-0.11784779878573559,0.02968914960129454,15.0,0.0732181792672122,0.16819116561751418,0.12870666612217732,-0.04176667484474639,False,0,,
1000837,AAMI,Acadian Asset Management Inc.,Financials,Asset Management & Custody Banks,screen,3357942000.0,3493342000.0,0.9129968559593236,-0.05652308099798076,2023-10-01,0.9333333333333333,ev_ebitda,60,0,0.36474971158458225,0.36474971158458225,10.546693494343844,9.386201479356098,0.5173611563338508,0.14176616756039162,0.14362505291807848,0.23126031765651,0.31545630623841037,0,0.04165644634947796,0.032929724751879164,3.0,0.09920613748545928,0.11690514258904393,1.0057428435936202,-0.0357020368619525,False,1,,
1003440,AAOI,Applied Optoelectronics Inc,Telecommunications,Communication Equipment,screen,8753877760.0,8431519760.0,2.8279984573852683,-0.5550874047512326,2023-10-01,0.4,ev_ebitda,55,0,0.22077846505474155,-0.054833836388825344,12.682673591378164,7.070672197963567,-5.044302771722075,1.0742682627658882,2.7407693634731563,0.5763502012808863,0.6540758129209854,0,-0.0036761081126021056,0.05330839385468811,5.0,-0.01758353760281474,0.07298711469282633,-0.2315323530440552,0.45661576190332664,True,0,,
1004350,AAON,AAON Inc,Industrials,Industrial Machinery and Equipment,screen,6888580253.72,7323567253.72,-0.11048029439242824,-0.4406476056588057,2023-10-01,,ev_ebitda,35,,0.18698962553705373,0.09437061212059732,14.588182230515432,11.701786337045952,1.3308893855916522,0.15165806842016982,0.321111585648274,0.56441278798453,0.21887067254418957,0,-0.0016470126008817365,0.10650503981394954,4.0,0.03420860199790989,0.0593635152880009,0.4694005069176682,2.9808862723301743e-05,False,0,,
1000072,AAP,"ADVANCE AUTO PARTS, INC.",Consumer Services,Automotive Retailers,screen,2363140000.0,2630140000.0,-0.35355905477377636,-0.526186446160906,2023-10-01,0.016666666666666666,ev_ebitda,60,1,0.08058050223786717,0.04285458653069882,3.7440980448052907,3.6080282249706856,0.4611017007071802,0.024760478039339562,0.0938145235408323,-0.020382251645617133,-0.0024562336194857703,0,-0.028219375630140653,-0.009467804139753122,19.0,0.07285385241387062,0.09453952057657121,0.24508138145862715,0.009052098705186529,False,1,40.92723004694836,426
1000040,AAPL,Apple Inc.,Technology,"Technology Hardware, Storage and Peripherals",screen,4860551776320.0,4882496776320.0,0.31268970983978917,-0.023602193098191004,2023-10-01,0.9666666666666667,ev_ebitda,60,0,0.34496593870425013,0.3267396863358214,26.965839012903903,24.608784847215684,0.1276943430138428,0.0863684355145169,0.07454818609819225,0.13331196263159262,0.12271014755252918,0,0.0007850653876644298,0.014471824642627862,22.0,0.03459312505645641,0.03767732243878049,0.9286399068011333,-0.022497406780810247,False,0,26.93661971830986,957
1000470,AAT,AMERICAN ASSETS TRUST,Financials,Diversified REITs,screen,1644640758.39,3222899758.3900003,0.11630770183059735,-0.1720234519435654,2023-10-01,0.21666666666666667,ev_ebitda,60,0,0.5406491442328459,0.5406491442328459,13.025778685904696,12.346242726273097,6.367754411527606,0.02473105473374848,0.04677057462387246,0.0016004687273485363,-0.01577741332257765,0,0.006000761823953704,0.012982946884185775,1.0,0.10491038816957605,0.11661120802246612,0.6973429908129684,0.0024086703143568755,False,1,,
1000471,AB,ALLIANCEBERNSTEIN HOLDING LP,Financials,Asset Management & Custody Banks,screen,3266586133.74,3472890133.74,-0.002572034790316313,-0.12835131819209356,2023-10-01,0.0,ev_ebitda,60,0,0.3513797432971706,0.3513797432971706,2.5023520783306092,2.2810948443599903,0.16607250532373116,0.08278664945189895,0.10287579010983205,-0.043246111244161556,-0.04479895122681876,0,0.01031901402411095,0.004610716163574002,4.0,0.43604619261226396,0.4899828124530095,1.0263228141316758,-0.09732693044540908,False,1,,
1000343,ABBV,AbbVie Inc.,Health Care,Pharmaceuticals,screen,460513129999.99994,524766129999.99994,0.16483235093177795,-0.017613038906414302,2023-10-01,0.85,ev_ebitda,60,0,0.5238586945516982,0.5055281066877885,13.646715804161555,12.437034699731004,2.049929033392335,0.08013219827689322,0.12023305116822591,0.06854110166260918,0.03720615569196761,0,0.007973770027291716,0.008397335693458352,21.0,0.0749681542483017,0.08513735635365129,0.8978032772883269,-0.0003201370875286491,False,0,32.31220657276995,758
1003261,ABCB,Ameris Bancorp,Financials,Diversified and Regional banks,screen,5384099265.839999,,0.09559202686698454,-0.1443795642983169,2023-10-01,,,,,,,,,,0.05850096948574213,,-0.006485431807736197,,,,,,,,,-0.013910831344426056,False,0,,
1000473,ABG,ASBURY AUTOMOTIVE GROUP INC,Consumer Services,Automotive Retailers,screen,3266001000.0,8532801000.0,-0.2951523829003886,-0.43667037206565096,2023-10-01,0.43333333333333335,ev_ebitda,60,0,0.05984101058127572,0.045223408078867953,7.642437488192628,7.13901822977518,5.062124889953977,0.05084741333059939,0.08158908065287163,-0.0931673008262025,-0.05592103193977871,0,0.012285010398066065,-0.014379044472682456,6.0,0.17263464373576448,0.20579707398540933,0.5049920534090654,-0.042384858398364256,False,1,37.828638497652584,526
1006479,ABL,"Abacus Global Management, Inc.",Financials,Specialty Insurance,screen,793567812.7,1114487128.7,0.44977997628793287,-0.3338220317458016,2023-10-01,,ev_ebitda,33,,0.5219367740416753,0.5219367740416752,6.341023643494893,5.350924935882918,2.1067438151586346,0.1560745220428006,0.14489253968231508,0.2973290034844369,0.18758790901587874,0,-0.010156428457236188,0.03144467472769752,4.0,0.1803302106407023,0.21900224999767212,0.8142107832188158,0.18249348209590277,False,1,,
1000474,ABM,ABM INDUSTRIES INCORPORATED,Industrials,Diversified Support Services,screen,2873678000.0,4537178000.0,0.07073089393270116,-0.14893652962857218,2023-10-01,0.36666666666666664,ev_ebitda,60,0,0.061833282474947064,0.04721475836851745,7.679407211158472,7.411618473204945,3.032903538168461,0.03253520332482518,0.05201640800192742,0.02621166981708911,0.018023677358032897,0,-0.00932725580872995,-0.0024676455541035036,5.0,0.11866525054297208,0.12862936360779836,0.5771697262177166,-0.03196081852119448,False,1,29.119718309859156,878
1004916,ABNB,Airbnb Inc,Consumer Services,"Hotels, Resorts & Cruise Lines",screen,95800590000.0,86207590000.0,0.32309339482787025,-0.1566929133858267,2023-10-01,0.3333333333333333,ev_ebitda,60,0,0.3645569773914448,0.38008011048270496,14.978148364177395,13.13577443770231,-1.9707489124910014,0.11146070188162449,0.1391701325521013,0.0877316152892258,0.08683107137739676,0,0.03249882952039629,0.025435159625862624,30.0,0.06981110138838872,0.07659027035017407,1.161997777589441,-0.03551330725228974,True,0,70.7394366197183,52
1002903,ABR,ARBOR REALTY TRUST INC,Financials,Mortgage REITs,screen,707893228.0,8097920228.0,-0.6394117283241239,-0.6938456973221772,2023-10-01,,,,,,,,,,,,-0.12918910241217585,,,,,,,,,-0.007069630672974392,False,0,,
1005175,ABSI,Absci Corp,Health Care,Life Sciences Tools & Services,screen,1692820904.0,1491828904.0,2.5427631578947367,-0.07314974182444056,2023-10-01,0.9166666666666666,ev_sales,60,0,-6.515275564872701,-6.678163093872834,-13.072232025207985,-13.260950902909418,,1.718959098867678,,-0.6276214738130506,0.30667566713215355,,,-0.10727404084600034,9.0,-0.06913790884931809,-0.06722547393824355,1.0255527027014668,0.20812749496726135,True,0,,
1000355,ABT,ABBOTT LABORATORIES,Health Care,Health Care Equipment,screen,168565530000.0,192565530000.0,-0.24507734442306928,-0.27229569158477296,2023-10-01,0.13333333333333333,ev_ebitda,60,0,0.27797796235249644,0.21932300575747632,12.656905176083226,11.636069561171174,1.8181166295074311,0.08098697384396436,0.09958575761962818,0.05733314618442287,0.03756438934123629,0,-0.022091887366825436,-0.0012466642760182722,17.0,0.0652530800645886,0.0723904233555639,0.7229674815171653,-0.0011103796350956374,False,0,31.561032863849768,784
1004298,ACA,"Arcosa, Inc",Industrials,Diversified Industrials & Conglomerates,screen,7207800000.0,8212400000.0,0.5623547033400864,-0.0032055654071749817,2023-10-01,0.9,ev_ebitda,60,0,0.2135404738715512,0.12126171385847959,13.46080138343871,12.994008313706574,1.8403262218262695,0.057992174421785725,0.08846614076592729,-0.09192608843787986,-0.05803808006879663,0,-0.0016248893655892438,-0.0035853130236286335,3.0,0.0370596231547963,0.037012239966056855,0.43782902429456466,0.004939984071038683,False,0,,
1000475,ACAD,ACADIA PHARMACEUTICALS INC,Health Care,Biotechnology,screen,3438006390.0,2541079390.0,-0.05576382380506095,-0.3657538558388417,2023-10-01,0.11666666666666667,ev_ebitda,60,0,0.11076179555597848,0.0987478880072608,15.924981568536571,8.540645528545909,-8.292589239870187,0.12656051504896126,0.6803980714127553,0.06566441822297797,-0.4391294572358502,1,0.18693187624785046,0.027504506131389883,10.0,0.05140621716641662,0.09223078603330156,1.1076002133275322,0.025641963053971484,False,1,54.37793427230047,131
1005397,ACDC,ProFrac Holding Corp,Energy,Oil & Gas Equipment & Services,screen,800800000.0000001,1865500000.0,0.17297297297297298,-0.6011029411764706,2023-10-01,0.6666666666666666,ev_ebitda,60,0,0.15237427917679103,0.06759520412624084,5.547304552499308,4.07986208851851,3.933336290832555,0.14877576394056846,0.33230943838437343,0.0364993591079279,-0.19047863286166677,0,-0.09015239591442137,0.0352876267322586,3.0,0.034466641964506585,0.1490450150199964,0.08207479253345493,0.09059098691969258,False,0,,
1004674,ACEL,Accel Entertainment Inc,Consumer Services,Casinos and Gaming,screen,883364850.0,1201242850.0,-0.03703703703703709,-0.2050708426547353,2023-10-01,0.0,ev_ebitda,60,0,0.15784375246789825,0.10341420801518264,5.075582973715794,4.90939571173407,1.4284362477895565,0.04211530025585142,0.03901953194482832,0.0397818357035542,0.050652570125855334,0,0.01604535253365169,0.02729875094002865,6.0,0.13764342911874405,0.15951444625655153,0.5137486741533958,-0.009407643214092709,False,1,36.208920187793424,584
1000477,ACGL,ARCH CAPITAL GROUP LTD,Financials,Mortgage Insurance,screen,32877888000.0,36054888000.0,0.017965391821889165,-0.15436894387773537,2023-10-01,,,,,,,,,,0.012460761741210247,,-0.14529719137012187,,,,-0.03181387172799255,,,,,-0.04738196632660696,False,0,,
1000412,ACHC,"Acadia Healthcare Company, Inc",Health Care,Health Care Facilities,screen,2460701820.0,4703980820.0,0.11066235864297247,-0.6852826733806363,2023-10-01,0.3,ev_ebitda,60,0,0.17863184699230464,0.1077047386463182,7.262779829930999,6.770159012010147,3.7124556207793376,0.056755667243096664,0.07369209403091559,-0.044371000276250516,-0.18886650525784676,0,0.012383928626006568,0.003691548545734946,12.0,0.09658849861406056,0.11412823345526203,0.36696254775413556,-0.003720122029331585,False,1,28.74413145539906,892
1005232,ACHR,Archer Aviation Inc,Industrials,Aerospace & Defense,screen,3931951000.0,2367051000.0,-0.48121085594989566,-0.6356304985337244,2023-10-01,0.10256410256410256,ev_sales,39,1,-6.590828858703017,-7.215435726842181,-3.290220614672724,-3.951007170954505,,4.660478663609495,,-0.6176196976099864,0.5928961936023802,,,0.5281949161595392,6.0,-0.19311511821604466,-0.17553457721997823,1.055459990655257,0.4510489219807361,True,1,,
1004774,ACI,Albertsons Companies Inc,Consumer Services,Food Retailers,screen,5938524000.0,14807924000.0,-0.3087066235626782,-0.46416644466781576,2023-10-01,0.23333333333333334,ev_ebitda,60,0,0.043829049612087535,0.01732549072001043,4.127512501239867,4.128390107083675,2.386422944252891,-0.003973524556790675,-0.04117153531412687,-0.024778573791811143,-0.08800561788605632,0,-0.07784478285599716,-0.006993737655513699,15.0,0.14833993610101492,0.1104541071279456,0.24554484679192778,-0.028903429340384146,False,1,30.880281690140848,823
1003109,ACIW,ACI Worldwide Inc,Technology,Application Software,screen,5052280440.0,5707059440.0,-0.07371612658707605,-0.18777002326354264,2023-10-01,0.35,ev_ebitda,60,0,0.2908951243451113,0.26574189367935774,9.553381422347417,,1.2110724181675387,,,0.07684493340670784,0.08598157353965696,0,0.006556806375246582,0.0006926458778067079,3.0,0.10175021707792267,,0.8605329719201446,-0.02449834395249051,False,1,,
1003049,ACLS,Axcelis Technologies Inc,Technology,Semiconductor Equipment,screen,4256329140.0000005,3895680140.0000005,0.34350675952478493,-0.3153444676409185,2023-10-01,0.7833333333333333,ev_ebitda,60,0,0.19780491636593253,0.15475195972053815,19.941245335752484,16.32816041699676,-2.2915680928097375,0.1281577999255321,0.25717812295203424,0.045095358714634326,0.016876337280974818,1,0.17040916382708127,0.10111507600897562,3.0,0.038611769374150166,0.039900741789191604,0.8412477064123163,-0.025757447957366453,False,1,,
1000419,ACM,AECOM,Industrials,Construction & Engineering,screen,7662414400.0,9364280400.0,-0.5421615810375517,-0.5562698881139276,2023-10-01,0.0,ev_ebitda,60,1,0.08202383357122008,0.05091238708155833,6.974822018863014,6.45762309249801,1.6021042876348366,0.06510876285431966,0.16880227132877046,-0.09775290614063681,-0.03933570180734758,0,-0.055587683240770125,-0.046472618805057486,9.0,0.08725976517087278,0.13366076861754506,0.49801038149586985,-0.025384137684014707,False,2,45.71596244131455,278
1004472,ACMR,ACM Research Inc,Technology,Semiconductor Equipment,screen,6004295930.64,5363027930.64,1.067978533094812,-0.3622822917487588,2023-10-01,0.8333333333333334,ev_ebitda,60,0,0.18848162834190274,0.04866479823048522,18.830805726010873,14.256277974376047,-3.447209384373085,0.2893460499181266,0.35121592803577406,0.15930885868614109,0.10350725733161315,0,0.03690977293230313,0.030423650821288728,5.0,0.01581812110065956,0.0402532427976016,0.3334846351038851,0.02426486082546897,True,0,57.03051643192488,116
1000048,ACN,Accenture plc,Technology,IT Consulting & Other Services,screen,130690480730.70001,125661178730.70001,-0.23168688485734046,-0.5195032739989307,2023-10-01,0.15,ev_ebitda,60,1,0.19050632429884956,0.17058252468264712,8.637604539145427,8.225463539573248,-0.35960467015908487,0.041260663382815865,0.047107607267655505,-0.015320223996586613,-0.017448692327529214,0,-0.0001035031827405497,-0.0008839971374707822,15.0,0.09855449142304533,0.10340305292980866,0.8853450511694838,-0.013008297926153989,False,2,41.84272300469483,388
1005223,ACT,Enact Holdings Inc,Financials,Mortgage Insurance,screen,6194907250.0,6491693250.0,0.15224487657754282,-0.1360095865787897,2023-10-01,,,,,,,,,,0.013824549138140574,,-0.027667809614521754,,,,0.011603086523993555,,,,,-0.06079407314983454,False,0,,
1005020,ACVA,ACV Auctions Inc,Industrials,Diversified Support Services,screen,1787347099.9999998,1750088099.9999998,0.052472250252270314,-0.5498489425981874,2023-10-01,0.45098039215686275,ev_ebitda,51,0,0.10806948242293905,0.10592693334150165,17.14147586170154,12.383119594242691,-0.5248840483558038,0.12687686850481383,0.37229388654950446,-0.16786791172136317,-0.5337619615389063,0,-0.0349574005853337,-0.008089814079567215,8.0,0.05394206892064168,0.07274864493991849,0.9443322015159058,0.019137696236165347,False,0,47.359154929577464,244
1000973,AD,"Array Digital Infrastructure, Inc.",Telecommunications,Telecommunication Infrastructure,screen,2956046700.0,3214492700.0,0.028524459724952766,-0.23453014289030294,2023-10-01,0.65,ev_ebitda,60,0,1.1213470624434752,0.9981902647639531,14.121823308959963,12.89932604247147,1.1765575872170815,-0.010323122304355725,0.04502887104314279,0.016675190418975028,-0.04058883674668534,0,0.029895145287851976,0.06121695893721579,3.0,0.06336435689628746,0.07696567925577713,0.8228764848449698,0.005388384187319684,False,0,34.917840375586856,648
1000253,ADBE,Adobe Systems Incorporated,Technology,Application Software,screen,95305600000.0,96029600000.0,-0.319801559177888,-0.6219988657130253,2023-10-01,0.05,ev_ebitda,60,1,0.4695311043884903,0.4567505224785404,7.040463312259759,6.5820295582308,0.05805925700932582,0.08865858188126308,0.07601785822245422,0.02998422650105881,0.003115721874292321,0,-0.0064402757159159885,0.008618837526538803,24.0,0.13834004862902002,0.1475110691565242,0.9666348834322355,-0.056221250185098826,False,2,45.95070422535211,270
1003077,ADC,Agree Realty Corporation,Financials,Retail REITs,screen,7835286257.68,11635119257.68,-0.01849347655299627,-0.16727929213809445,2023-10-01,0.05,ev_ebitda,60,0,0.953085259211244,-0.8535767290068521,14.045158876496837,12.285081650135295,5.508745038971638,0.05470007649740727,0.15860418792739694,0.060631669586275194,0.004956420712090237,0,0.004768620832330761,0.003533424353821424,10.0,-0.11921631468043228,-0.11532863665117789,-1.1275774379584185,0.10539342636472715,False,0,,
1005456,ADEA,"Adeia, Inc.",Technology,Systems Software,screen,2898845320.0,3147779320.0,0.5393205348983638,-0.2358998080566359,2023-10-01,,ev_ebitda,26,,0.5880398079747828,0.5414445082172493,11.882361351182611,11.042514979302602,1.0178641813157736,0.06956320140863181,0.1046916787556853,-0.002183899390014288,-0.038460104633478265,0,-0.012292403977586686,0.0009628203229150589,3.0,0.075283934097698,0.0911300944548136,0.8238076599760417,0.004271915669659343,False,0,,
1000172,ADI,"Analog Devices, Inc.",Technology,Broadline Semiconductors,screen,197783450200.0,204580099200.0,0.634805273398293,-0.10676421454389473,2023-10-01,0.6,ev_ebitda,60,0,0.6212253253060356,0.5552278450807768,17.86004868269868,16.047014653022398,0.7367668425676369,0.15776873729505536,0.16099752738749795,0.36864027714333414,0.3871517191656204,0,0.10079142899089422,0.09309208806070868,13.0,0.05068445242857332,0.056266815032497745,0.8751529499235339,-0.00895134397667896,False,0,34.51877934272301,664
1000120,ADM,ARCHER-DANIELS-MIDLAND COMPANY,Consumer Goods,Agricultural Products,screen,38567200000.0,45518200000.0,0.36758124646975965,-0.09887614939266665,2023-10-01,0.48333333333333334,ev_ebitda,60,0,0.054598647151378674,0.03790805148938893,9.038322016851021,8.681100681121205,1.5648179324467015,0.055918036501555024,0.0559123549209084,-0.0007477193190627007,0.07819684684179085,0,0.018605147888405726,0.03755812642100809,6.0,0.08329252169080362,0.09085001152152897,0.6378621775869635,-0.008744492864676823,False,1,31.443661971830984,791
1003328,ADMA,ADMA Biologics Inc,Health Care,Biotechnology,screen,2287246886.64,2344065886.64,-0.3158253751705321,-0.59077927376581,2023-10-01,0.23076923076923078,ev_ebitda,52,0,0.44217964627660333,0.4303329572859642,8.869386584995388,7.504272112468418,0.24128449315106973,0.11405289912552474,0.12359490795158012,-0.2801590652358288,-0.37330229802439696,0,-0.04562896286378493,-0.002773085162457778,3.0,0.11248342935683088,0.12250377818581523,0.9734762572127339,-0.021427281011239807,True,1,69.54225352112677,60
1003310,ADNT,Adient plc,Consumer Goods,Auto Parts,screen,1391544000.0,2855544000.0,-0.30066445182724244,-0.5443722943722944,2023-10-01,0.0,ev_ebitda,60,1,0.057158721515839894,0.03464336127717106,3.297828797483711,2.9874124709919383,1.8451563624046738,0.018630696030430105,0.09773463810049154,0.02627494686468812,-0.07332599663102124,0,-0.02875531593227143,0.002092503542716395,7.0,0.24516143082667943,0.28312988468380795,0.39399284957616215,-0.06380517752594006,False,2,47.45305164319249,239
1000063,ADP,"AUTOMATIC DATA PROCESSING, INC.",Technology,Application Software,screen,105504811999.99998,106378111999.99998,-0.09523128239766054,-0.1843679343603407,2023-10-01,0.16666666666666666,ev_ebitda,60,0,0.29741476065629807,0.25105235369366247,15.407348851604887,14.299173311118999,0.13578824728978584,0.05732415971225735,0.08930816068882619,0.010417937745804462,0.011222633766023726,0,0.0034218348678562993,0.001286829878675677,13.0,0.05387348336889031,0.059343665144280015,0.8232333634293062,-0.010793328023131599,False,0,37.73474178403756,530
1004547,ADPT,Adaptive Biotechnologies Corp,Health Care,Life Sciences Tools & Services,screen,4375238384.09,4153927944.09,0.9318181818181817,-0.022658099425093003,2023-10-01,,ev_ebitda,14,,0.08542533552583101,0.06188915382536331,135.28755553378878,51.645706897374176,,0.22327947640420476,,0.0719061819244513,1.179615569131598,0,0.11506952831587758,0.02160505269636004,4.0,0.0034601453941736516,0.016652601753624343,0.49305453702687946,0.03279054292660555,True,0,,
1000029,ADSK,"AUTODESK, INC.",Technology,Application Software,screen,44586410000.0,43909410000.0,-0.34208455315264275,-0.3604455460693412,2023-10-01,0.05,ev_ebitda,60,0,0.41577603033003174,0.3653416941324144,12.685804017477533,11.338669072658695,-0.20612685709133977,0.1329154854444674,0.1492533482245253,0.06023965994717351,0.10469935643347372,0,0.018979898127060357,0.015172566221959727,23.0,0.06714049127952836,0.08450885931241948,0.8648631958155083,-0.0017396359940423656,False,0,45.66901408450704,279
1004036,ADT,ADT Inc,Industrials,Building Products,screen,5109403670.0,5321890670.0,-0.279751854463519,-0.2911456104381074,2023-10-01,0.0,ev_ebitda,60,0,0.5152668992024259,0.4616415917941857,1.926119164506686,1.871122754405906,0.07911852358051553,0.029629947022088432,0.028755973893890063,-0.036086272138085906,-0.0624671450832317,0,0.009056435615697467,0.01594797231086953,4.0,0.4112078833176234,0.43014040553138133,0.760411807017178,-0.09404230585520812,False,1,42.54694835680751,360
1000204,ADTN,ADTRAN Holdings Inc,Telecommunications,Communication Equipment,screen,572302360.0,478991360.0,-0.2713219616204692,-0.6476804123711339,2023-10-01,0.0,ev_ebitda,60,1,0.1446474865617647,0.1309489585927744,2.670496263937632,2.3612147872396503,-0.6348134807819245,0.08390519484809356,0.1677380335044767,-0.08675598630039771,-0.035196098045965574,0,-0.13733009005343855,-0.041779522071182296,4.0,0.2589322920843638,0.20205779514207584,0.8261826064169281,0.011532830292511287,False,2,,
1003202,ADUS,Addus HomeCare Corporation,Health Care,Long Term and Alternative Care,screen,2063322400.0,2025353400.0,-0.06314094414780902,-0.18672748675691575,2023-10-01,0.15,ev_ebitda,60,0,0.13068370456916034,0.12447553132728945,9.69982179225765,9.262245335832555,-0.19701006074360408,0.043791311911857145,0.053671777952768895,0.004175303093765681,0.011637387346064232,0,0.005983278392266866,0.004610766627189955,13.0,0.09533951172963377,0.09899404282519149,0.9421129172716785,0.03263525213834617,False,1,41.60798122065727,400
1006490,AEBI,Aebi Schmidt Holding AG,Industrials,Heavy Transportation Equipment,screen,831789600.0,788391600.0,-0.14473977932436055,,2025-07-01,,ev_ebitda,19,,0.09949838545813594,0.07602850514623088,3.6582157109209454,3.285873820177418,-0.25206942799734516,0.043894791083948004,0.1381310740566115,0.007750954927597142,-0.017023428412500152,,,,3.0,0.15439302611437986,0.2657800097096783,0.5958932797887913,0.3860584580932396,False,1,54.49530516431925,129
1000478,AEE,AMEREN CORPORATION,Utilities,Multi-Utilities,screen,27769668000.0,49565668000.0,-0.020829710888529474,-0.15411576487391787,2023-10-01,0.21666666666666667,ev_ebitda,60,0,0.46618005476480495,-0.23486056475152386,11.105447735911854,9.98915637846377,5.584680819030155,0.0650676602548661,0.11606400402236505,0.020574661326181243,0.027339724337145155,0,0.010014405912464719,-0.01587013442489371,6.0,-0.11456715444374986,-0.1057379923541834,-0.7128299245419077,0.023000737971462737,False,0,,
1006866,AEHR,Aehr Test Systems,Technology,Semiconductor Equipment,screen,3370072000.0,3263596000.0,2.3085353703088676,,2025-08-27,,ev_ebitda,3,,0.22291322479171746,0.2124334659468501,104.09557058439741,53.00571123016817,-12.76371917843782,1.064437554981414,,0.002422557392665059,-0.014494373810168604,,,,3.0,0.009845481252349067,0.010505719737091425,1.058307775359524,0.017605100449025413,False,0,,
1000479,AEIS,ADVANCED ENERGY INDUSTRIES,Technology,Electronic Equipment & Instruments,screen,12058510000.0,11926210000.0,0.6588391258435613,-0.27514271474503105,2023-10-01,0.4,ev_ebitda,60,0,0.265175044680615,0.1765021301409726,14.929104953779062,12.226442679103275,-0.2551282897470608,0.19676992776874358,0.2932647221562419,0.49466624210671317,0.9452921096156894,0,0.2513733979556503,0.14328802738337032,8.0,0.04536369450760568,0.058813927601376645,0.684752117519755,0.04606842065965888,False,0,,
1003180,AEO,"American Eagle Outfitters, Inc.",Consumer Services,Apparel Retailers,screen,3057283700.0,2964329700.0,0.06769071959723916,-0.3573089539691847,2023-10-01,0.13333333333333333,ev_ebitda,60,0,0.12756755275012577,0.07412846426541336,3.9691131158196193,4.577028949853976,-0.13717330042882753,0.04936330575558601,0.09536942610025556,0.0749428337881588,0.3728580734292548,0,0.20923084663107594,0.009041730342004728,12.0,0.12413966029848814,0.11488100414772627,0.508174963035642,-0.054093566511115077,False,1,50.551643192488264,169
1000425,AEP,"American Electric Power Company, Inc.",Utilities,Non-Renewable Electricity,screen,65937716292.25,118398716292.25,0.08729300617738733,-0.1380542668768685,2023-10-01,0.45,ev_ebitda,60,0,0.41673985293551036,-0.18763004246200246,11.459789671933809,10.30032901234652,5.691201200330221,0.06570607864511402,0.10639268218628928,0.09841659797828584,0.02644747288560345,0,-0.0019073111656403574,0.033090743720544324,13.0,-0.1103024595374169,-0.15250018783239525,-0.7039612458772669,0.020147580571223456,False,0,,
1000323,AER,AerCap Holdings N.V.,Industrials,Aerospace & Defense,screen,22735550972.940002,63709659972.94,0.1981995303646722,-0.07301261625278821,2023-10-01,0.6333333333333333,ev_ebitda,60,0,0.7387767446590524,0.296365929249419,10.163707580762434,10.337183733891198,6.106630234725565,-0.0004947846877132456,-0.01487987588650208,0.03323681662706224,0.052142082599829775,0,-0.029924182160235957,0.013131641928484594,7.0,0.023250542358766856,0.01777453718116778,0.08433064959048062,-0.10221499454688521,False,0,8.955399061032864,1062
1000480,AES,AES CORP,Utilities,Independent Power Producers & Energy Traders,screen,10667800000.0,40984800000.0,0.1885651847698877,-0.24066026448079392,2023-10-01,0.3333333333333333,ev_ebitda,60,0,0.3189076914262014,-0.17413347696131223,11.610099783438486,11.233693949099465,9.688743026199347,0.019321351421064392,0.06634786330631481,-0.15419751739777765,0.020094341119942793,0,0.01703140581537821,-0.30648888051563716,1.0,-0.29828501963847553,-0.1764497064705862,-0.9014039151515195,0.0007010165599810048,False,0,,
1005518,AESI,Atlas Energy Solutions Inc,Energy,Oil & Gas Equipment & Services,screen,1460525220.0,2259033220.0,0.05628847845206697,-0.4945957898961102,2023-10-01,0.6,ev_ebitda,60,0,0.2289229673555388,-0.1684582718687949,7.6895984818660565,5.01887993956081,4.531067839842746,0.17129947512545907,0.6713345706606437,0.06609707829359013,-0.1679962362647538,0,-0.16046535905325998,-0.021911028303505553,11.0,-0.20827392761946906,-0.271016385358152,-1.0354401798912982,0.06763682978038377,False,0,,
1004986,AEVA,Aeva Technologies Inc,Technology,Electronic Equipment & Instruments,screen,924172397.14,751758397.14,-0.03172413793103457,-0.6284731410426039,2023-10-01,0.55,ev_sales,60,0,-1.5272691642226954,-1.5622324464279513,-6.74943662304531,-10.2370565113141,,1.65986562036597,,-0.17108399748882297,0.16996118324860476,,,-0.03332898207379975,4.0,-0.12165045683591977,-0.08468261302533449,1.0093829696433374,0.1080004246006403,True,0,,
1000481,AFG,AMERICAN FINANCIAL GROUP INC,Financials,Property & Casualty Insurance,screen,11464230080.000002,11847230080.000002,-0.011572124183108823,-0.06794793157500167,2023-10-01,,,,,,,,,,0.054953946182358715,,0.003595185300898862,,,,0.016280942191814418,,,,,-0.005676524404293892,False,0,,
1000423,AFL,AFLAC Inc.,Financials,Life & Health Insurance,screen,56210162040.0,58819162040.0,0.021637578689770676,-0.132821607887617,2023-10-01,,,,,,,,,,0.015610224587934818,,-0.06301896240620608,,,,-0.0049561192218751104,,,,,-0.05595247528997549,False,0,,
1004969,AFRM,Affirm Holdings Inc,Technology,Payment Processing,screen,24631566091.81,32022501091.81,-0.05268199233716464,-0.24896940768062492,2023-10-01,0.03333333333333333,ev_ebitda,60,0,0.3091736403060181,0.26130216994456923,18.836106525500185,14.225505725857468,5.401076648044657,0.26786731680338804,0.33926719988242193,0.10555074366483508,0.2054003082389615,0,0.0864998615634911,0.047991533458741076,12.0,0.061619294245782656,0.07195859396380756,0.8927803728562997,0.06105361148156874,True,0,54.190140845070424,133
1000111,AGCO,AGCO CORPORATION,Industrials,Agricultural & Farm Machinery,screen,7960872000.0,7934172000.0,0.07803405778491124,-0.18236663755703175,2023-10-01,0.7,ev_ebitda,60,0,0.11572200512609776,0.08094594054800619,6.39496695600684,5.634081690070519,-0.025159339310001343,0.05442899274104129,0.16058248612245318,-0.01265956157075565,-0.08636928228197038,0,-0.07455407947198456,-0.04455789826697398,10.0,0.10075616471942887,0.12099423142096258,0.6465006450581123,-0.024337692546301692,False,1,47.03051643192488,247
1000483,AGIO,AGIOS PHARMACEUTICALS INC,Health Care,Biotechnology,screen,1932198530.08,1326568530.08,-0.17164922770303936,-0.46057754704737186,2023-10-01,0.05,ev_sales,60,0,-0.7849956562235393,-0.7733625137159925,-4.770821946306815,-9.303216545509237,,0.7411450763522633,,0.3432347159003164,-0.30669253766726456,,,0.45513097025322957,7.0,-0.11880233919163137,-0.0794798416159998,0.8255440607060891,0.020292376762511166,False,0,,
1005046,AGL,Agilon Health Inc,Health Care,Long Term and Alternative Care,screen,1416285640.0,1260950640.0,2.090873786407767,-0.8392121212121212,2023-10-01,0.35,ev_sales,60,0,0.020841432698422927,0.02692216536690974,9.645512183935793,5.717259273511253,,0.09265065144719586,0.5905638104338395,-0.11960208882474666,-6.519469491365298,0,0.9608802896273951,0.037133330720082514,11.0,0.11458797541273794,0.13105170278688683,1.2414153340360496,-0.7944699455894502,False,1,,
1000484,AGNC,AGNC Investment Corp.,Financials,Mortgage REITs,screen,10399900000.0,116571900000.0,0.06135557937872416,-0.17829138280843015,2023-10-01,,,,,,,,,,0.15768563299053606,,-0.01488935815139969,,,,-0.04861108615427523,,,,,0.21406164533505634,False,0,,
1003461,AGO,Assured Guaranty Ltd,Financials,Property & Casualty Insurance,screen,3044842000.0,4440842000.0,-0.18523356213103703,-0.2725213333962636,2023-10-01,,,,,,,,,,0.012951208577953732,,0.1317901601672018,,,,0.02123306028148897,,,,,-0.09486609529854306,False,0,,
1000485,AGRO,ADECOAGRO SA,Consumer Goods,Packaged Foods & Meats,screen,1421187349.47,3425366349.4700003,0.3336827129981699,-0.3320158102766798,2023-10-01,0.75,ev_ebitda,60,0,0.29941259918643504,0.16693581379397457,4.9857292658268175,4.924835256864168,3.273807314078931,0.02608612605120575,-0.01959138575171726,0.4792477284127472,0.5517852254850577,0,0.005304557588453607,0.04610720363146692,4.0,0.15992273407497581,0.17106072569695985,0.33081348455927034,0.1795698530304628,False,1,,
1004215,AGYS,Agilysys Inc,Technology,Application Software,screen,2850810200.0,2745544200.0,-0.07762470308788605,-0.315083956540144,2023-10-01,0.14,ev_ebitda,50,0,0.24088674546033612,0.2611133866113462,30.711771722794996,23.69930318649183,-1.3388981294408149,0.16447470999485803,0.30845252646578913,0.025936073046912256,0.1282009094020793,0,0.010155885842114243,0.007814400267525334,6.0,0.035351906485072006,0.044955215574791915,1.1273469003345191,0.028777299145989366,False,0,46.56103286384977,259
1004654,AHCO,AdaptHealth Corp,Health Care,Health Care Distributors,screen,773161600.0,2617806600.0,-0.36983240223463687,-0.5784753363228701,2023-10-01,0.4666666666666667,ev_ebitda,60,0,0.18551528866104655,0.09770541218063039,4.690640075579778,4.226946224785163,3.4559824307960922,0.04044046748586538,0.106085939866011,-0.21049520461107118,-0.29896503019223064,0,-0.2648395075576667,-0.19261832428016612,6.0,0.26345192101640885,0.32751861548552863,0.36497758838889577,0.0027405054211238067,False,1,,
1005612,AHR,"American Healthcare REIT, Inc.",Financials,Health Care REITs,screen,9800797802.33,11067125802.33,0.24511260123101963,-0.10763599053998008,2024-02-07,0.48717948717948717,ev_ebitda,39,0,0.22208790411420878,0.17211504086619542,16.368706903167205,14.242054628175229,2.609387408566635,0.08099988844949402,0.22182940228604364,0.24981803629820987,0.41405394408147345,0,0.20004258433928235,0.07162607092480067,8.0,0.04488132578760446,0.05515776984823452,0.6505888748785407,0.24753646338070867,False,0,,
1004924,AI,C3.ai Inc,Technology,Application Software,screen,1722038890.0,1071125890.0,-0.3662053056516724,-0.7440614811364694,2023-10-01,0.48333333333333334,ev_sales,60,0,-0.5915702439195114,-0.9425723967302501,-8.164824239709603,-9.822835868031541,,-0.013061562229047863,,-0.3385143707846271,-0.17288129677077357,,,-0.01671518118695714,9.0,-0.10757691254710634,-0.12224793564348728,1.4121094348350767,0.08511024601116968,True,0,,
1000427,AIG,"American International Group, Inc.",Financials,Property & Casualty Insurance,screen,40241905000.0,47878905000.0,-0.02911597200374061,-0.12678631973185683,2023-10-01,,,,,,,,,,0.06480631025339623,,0.057984897089571774,,,,-0.016835413881270522,,,,,-0.10231803867884592,False,0,,
1005248,AIP,Arteris Inc,Technology,Systems Software,screen,1135109557.3300002,1016540557.3300002,1.340594059405941,-0.513480139946491,2023-10-01,,ev_ebitda,15,,0.12301171860759245,0.13414222151018168,70.14132914660058,43.96509992216549,,0.24449541972317723,,0.21269390543625444,0.9615635837095877,,,0.04168461276936575,3.0,0.016374622630164162,0.03576190061404961,1.2825029156849765,0.102674155817438,False,0,,
1000234,AIR,AAR CORP,Industrials,Aerospace & Defense,screen,3986010000.0,4752510000.0,0.1315936210549793,-0.33986077678745696,2023-10-01,0.4666666666666667,ev_ebitda,60,0,0.12890309604400127,0.07090152960671149,10.04104685953567,9.02496497164047,1.8016930395317687,0.08887230731488582,0.14580951980578605,0.13342753775808447,0.16890720409521176,0,0.028653802363461267,0.013194859526794112,4.0,0.04874496296736383,0.058214635443302395,0.41051032346877653,0.04151128784659086,False,0,33.016431924882625,723
1003076,AIT,Applied Industrial Technologies,Industrials,Industrial Distribution,screen,12696240510.0,12831410510.0,0.2814656787803944,-0.08194502003039084,2023-10-01,0.85,ev_ebitda,60,0,0.12690033092533587,0.11243294338956157,19.236936386998416,17.788508992589986,0.21434856559767662,0.059439280659407956,0.08023271926759756,0.029151536985860593,0.023758826121759613,0,0.015697204962466182,0.013162384641150826,5.0,0.04567747784573529,0.049276307611248044,0.8694382967346469,-0.017993090467477546,False,0,31.13849765258216,807
1000487,AIZ,ASSURANT INC,Financials,Multi-line Insurance,screen,13267116195.84,13776516195.84,0.23420960156502746,-0.12353924071399458,2023-10-01,,ev_ebitda,14,,0.11769483336261413,0.11769483336261415,7.951014749747639,7.4753040622025635,0.30883005889731246,0.060879046448756524,0.04517635831535749,0.05456597273308561,0.03519402957057349,,,0.002204316632610004,6.0,0.13388081405027707,0.1456469218439163,1.0251278425988284,-0.02184136271423931,False,1,,
1000488,AJG,ARTHUR J GALLAGHER & CO,Financials,Insurance Brokers,screen,59968356700.0,72688356700.0,-0.2548792605763134,-0.33728235274461105,2023-10-01,0.1,ev_ebitda,60,0,0.3327310891371831,0.30165895828032446,12.086565936110297,10.752105155822251,2.4685101850819806,0.08978154079822187,0.1217601838950948,-0.046994044992190065,-0.06634800697341525,0,-0.008437270241610673,-0.010863893191419227,15.0,0.09136492083600646,0.10234656290417106,0.9110447406085749,0.07365378417968871,False,1,,
1000140,AKAM,"Akamai Technologies, Inc.",Technology,Internet Services and Infrastructure,screen,15861247690.000002,20068688690.0,0.40377507919746547,-0.3400148938810972,2023-10-01,0.5833333333333334,ev_ebitda,60,0,0.3969124923307411,-0.14500153681414316,9.800262460957555,7.981369360406471,2.379662691970271,0.16485738228157443,0.196303620345319,0.10442673745020015,0.029074852990496503,0,0.002205191355620695,0.03754002489803887,17.0,-0.04405002191498227,0.03714400340074507,-0.34119462940198547,-0.011010316721072555,True,0,,
1000489,AKR,ACADIA REALTY TRUST,Financials,Retail REITs,screen,2496150305.2,4100208305.2,-0.031875516126735115,-0.2309576650074321,2023-10-01,0.016666666666666666,ev_ebitda,60,0,0.7189487209062213,0.09579343821525743,14.03907449038893,12.382572359645902,6.459004102546491,0.08760127347043944,0.1344127524803218,-0.02785631369191044,0.044885840501839525,0,0.04623654202558147,0.02402284518373965,5.0,-0.008787667837188241,0.05906876960249444,-0.07510639602991522,0.12445599198922008,False,0,,
1005666,ALAB,"Astera Labs, Inc.",Technology,ICs Semiconductors,screen,65346042800.0,64093084800.0,0.8180286006128703,-0.26303258664237494,2024-03-20,0.4423076923076923,ev_ebitda,52,0,0.4499898290434049,0.38215880939866975,45.70849548863745,34.52284387437002,-1.7909522975383705,0.46091294675973793,0.5058330299356959,1.107011112352903,1.5101601177375086,0,0.5184051167486066,0.4006501311854773,9.0,0.019127778848284135,0.02603316421082047,0.8913937540327262,0.04522114018459367,True,0,72.17136150234742,43
1000402,ALB,ALBEMARLE CORP,Materials,Lithium,screen,14306346360.0,14551442360.0,0.3195962009895197,-0.5065054183310364,2023-10-01,0.03333333333333333,ev_ebitda,60,1,0.4234195302988504,0.3061062835781249,5.567054732355323,5.404791180265566,0.10425884899536159,0.01631317854772929,-0.013574640486862521,0.007651743246741338,0.5778065310876725,0,-0.13078971397812067,-0.083953385956267,14.0,0.12447538862578347,0.12087105477865233,0.6812894657014997,0.0707547692294137,False,2,41.39671361502347,406
1004919,ALGM,Allegro Microsystems Inc.,Technology,ICs Semiconductors,screen,6831074819.18,6947760819.18,0.24486301369863028,-0.47787991956334386,2023-10-01,0.36666666666666664,ev_ebitda,60,0,0.2548874670565645,0.15357206356050793,24.853332065187622,18.12335535412688,0.5180089176806534,0.1998840581996617,0.5013885559582385,0.07919115856170866,-0.009716255168674581,0,0.04286608191254482,0.03193558760901838,9.0,0.022895119332782585,0.03884294943058153,0.5594634470496945,-0.02211811274002684,False,0,38.69718309859155,496
1000275,ALGN,ALIGN TECHNOLOGY INC,Health Care,Health Care Equipment,screen,10395074400.0,9379101400.0,0.16075706756109254,-0.559878879636639,2023-10-01,0.016666666666666666,ev_ebitda,60,1,0.27202428046578314,0.21739496036914768,7.958524445912075,7.254580920960787,-0.9659587057415275,0.046419632594334015,0.08537105795978439,0.0029625906314694195,0.020404118688124084,0,-0.01092093290231333,-0.008754870710802165,12.0,0.0924163901751263,0.10276205579607069,0.8151695081192107,-0.02578737475677495,False,2,49.401408450704224,190
1000490,ALGT,ALLEGIANT TRAVEL CO,Industrials,Airlines,screen,1733693499.9999998,3423560500.0,0.24716142833635013,-0.36396441758979514,2023-10-01,0.2,ev_ebitda,60,0,0.19778763098969132,0.036434388548733626,3.9038357483062014,3.272605557782783,2.9159304157947092,0.12509774719886813,0.321022269666847,0.4948966021149064,0.4460886180518646,0,-0.04791591650386895,0.021777164812760264,8.0,0.005342555765720556,0.15027902062360476,0.010561726441427952,0.1566250547582051,False,0,,
1005919,ALH,Alliance Laundry Holdings Inc.,Industrials,Industrial Machinery and Equipment,screen,4321451420.0,6044287420.0,-0.14182111200644643,,2025-10-09,,ev_ebitda,19,,0.26303827033751903,0.2189106496604191,11.884563793318417,11.065720267841835,3.696164503529888,0.06094418422074743,0.071267537037496,0.014823157946255439,0.017580564686041633,,,,6.0,0.08095637261149588,0.09033375059063789,0.6878897118142411,0.08202137036039048,False,1,23.016431924882628,1037
1005024,ALHC,Alignment Healthcare Inc,Financials,Life & Health Insurance,screen,1664289498.42,1301336498.42,-0.532378223495702,-0.6677524429967426,2023-10-01,0.0,ev_ebitda,42,1,0.03304582054908154,0.03409963643561543,6.0577824576008314,4.404086678399072,-2.5664116648148028,0.24480218536281972,0.39481743836863936,0.03317173924263872,-0.022306527858019454,0,-0.04068839121959378,0.000891953460363748,10.0,0.12329684779500623,0.17376889410698934,0.955223303835552,0.05735769288019532,True,2,,
1000278,ALK,"ALASKA AIR GROUP, INC.",Industrials,Airlines,screen,4388405230.0,9092405230.0,-0.22257934913619926,-0.49477806788511747,2023-10-01,0.7833333333333333,ev_ebitda,60,0,0.09556826861444022,0.0329046949839416,5.5429982761414545,3.9347243787961808,6.124882800697493,0.07192556427583807,1.00170287034471,0.05477116874148091,-0.27913055187680835,0,-0.18007354304283751,0.017614830447378882,12.0,0.07950903274579561,0.21764684334508683,0.21271061073485942,-0.061651027232708766,False,0,,
1000397,ALKS,Alkermes plc.,Health Care,Pharmaceuticals,screen,7032798120.0,7879332120.0,0.3506666666666667,-0.2662078956899673,2023-10-01,0.559322033898305,ev_ebitda,59,0,0.16656842264096378,0.14637268407254808,24.245789676177974,18.318807162466786,4.619509661341825,0.0699337333190535,0.9608311692928684,0.39964190955857193,0.5630682170328067,0,-0.035405442434799594,0.027673702850831594,12.0,0.0318725883698404,0.049328467988348404,0.689751115702896,0.008289651768665252,False,0,,
1005044,ALKT,Alkami Technology Inc,Technology,Application Software,screen,1525797122.5705197,1782046122.5705197,-0.44887278582930756,-0.6757460918995737,2023-10-01,0.0,ev_ebitda,52,1,0.21672839558636073,0.1588505127740072,13.263042408969218,10.130783505508479,2.9075559326334175,0.16276750878525914,0.3412795564237987,-0.09745272849958042,-0.11969124025702726,0,-0.00014353635656816355,-0.003023777015180751,4.0,0.060911091076300175,0.08271103845408062,0.6916993834795325,0.029216705892471273,False,1,,
1000424,ALL,Allstate Corp.,Financials,Property & Casualty Insurance,screen,58144631000.0,64796631000.0,0.053585094659156285,-0.19020265357344124,2023-10-01,,,,,,,,,,0.0391545064665757,,-0.04133540679249181,,,,0.08384124122616576,,,,,-0.018307953258815512,False,0,,
1001839,ALLE,Allegion PLC,Industrials,Building Products,screen,13272380000.000002,14982880000.000002,-0.12023186077388437,-0.134789581920712,2023-10-01,0.2833333333333333,ev_ebitda,60,0,0.2541429003106261,0.2247949935189243,12.753010247947671,12.054317465350861,1.5865596571529865,0.044981597233063386,0.062377081034068915,0.04763127788840782,0.0480182752009346,0,0.016353516659923795,0.012657228831358003,6.0,0.07079553574631064,0.07642386285947886,0.7997828506454362,-0.00996712764245744,False,0,29.471830985915492,871
1000491,ALLY,ALLY FINANCIAL INC,Financials,Consumer Finance,screen,11710467750.0,26839467750.0,-0.012553265549445691,-0.19827786233494493,2023-10-01,,,,,,,,,,0.0430805782695447,,0.012175918524607088,,,,0.006051054933241318,,,,,-0.0018303137975099748,False,0,,
1006796,ALMR,"Alamar Biosciences, Inc.",Health Care,Life Sciences Tools & Services,screen,1904267685.3,1664162685.3,0.5486363636363636,,2026-04-17,,ev_sales,16,,-0.2951184745440513,-0.433603153740419,-34.06063379583415,-47.582768986082584,,0.3770717866472848,,0.016519535740002533,-0.00452785775421094,,,,4.0,-0.034098059059890044,-0.029265246250072357,1.3289682378731318,1.1156299345881053,True,0,,
1005745,ALMS,"Alumis, Inc.",Health Care,Biotechnology,screen,920646731.34,454780731.34000003,0.8521303258145361,,2024-06-28,,ev_sales,26,,-14.489121684166175,-15.134097269900085,-1.102664576385356,-1.5703764029992036,,3.644989548746076,,0.4941175686438086,0.034795656316654044,,,-0.1053567504674171,6.0,-0.45386810762818647,-0.3344621206117972,1.0131273733649109,1.1583906895344347,False,0,,
1000492,ALNY,ALNYLAM PHARMACEUTICALS INC,Health Care,Biotechnology,screen,31967801580.0,29670635580.0,-0.45890350877192976,-0.4976996050649404,2023-10-01,0.13157894736842105,ev_ebitda,38,0,0.2796949533786153,0.25411468530587483,15.381564917147259,12.336262959903145,-1.771608025844384,0.2241624884776965,0.29844726291675605,0.03907189733365035,-0.1280884153714651,0,-0.0790836044360792,-0.05001690935935699,14.0,0.052568103089758574,0.07051588546612995,0.8711817119562736,0.03932702946578437,False,0,49.33098591549296,191
1006668,ALOT,AstroNova Inc,Technology,Technology Distributors,screen,227237535.0,,,,,,,,,,,,,,,,,,,,,,,,,,False,0,,
1000493,ALRM,ALARM.COM HOLDINGS INC,Technology,Application Software,screen,3068018399.16,3079694399.16,0.026186887716654228,-0.2803540758356454,2023-10-01,0.3333333333333333,ev_ebitda,60,0,0.20881653632920702,0.18551914024483596,12.985435202024009,12.08463430210509,0.05355257761630567,0.05343852239977598,0.0713689349463531,0.055847150362362985,0.022722732411863067,0,0.01896678284399078,0.018329386080620624,4.0,0.07054759601460589,0.07974619553560854,0.9126180734979931,-0.014912529118228712,False,0,,
1000281,ALSN,Allison Transmission Holdings Inc,Industrials,Industrial Machinery and Equipment,screen,9767520000.0,13482520000.0,0.34849557446925883,-0.1632570835957231,2023-10-01,0.55,ev_ebitda,60,0,0.26595479420645957,0.22014842315120067,8.173320745071418,7.522281898906451,2.5779964181144006,0.041657471042853444,0.07730519643469069,0.8932037662063734,0.315923900938226,0,0.013952622643623513,0.020605562396083243,7.0,0.12042625528771327,0.13680824922779214,0.7130713050029492,-0.026168669438950465,False,1,35.29342723004695,632
1005392,ALVO,Alvotech,Health Care,Pharmaceuticals,screen,1776829111.7935665,2940088111.7935667,-0.2918192918192918,-0.664157498552403,2023-10-01,0.5555555555555556,ev_ebitda,45,0,0.34307952418232285,0.26637155659462003,10.723351829601658,7.8229802168180465,6.693162389541549,0.19987645523802233,0.42163416753052596,-0.44518104562396377,-0.5392496907394739,0,0.004801083284480923,0.12306235013638167,4.0,0.06706097767980962,0.12965541470975073,0.43459602633671407,0.04877713842846565,False,0,35.03521126760563,645
1003544,AM,Antero Midstream Corporation,Energy,Oil & Gas Storage & Transportation,screen,9666309380.0,13232488380.0,0.08500431538779929,-0.12785662921971075,2023-10-01,0.5833333333333334,ev_ebitda,60,0,0.9065652775543421,0.7127038618869624,9.998497795790854,9.411270923354218,2.992178470981392,0.07816565070425274,0.07612550053101264,0.1806694655199692,0.13672962514613207,0,0.003498033239478726,0.052422745070184185,7.0,0.08821700245708299,0.09784479902104387,0.644326838577948,-0.010647080469383119,False,1,27.335680751173708,946
1004264,AMAL,Amalgamated Financial Corp.,Financials,Diversified and Regional banks,screen,1444241760.0,,0.7821438510368672,-0.06871574001566172,2023-10-01,,,,,,,,,,,,0.07855786324823111,,,,,,,,,-0.013344751056949211,False,0,,
1000090,AMAT,"Applied Materials, Inc.",Technology,Semiconductor Equipment,screen,423439999999.99994,420750999999.99994,1.5115193980293196,-0.2919407590871901,2023-10-01,0.7666666666666667,ev_ebitda,60,0,0.3766650509264632,0.2878836018144737,23.906835710688945,19.079359691200978,-0.23079731094951347,0.2745500301691979,0.3619642039920441,0.4905615973559043,0.761261027996762,0,0.1225834788034299,0.09211251900833228,19.0,0.03177577740651376,0.041942408323956494,0.7645132307071034,-0.021043819099292205,False,0,42.875586854460096,353
1000494,AMBA,AMBARELLA INC,Technology,ICs Semiconductors,screen,3129405132.7,2597383132.7,-0.1576587493940862,-0.27222280389488007,2023-10-01,0.21428571428571427,ev_ebitda,42,0,0.1234407956719736,-0.04465141297659363,47.766874241746834,37.11106119928182,-10.318074570386331,0.1233611799239771,0.23407196364913463,0.07667069786964231,0.3020646248486032,0,-0.008538785143058059,-0.002230990828719581,6.0,-0.003879925440365745,0.008041551620604867,-0.22329344674338536,0.0427555708345122,True,0,60.316901408450704,98
1005196,AMBP,Ardagh Metal Packaging S.A.,Materials,"Metal, Glass and Plastic Containers",screen,2623903000.0,6778903000.0,0.1989255579228424,-0.17342972633888487,2023-10-01,0.35,ev_ebitda,60,0,0.1294168315378572,0.08442838197712514,8.284559843692614,7.884946235502087,5.364091484238752,0.030975571769579435,0.045571825355960494,0.11395068417677012,0.03766562442813948,0,0.01659462994059746,0.03428608307555825,8.0,0.11312239323606843,0.14729832472088958,0.3627491307908856,2.0914157841334102e-05,False,1,36.37323943661972,574
1005856,AMBQ,"Ambiq Micro, Inc.",Technology,ICs Semiconductors,screen,1503523540.3500001,1141332540.3500001,1.2784090909090908,,2025-07-30,,ev_sales,22,,-0.06157531184182317,-0.15758087571499818,-104.47098650539255,116.08821591518011,,0.3176690743406376,,0.6683085571514225,-0.25290158263035645,,,0.16246026354583165,3.0,-0.010105878734914866,0.0024732295059294498,1.3908100202495333,6.788692992568047,False,0,,
1000422,AMC,"AMC Entertainment Holdings, Inc.",Consumer Services,Out-of-Home Entertainment,screen,2166045000.0,5239245000.0,0.034482758620689724,-0.7272727272727273,2023-10-01,0.23333333333333334,ev_ebitda,60,0,0.13273670143184965,0.09973923478654473,6.817538278631317,6.043185463741217,4.788966877453139,0.04334368477462891,0.09266238401591953,0.03235865209516042,0.044734793881101576,1,0.1080104406181408,0.013424608573210373,6.0,0.05123464335788742,0.09944054532034996,0.14440760652049278,0.4870290176459766,False,1,25.97417840375587,985
1000146,AMD,"ADVANCED MICRO DEVICES, INC.",Technology,ICs Semiconductors,screen,1021497791001.7131,1010737791001.7131,2.781197849063601,-0.029922458493887083,2023-10-01,0.8333333333333334,ev_ebitda,60,0,0.35666046727249745,0.23804131781283325,31.42777074782556,22.013527400617004,-0.780111948142974,0.5583900933529238,0.718629445130651,0.9180180598512695,1.2706155450703172,0,0.23819586307208085,0.1866426098533902,25.0,0.02095233773945081,0.03538602160327625,0.6654952963515893,0.006059612410782789,False,0,45.73943661971831,276
1000495,AME,AMETEK INC,Technology,Electronic Equipment & Instruments,screen,57254581950.0,58795309950.0,0.3257727934353456,-0.04034111827010334,2023-10-01,0.6,ev_ebitda,60,0,0.3207972275272333,0.29558292370422534,18.475189559226862,16.90071000246751,0.5877665792551873,0.10934572617869964,0.13329539284184522,0.20316401869488088,0.18232859678338698,0,0.1363302406073259,0.15396240939092243,7.0,0.055909074518474385,0.062379450861135666,1.0058628539240746,-0.004751935955113695,False,0,35.17605633802817,638
1000532,AMG,AFFILIATED MANAGERS GROUP,Financials,Asset Management & Custody Banks,screen,9931065000.0,12524065000.0,0.5336093746876489,-0.04642457448126036,2023-10-01,0.7,ev_ebitda,60,0,0.5720855052652021,0.5720855052652021,8.19500471795225,7.522160770219597,1.986131992438205,0.08647211273728117,0.09779671295099135,0.12885977800941717,0.24651931584493525,0,0.08574809207109757,0.037153965308428516,6.0,0.22559825948128773,0.2609565984510053,1.466005042410414,-0.0998469683623443,False,1,,
1000071,AMGN,AMGEN INC.,Health Care,Biotechnology,screen,221554880000.0,213010880000.0,0.5350894963046284,-0.05090966405476005,2023-10-01,0.8666666666666667,ev_ebitda,60,0,0.5016397279167092,0.43362658762075257,10.503677940937974,10.163087311059744,-0.4268236603209648,0.03471099111564424,0.03492623226468594,0.10274100001063524,0.07683146129791196,0,0.024625952944440366,0.03837461105199114,20.0,0.0708987042343938,0.07391493146819134,0.7745674257070927,0.000799887002299382,False,0,39.14319248826291,481
1000533,AMH,AMERICAN HOMES 4 RENT,Financials,Residential REITs,screen,11015474987.130001,15887892987.130001,-0.04706312494170739,-0.2122020079798288,2023-10-01,0.03333333333333333,ev_ebitda,60,0,0.5817379758885507,0.4665031052903443,13.93169599648248,14.004542291760885,4.340825257958465,0.03396388567599984,0.017525143176844615,-0.033173221609852366,-0.026963423179712342,0,-0.008409432475957046,-0.0027663285771474255,6.0,0.06421284543568391,0.07150913230397417,0.6202443643495603,-0.010291764352759802,False,0,,
1000534,AMKR,AMKOR TECHNOLOGY INC,Technology,Other Semiconductors,screen,13223836200.0,14157677200.0,0.8571480612432965,-0.43906103243070427,2023-10-01,0.7833333333333333,ev_ebitda,60,0,0.2029126210904528,-0.025493484154595562,8.119923504851283,7.127760159287131,0.6462492810024598,0.11482269734004058,0.1296586516819207,0.09176035370052316,0.23869457550752404,0,0.11565273359620121,0.008106252685726067,7.0,-0.021841099767542525,0.008668298954942602,-0.16565017371304575,0.00391389724776281,False,0,,
1005303,AMLX,Amylyx Pharmaceuticals Inc,Health Care,Biotechnology,screen,3122408474.64,2876903474.64,1.1412803532008833,-0.2662632375189107,2023-10-01,0.813953488372093,ev_sales,43,0,-6.141314503776694,0.0,-15.981003640553265,-41.40097064316456,,,,-0.3998311221309292,0.16781215921665416,,,-0.41692042962357523,6.0,0.004649305833571564,0.0067163946520387464,-0.08064112760935388,0.32389459992012415,True,0,,
1000486,AMN,AMN HEALTHCARE SERVICES INC,Industrials,Human resource training and employment services,screen,1424789520.0,1805888520.0,0.852789256198347,-0.5894941634241245,2023-10-01,0.6833333333333333,ev_ebitda,60,0,0.06663834671271973,0.057428614143145484,10.229017704047006,9.30314731467986,1.254332359051292,-0.0946592426283609,-0.22936088297542623,0.0024839325820658065,-0.19941370700503824,0,-0.041886391876228224,0.018777968065861073,8.0,0.12789670890216978,0.136712167349998,1.0321743780286705,0.01919323167008713,False,1,34.917840375586856,648
1000428,AMP,"Ameriprise Financial, Inc.",Financials,Asset Management & Custody Banks,screen,45958559000.0,39846559000.0,0.015545519391214402,-0.13725730707226458,2023-10-01,,,,,,,,,,0.05447399609124992,,0.0739842695158075,,,,0.04870960322179396,,,,,-0.05310256196843788,False,0,,
1006824,AMPH,AMPHASTAR PHARMACEUTICALS INC,Health Care,Pharmaceuticals,screen,1121103750.0,1440832750.0,-0.031519699812382784,,2025-08-27,,ev_ebitda,5,,0.2662107124878735,0.20359354841093835,6.927309906310148,6.656663420991854,1.4732536950912885,0.037993726565264785,0.03129219514635939,-0.031732904708862586,-0.27053807219185566,0,-0.02640262804736715,0.00779805488906371,4.0,0.13780625304780514,0.14914984353953362,0.7427895331017422,-0.06389572028185497,False,1,34.82394366197183,651
1006458,AMPL,Amplitude Inc,Technology,Application Software,screen,1850134000.0,1715130000.0,0.29197761194029836,-0.04085872576177285,2023-10-01,0.35,ev_ebitda,60,0,0.07266450464605992,0.10012169958217067,49.7800645711419,36.15598184051268,-7.683231961080632,0.16353027358767647,0.5465749066239507,0.08765068062867987,0.19154529063074044,0,0.2536187195614463,0.028405149499126425,11.0,0.029882740801096572,0.043020395476118335,1.6046562954208166,0.023612650784385014,True,0,,
1005461,AMPX,"Amprius Technologies, Inc.",Industrials,Electrical Components and Equipments,screen,1378738887.07,1310598887.07,-0.07984790874524716,-0.5774770842426888,2023-10-01,,ev_ebitda,18,,0.09493881804759283,0.01873900629387772,65.47729836646634,22.484779221162576,-9128.298902233702,0.5949142244599679,4.716365443412432,0.14124119528395207,0.7326091489691098,0,-0.1057110648902726,0.0284104152163418,9.0,0.005715892426310142,0.029103169893230054,0.3937195941053253,0.17907943450110708,False,0,,
1006665,AMR,Alpha Metallurgical Resources Inc,Energy,Coal & Consumable Fuels,screen,2165020741.12,1837939741.12,0.02516911451032966,,2025-08-27,,ev_ebitda,3,,0.15299820046870063,0.10055626415543378,4.726300658918255,4.7893863845815,-2.566317829079729,0.0991918950364159,0.7227254164672614,0.0,0.0,,,,3.0,0.1223696539027291,0.09634957785234514,0.6812803610996201,-0.0164723085592835,False,1,,
1003215,AMRC,Ameresco Inc,Industrials,Construction & Engineering,screen,1130535000.0,2951037000.0,-0.38326384752829057,-0.5209345362017117,2023-10-01,0.08333333333333333,ev_ebitda,60,1,0.13532091299391735,-0.10110688335199423,9.458763590380956,7.490662382616818,7.062819042624831,0.1306227162307565,0.22022960344567588,0.0024192039533055265,-0.0489211611094732,0,-0.013368037460415594,0.0034398110195925646,8.0,-0.2943264155861158,-0.2050002464121083,-1.0665297392105724,0.006524875297812649,True,1,,
1000741,AMRX,Amneal Pharmaceuticals Inc,Health Care,Pharmaceuticals,screen,6585007140.0,9027666140.0,1.011988011988012,-0.017560975609756113,2023-10-01,0.9666666666666667,ev_ebitda,60,0,0.26651290465882527,0.20276382059192263,9.879249982968336,8.721184556504728,3.1474802590338924,0.09847336572700027,0.13384514442070983,0.004039381023835054,0.13975403660126573,0,0.03556322121067512,0.0328913090973344,4.0,0.07586397279818802,0.1066798886193806,0.5466889770286332,0.026837164781631007,True,0,58.15727699530517,107
1003214,AMSC,American Superconductor Corporation,Industrials,Heavy Electrical Equipment,screen,1390158000.0,1250348000.0,-0.5098501431217377,-0.5634373125374925,2023-10-01,,ev_ebitda,19,,0.09197176655355976,0.02892899512727271,36.86507863522449,26.650111771627227,-5.288635452925205,0.18768122955935662,0.5784442332545825,-0.007531722855878442,-0.06300255070322758,,,,4.0,0.010460885576129666,0.01931540205644061,0.42876258029294695,0.21325454395708854,False,0,,
1000163,AMT,AMERICAN TOWER CORPORATION,Financials,Specialized REITs,screen,75096640900.0,110393640900.0,-0.11423774815519594,-0.27700843097977046,2023-10-01,0.0,ev_ebitda,60,0,0.6603161829238955,0.5073622699922843,14.661748946094482,13.675215243604228,4.8772928920268255,0.04854050625845652,0.05356596602132191,-0.0063911181862460476,-0.029362682801509332,0,0.0065379737720787645,0.01187656215978894,18.0,0.057747544106813355,0.06320744379787681,0.5759645478157088,-0.0019214540143190906,False,0,,
1006417,AMTB,Amerant Bancorp Inc.,Financials,Diversified and Regional banks,screen,1160001356.8799999,,0.5120502484508822,-0.059559512640564805,2023-10-01,,,,,,,,,,0.06389421711608434,,-0.09186343278928943,,,,,,,,,0.05070226090593977,False,0,,
1005769,AMTM,"Amentum Holdings, Inc.",Industrials,Research & Consulting Services,screen,4527600000.0,7893600000.0,-0.2434237995824634,,2024-09-24,,ev_ebitda,29,,0.08303305305435241,0.07151180891491571,6.808619751471656,6.387671187769791,2.982490895981923,0.023278174497734616,0.04644173625340153,-0.05011041182017428,-0.02868923392452949,0,-0.036772077886714105,-0.047953970800286294,8.0,0.16386510261771556,0.18906510705836585,0.6399388708547632,0.003722611021079958,False,1,35.575117370892016,614
1000076,AMZN,"AMAZON.COM, INC.",Consumer Services,Broadline Retail,screen,2706451690000.0,2712357690000.0,0.1347178576308239,-0.12277304415182022,2023-10-01,0.016666666666666666,ev_ebitda,60,0,0.2874322749084819,-0.006361091752602655,9.939285504884458,7.813121789361769,0.02917091395863428,0.14399188412558983,0.2757587852883485,0.09460868088842456,0.18573207453625584,0,0.048077446573127514,0.017963752611908967,46.0,-0.0023752930907726174,0.017684737916541734,-0.023557309590296407,0.009213136119793797,False,0,,
1000074,AN,"AutoNation, Inc.",Consumer Services,Automotive Retailers,screen,5576662000.0,16426762000.0,-0.2803400831923939,-0.31541873206365767,2023-10-01,0.5333333333333333,ev_ebitda,60,0,0.057750373157979706,0.026812201761253106,9.926828808465714,9.418646897355378,6.878428979995068,0.029835506157560587,0.05632551271415509,0.0007499822709953197,-0.03045453154580946,0,0.00462625540327033,0.001039836644787906,9.0,0.10551177981805178,0.12245824498192451,0.35557714557620723,-0.09253934151363197,False,1,35.316901408450704,629
1003396,ANAB,AnaptysBio Inc,Health Care,Biotechnology,screen,1439861355.0,1288813355.0,1.4624810217130118,-0.2800458387050566,2023-10-01,,ev_ebitda,12,,,0.0,,,,0.5252142995697335,,0.3959948235904638,-2.851161486813857,0,0.0,0.1894505277667775,,-0.03125300907878037,-0.03125300907878037,,0.09916336432432304,False,0,,
1003705,ANDE,Andersons Inc,Consumer Goods,Agricultural Products,screen,2244473280.0,3078689280.0,0.6742714965867525,-0.18758501298380115,2023-10-01,0.4,ev_ebitda,60,0,0.038140536459029664,0.028069088798662552,6.781322930733083,,1.9925153547069339,,,-0.007390046351025137,0.11315587194322774,,,,3.0,0.1259454948625299,0.0006541091564380359,0.6226523671508158,-0.0016864442875186292,False,1,,
1006875,ANDG,Andersen Group Inc.,Industrials,Research & Consulting Services,screen,6602914356.080003,6726447356.080003,1.3148936170212764,,2025-12-17,,ev_ebitda,5,,0.25289069621302,0.24275975757000262,22.6662530400477,19.726194722780733,0.5074698470505101,0.14488308814387807,0.16997826703546481,0.11372604063077896,0.17865532611049773,,,,7.0,0.04162361618139698,0.048891677822608254,0.9261246798703856,0.010168082906798714,False,0,34.190140845070424,675
1000328,ANET,Arista Networks Inc,Telecommunications,Communication Equipment,screen,260929240000.0,247585940000.0,0.3972273694324342,-0.03282660332541565,2023-10-01,0.7,ev_ebitda,60,0,0.4959706532279556,0.4278309061168029,31.03674811586093,25.324410621746782,-2.3043558842866583,0.24965898430160816,0.25079271271781356,0.2871944195023519,0.36468060858223916,0,0.18160298877916503,0.12994795035558204,19.0,0.028522210572255402,0.03796344571127938,0.9329452645043247,-0.0020662680762147945,False,0,44.73004694835681,306
1001289,ANF,ABERCROMBIE & FITCH CO.,Consumer Services,Apparel Retailers,screen,6006794360.000001,6656235360.000001,0.5744009351256576,-0.2997296454195696,2023-10-01,0.75,ev_ebitda,60,0,0.17319288594157659,0.13213087466108775,6.950064918241714,7.199419004805402,0.7135025620068945,0.046239893535355625,0.06470590754371375,0.006301841852457191,0.08583458941167388,1,0.14207502603359545,0.01257382666206075,10.0,0.12520988899677085,0.11679660760992583,0.7853108289434724,-0.04114933066890003,False,2,44.424882629107984,318
1001855,ANG,Anglogold Ashanti Plc,Materials,Gold and Silver,screen,47836156023.3191,46625156023.3191,0.3978061469196075,-0.2413728353091833,2023-10-01,0.7,ev_ebitda,60,0,0.6545589728209981,0.5039049808188812,5.355069726110785,5.904391913237475,-0.16568403379684354,0.0058895461740029464,-0.006701736385258061,0.3979276800439895,0.4267553106980775,0,-0.010001444584958774,0.0007182229904496573,7.0,0.1416154554081717,0.13749002940292424,0.7780576172965621,0.08339505560538352,False,1,41.34976525821596,410
1003201,ANIP,ANI Pharmaceuticals,Health Care,Pharmaceuticals,screen,1574111999.9999998,1824392999.9999998,-0.2068777292576418,-0.2647505313227406,2023-10-01,0.0,ev_ebitda,60,0,0.29242734275047755,0.2656829325169931,5.095219043101481,4.5513184755501745,0.8383188316605577,0.09496698608928433,0.11679721142191113,0.22685860672453084,0.1949522420835328,0,-0.07208752097807924,-0.017643995790880163,6.0,0.19609677197551997,0.23450262963062507,0.8620858884412705,0.05034175639420879,False,1,49.98826291079812,179
1006870,ANL,Adlai Nortye Group Ltd.,Health Care,Biotechnology,screen,836540800.0,721569800.0,7.895313281814644,,2025-08-27,,ev_sales,5,,-5.719076388631218,-5.852988844847828,-15.687618456706124,-12.81886835540596,,-0.07462502603862453,,39.212904,-0.3585352736358912,,,,5.0,-0.058061416776707904,-0.06902174085521688,1.0559744887470806,0.3441793574702998,False,0,,
1006470,ANRO,"Alto Neuroscience, Inc.",Health Care,Biotechnology,screen,1083597030.0,856051030.0,5.350746268656717,-0.30322052401746724,2024-02-02,,,,,,,-6.080847285415887,-3.402071844054531,,,,-0.20000000000000007,0.23147643078460622,,,,9.0,0.009033517488408298,0.013580762982934173,-0.06953270713266725,0.30976268327820455,True,0,,
1000430,AON,Aon plc,Financials,Insurance Brokers,screen,59025705000.0,73660705000.0,-0.21662050375365638,-0.31624452037919304,2023-10-01,0.0,ev_ebitda,60,0,0.3428650550168647,0.322949457432102,10.175882600549537,9.182833832993236,2.4434484632705367,0.12386858714879567,0.149693457552734,0.08871846729087007,0.07735967161328583,0,0.09002348572626251,0.10225438974440637,15.0,0.09004878705002738,0.1015535281048362,0.7342691247947956,0.003302021904117103,False,1,,
1003451,AORT,"Artivion, Inc",Health Care,Health Care Equipment,screen,1088122740.0,1374229740.0,-0.4610297590930562,-0.5208901952550913,2023-10-01,0.06666666666666667,ev_ebitda,60,1,0.21146979602350857,0.1293497815040348,11.919672877647233,9.845462796877797,3.047786095802979,0.10931289680556189,0.21026831828434722,0.008098319081346617,-0.07970136528629101,0,-0.008256145495121103,0.009234135055376402,5.0,0.04207185811825183,0.07319561413007201,0.3970768550682512,0.0739039829250765,False,1,,
1000535,AOS,AO SMITH CORP,Industrials,Industrial Machinery and Equipment,screen,7812696210.0,8268896210.0,-0.21500065668052126,-0.3626382055033759,2023-10-01,0.016666666666666666,ev_ebitda,60,0,0.20960577308454037,0.1863303473617067,9.727806817116358,9.241630934594138,0.564153550959405,0.04143475460939228,0.0528540041353569,-0.035065469907944014,-0.05210269752843544,0,-0.01133374323345282,-0.006321346300976138,8.0,0.09226625416315251,0.1085649135024582,0.8480300144330152,-0.03350082481584915,False,1,36.960093896713616,561
1001013,APA,APA corporation,Energy,Oil & Gas Exploration & Production,screen,15342360000.000002,18641360000.0,0.7705434074071282,-0.12381354144695211,2023-10-01,0.8666666666666667,ev_ebitda,60,0,0.6454656932747787,0.32105339187949583,3.586598115087741,3.7232467337825774,0.5459537444734889,-0.07001865594553358,-0.10905660909135473,0.04209527168107852,0.08143558103391513,0,-0.03870848556186868,-0.010942852914773815,19.0,0.1561916074064237,0.14064154691807992,0.46105738813841723,-0.006036589677665516,False,1,40.64553990610329,431
1000431,APAM,"Artisan Partners Asset Management, Inc.",Financials,Asset Management & Custody Banks,screen,2957540000.0,2812251000.0,-0.08277209207600855,-0.17584216869098102,2023-10-01,0.06666666666666667,ev_ebitda,60,0,0.3514780545957524,0.35147805459575243,6.17925436694033,5.942918878751131,-0.3310344880468847,0.03864712769276535,0.03962056538463199,-0.02489480749112316,-0.05268958557468317,0,0.00786561256525764,0.009661324876005128,3.0,0.15571002195539302,0.16393621043458276,1.011880405908792,0.0052196870626064484,False,1,,
1001014,APD,"Air Products and Chemicals, Inc.",Materials,Industrial Gases,screen,60897924000.0,77584924000.0,0.047392294356888964,-0.15004862412079134,2023-10-01,0.3,ev_ebitda,60,0,0.4321310633748277,0.18396619966394598,13.310550927875337,12.541785795251002,3.076255515200646,0.060060935507128876,0.06801050860157276,0.014118715544952476,0.01152262212971289,0,0.0058829773268553875,-0.009407629959776509,16.0,0.03717755971180811,0.05274447753506832,0.3884204258590553,0.00021587493924202228,False,0,28.767605633802816,891
1004735,APG,API Group Corporation,Industrials,Safety and Alarm Services,screen,17604400000.0,20276400000.0,0.12307244690136754,-0.21862348178137647,2023-10-01,0.5666666666666667,ev_ebitda,60,0,0.1446663141519192,0.129820714971612,14.517117112531825,13.045344237735302,2.2676589495298023,0.06763890720117383,0.12691959587356028,0.11745334029138821,0.12003618390099158,0,0.04248873519867091,0.04697668955225387,8.0,0.06221222201923573,0.07175244425817959,0.7841271138888773,0.025786875171503798,False,0,29.589201877934272,868
1005549,APGE,"Apogee Therapeutics, Inc.",Health Care,Biotechnology,screen,10190153004.72,9225060004.72,2.5676175382989963,-7.403020432350527e-05,2023-10-01,,ev_sales,20,,-11.442131036941406,0.0,-24.18708536443911,-18.801194120426533,,,,5.666666666666666,-0.11871802874235937,,,,2.0,0.004512598976146471,0.004328986572437026,-0.12056514787520042,0.16070191103940012,False,0,,
1000051,APH,AMPHENOL CORPORATION,Technology,Electronic Components,screen,220891528000.0,234283728000.0,0.3719373048111585,-0.2411746823244033,2023-10-01,0.23333333333333334,ev_ebitda,60,0,0.3304915634090037,0.2651965693291544,16.88782191314989,15.06078167812202,1.2586628251268706,0.13646720910679977,0.14535079991697142,0.5966162483466744,0.8012144797248861,0,0.13240487969339565,0.11258508776117959,11.0,0.04690877609582429,0.05605646772713247,0.7469038116631812,0.010259321237126917,False,0,33.18075117370892,716
1005374,APLD,Applied Digital Corp.,Technology,Internet Services and Infrastructure,screen,6901343187.52,10285293187.52,0.06233653007846551,-0.5091641490433031,2023-10-01,,ev_ebitda,33,,0.3760772899550064,-6.3793686331654,33.79016621919089,9.224252124963009,19.48509936998233,0.8642926748248483,2.2246800263618662,0.748580098346995,0.15674780452543402,0,-0.29184466232770634,-0.11747557673985654,6.0,-0.7876398290729513,-0.758806390812577,-17.858087468361628,0.5532833986918861,False,0,,
1003485,APLE,Apple Hospitality REIT Inc,Financials,Hotel & Resort REITs,screen,3865791870.0,5349101870.0,0.4450158474638708,-0.0393842181666505,2023-10-01,0.6833333333333333,ev_ebitda,60,0,0.31993222589321807,0.2599700851569447,11.25776426102795,10.929697124988966,3.2051821259190185,0.027332585979447765,0.024142344190266174,0.009614644886305479,0.05275992213389746,0,0.02849353631600038,0.009107915443534953,5.0,0.0780536008935891,0.08168808931540457,0.6350423566442638,-0.010669961534705785,False,0,,
1000536,APO,APOLLO GLOBAL MANAGEMENT LLC,Financials,Asset Management & Custody Banks,screen,71297216384.7,59652216384.7,-0.1147319965922905,-0.3355829225710657,2023-10-01,,,,,,,,,,0.14454303057509543,,0.008342775596402507,,,,0.001835548752151972,,,,,0.006607680333874821,False,0,,
1006598,APOG,Apogee Enterprises Inc,Materials,Building and Construction Materials,screen,745206993.0,,,,,,,,,,,,,,,,,,,,,,,,,,False,0,,
1000000,APP,Applovin Corp,Technology,Application Software,portfolio,94810190610.0,95271956610.0,-0.5958053831380299,-0.6041030534351145,2023-10-01,0.3333333333333333,ev_ebitda,60,0,0.8330788193069218,0.8017982613484895,11.119828204369469,9.097089554004118,0.0740306292514015,0.24505127177691177,0.23987296783529843,0.07991458608512358,0.08382392574868436,0,-0.06062916634308135,-0.04774175893103372,26.0,0.08929878931419573,0.11048700770389351,0.9881743660883886,-0.015546032941858079,True,1,74.14319248826291,27
1000537,APPF,APPFOLIO INC - A,Technology,Application Software,screen,7242554640.0,7051529640.0,-0.272582166436915,-0.3758132295719844,2023-10-01,0.21666666666666667,ev_ebitda,60,0,0.2949084572000712,0.29605316666431536,18.15560671953118,14.792198969008806,-0.6264768775118834,0.17130985256605835,0.2149076927415574,0.0466202412053065,0.05686579325005203,0,0.008938330255656046,0.007832935350834402,6.0,0.05471787862696261,0.06873669204408667,1.0203483416952326,-0.012830778037950075,False,0,46.18544600938967,265
1003557,APPN,Appian Corp,Technology,Application Software,screen,2753281920.0,2821442920.0,0.1537455021262677,-0.22721297107800165,2023-10-01,0.3333333333333333,ev_ebitda,36,0,0.14089103151371699,0.1636811372560173,21.27598278244613,18.40210709191898,0.6817798092182635,0.09052105231434826,0.19330633590132407,0.13015538579247754,0.3771101211195591,0,0.08741734599209727,0.029563872587619278,5.0,0.051926135809022625,0.06896941064381734,1.0780900786780105,0.00021715978658054524,True,0,,
1006347,APPS,"Digital Turbine, Inc.",Technology,Application Software,screen,1450599150.0,1750881150.0,0.7343749999999998,-0.22863099374565676,2023-10-01,0.9166666666666666,ev_ebitda,60,0,0.2265115259316472,0.2265115259316472,11.592836193675813,9.70499342415979,2.193913129687134,0.14766988499908296,0.2136878009496992,0.12649018601582251,0.18682573746738296,0,-0.007990873668057175,0.024932674682602407,1.0,0.06048624976789761,0.07950987001092599,0.5809477972289883,0.05750948856057203,False,0,8.791079812206572,1063
1000182,APTV,Aptiv PLC,Consumer Goods,Auto Parts,screen,9326037000.0,13915037000.0,-0.41099023711164806,-0.4866111832164002,2023-10-01,0.0,ev_ebitda,60,0,0.1892552629871317,0.13031382780159534,5.537247481589487,5.1161095344624306,1.7755644020706074,0.034475552661960895,0.0710819001378642,-0.40050816620611307,-0.29833679177358474,0,-0.043069829043618,-0.027799855797592143,14.0,0.16091421555102528,0.1915477609745009,0.597174308574481,-0.09501255771677874,False,1,46.77230046948357,254
1000429,AR,Antero Resources Corp,Energy,Oil & Gas Exploration & Production,screen,10571181290.0,12898431940.0,-0.005065554231227676,-0.26046511627906976,2023-10-01,0.2,ev_ebitda,60,0,0.4035374371605404,0.21602624212676122,4.807647851164537,4.094681645603538,0.9517385871578,0.04508718523725008,0.07292260865812095,0.18612505092956555,0.27005235467457056,0,0.0006766171068797178,0.005488115819247241,9.0,0.12370427296381907,0.17276012052531395,0.48742068388986803,-0.0027646046064606633,False,1,47.89906103286385,226
1000271,ARCB,ARCBEST CORP,Industrials,Trucking,screen,2896624338.92,2943742338.92,0.8327609703416707,-0.2636348515456647,2023-10-01,0.6666666666666666,ev_ebitda,60,0,0.09587674566942486,0.05829417835121899,6.368018161964609,5.676234839643359,0.13279588022679928,0.06753575246337595,0.17170085026090787,0.07923817152334833,0.14590124146916583,0,0.0728257132614023,0.014364041930402971,12.0,0.09493359506521615,0.10366521106413948,0.5948625141090759,-0.0320045992316903,False,1,35.73943661971831,610
1000538,ARCC,ARES CAPITAL CORP,Financials,Asset Management & Custody Banks,screen,13756880000.0,28905880000.0,0.03422842286205441,-0.09462486054096153,2023-10-01,,,,,,,,,,0.01942457829953881,,-0.03392554496998457,,,,-0.0048093715130147485,,,,,0.07316976409580134,False,0,,
1005735,ARDT,"Ardent Health, Inc.",Health Care,Health Care Facilities,screen,1466288319.75,1843594319.75,-0.219622641509434,,2024-07-18,,ev_ebitda,33,,0.07706752823247069,0.037746368724973015,3.547582467794396,3.3764975253366685,0.7366260706751613,0.04080948689117814,0.04363416641264606,-0.03411817181386734,-0.25232447038754413,0,-0.029277653240878165,-0.016306418169985792,10.0,0.13518885399128153,0.11854440678251875,0.3814410244628886,0.03786151564732165,False,1,50.22300469483568,175
1000496,ARDX,ARDELYX INC,Health Care,Pharmaceuticals,screen,838467315.14,834777315.14,-0.3793103448275862,-0.6488706365503081,2023-10-01,,ev_ebitda,21,,0.16582109387406088,0.11600608102992695,8.11637770372842,3.2269799786618774,,0.3234782483163292,,0.0008441620482888545,-0.35743576822849743,0,-0.40116181706068776,-0.16224198641972531,5.0,0.058326071391951104,0.26133186553527504,0.4754889987978254,0.03819557656552486,False,0,,
1000420,ARE,"Alexandria Real Estate Equities, Inc",Financials,Office REITs,screen,8028867540.0,20366602540.0,-0.39631409222807235,-0.5911225181239597,2023-10-01,0.25,ev_ebitda,60,0,0.5920960393760221,0.564109338825233,13.674615349887011,13.321940357195222,7.188237363971187,-0.005408998839530721,-0.030508036860169563,-0.18686048073125405,-0.2861254758197218,0,0.009427407777041319,0.0014880778925554505,9.0,0.14026882736436927,0.13843729949434586,0.7561570232007359,-0.00340560859054162,True,1,,
1000497,ARES,ARES MANAGEMENT,Financials,Asset Management & Custody Banks,screen,40189598416.09,45445595416.09,-0.24338538046813485,-0.38339377394367957,2023-10-01,,,,,,,,,,0.19771073631425828,,-0.0553318569803527,,,,-0.012201310070743099,,,,,0.03359150628389407,False,0,,
1005287,ARHS,"Arhaus, Inc.",Consumer Services,Home Furnishings Retailers,screen,1399647457.11,1782484457.11,-0.06520875012141114,-0.495079726310498,2023-10-01,0.5666666666666667,ev_ebitda,60,0,0.11224623485261472,0.05755387287586458,10.232635016405608,9.20175907250786,2.388853272102556,0.06443127622950295,0.08254186297045174,0.002051524304794272,-0.02066528849678384,0,0.022269559532339223,0.00903640383725035,11.0,0.06628071445061698,0.07333522511694643,0.5325588090108105,0.004114050058516838,True,0,56.79577464788732,120
1003334,ARI,Apollo Commercial Real Est. Finance Inc,Financials,Mortgage REITs,screen,837143172.84,,-0.00169438242821629,-0.14223233808310864,2023-10-01,,,,,,,,,,-0.11696726358236809,,-0.49830420425279665,,,,0.0,,,,,-0.01538223480016554,False,0,,
1004250,ARLO,Arlo Technologies Inc,Technology,Electronic Equipment & Instruments,screen,1415158630.0,1279743630.0,-0.26843657817109134,-0.36213991769547327,2023-10-01,0.0,ev_ebitda,48,0,0.19914196115984556,0.1931393949937459,10.370940435989711,8.497107144867286,-1.355772820663859,0.05759805298285392,0.17966439320320537,0.007002298206834956,0.2222202141976728,,,,5.0,0.08750215219850217,0.1734750491283575,1.0035038029277523,0.02284988498567464,False,1,58.57981220657277,103
1000498,ARMK,ARAMARK,Industrials,Diversified Support Services,screen,14659325650.0,20289726650.0,0.40935693318613,-0.13998355553387942,2023-10-01,0.7333333333333333,ev_ebitda,60,0,0.08133948608833069,0.05129973333742031,11.393975316904948,10.089575086553296,3.6500127106317484,0.0833670661476178,0.1420136961024998,0.05521488845588829,0.052518687615875415,0,0.029011441208992128,0.024168438505723033,10.0,0.055651242595575065,0.06886025546593719,0.4581291610831304,0.003309379273967572,False,0,28.884976525821596,885
1003356,AROC,Archrock Inc,Energy,Oil & Gas Equipment & Services,screen,5315712480.0,7661522480.0,0.18352192056374883,-0.2731900804852715,2023-10-01,0.4166666666666667,ev_ebitda,60,0,0.5835017946517466,0.24021479381352456,8.03683247267784,7.330869114600582,2.6622017178355573,0.07756365140846588,0.09314349479225337,-0.04036900749679018,-0.003714926688748621,0,-0.005811160829843343,-0.011316401080673444,5.0,0.048705171635218585,0.05072718553744338,0.27158538544454136,0.03709952455475829,False,0,26.37323943661972,973
1004686,ARQT,Arcutis Biotherapeutics Inc,Health Care,Pharmaceuticals,screen,3436860420.0,3307208420.0,0.4021220159151193,-0.1528846153846154,2023-10-01,,ev_ebitda,19,,0.23964373537348924,0.24908785210485543,20.090411845754534,12.09440942675028,,0.24218885117264355,1.1133773720149178,0.13735355950464267,0.050970708290501765,1,0.23587473377954993,0.06343650964521363,4.0,0.0472699538662342,0.0703513133769705,0.98690272430245,0.04908139179702986,False,1,,
1000499,ARR,"ARMOUR RESIDENTIAL REIT, INC",Financials,Mortgage REITs,screen,1795548580.0,21153326580.0,0.0974221446872392,-0.190009026350621,2023-10-01,,,,,,,,,,0.27925148061861416,,0.2886445308175678,,,,0.015507695149442391,,,,,0.5996682369203845,False,0,,
1004886,ARRY,Array Technologies Inc,Industrials,Electrical Components and Equipments,screen,605614650.0,318113650.0,-0.505521472392638,-0.8183866606579541,2023-10-01,0.0,ev_ebitda,60,1,0.16215512494704687,0.141211578035056,1.2178876058934907,1.1075069703901539,-1.4128589296544192,0.09182224376835513,0.09578109358145515,0.12058279111463577,0.279015707603695,1,0.6468054847566149,0.01128091076834381,10.0,0.34760815805021034,0.35626907335171887,0.8059558255951594,0.010249862074649396,False,3,66.58450704225352,78
1000096,ARW,"ARROW ELECTRONICS, INC.",Technology,Technology Distributors,screen,12013953210.0,13939902210.0,0.8760330578512396,-0.033343269599284686,2023-10-01,0.4,ev_ebitda,60,0,0.04658565542902856,0.018675591219892127,6.946391042113645,6.50263429112416,1.1817629232736535,0.06580686049394768,0.08817714911374419,0.25359517366705986,0.21330036931230478,0,0.072399335729187,0.05974914921345098,3.0,0.048702053718050135,0.04812490906301028,0.29156320287195964,-0.020293722498867295,False,0,33.063380281690144,720
1000500,ARWR,ARROWHEAD PHARMACEUTICALS INC,Health Care,Biotechnology,screen,9289460620.0,10078459620.0,0.8976514931864308,-0.26944971537001894,2023-10-01,0.75,ev_sales,60,0,-1.9871544404129222,-2.0411569957563214,-15.067788614647379,-18.02379133056776,,0.15695791687177207,,0.33950884971830275,0.27442193504784496,,,-0.001815554278988496,7.0,-0.07318880883592535,-0.06403556013610213,1.0164605684915202,0.09039548297560795,False,0,,
1005880,ARX,Accelerant Holdings,Financials,Insurance Brokers,screen,4334499207.78,2798299207.7799997,0.32505036937541965,,2025-07-24,,ev_ebitda,21,,0.2828088786320372,0.37057802647981225,7.95612351834755,6.467757029071803,-4.941198375047015,0.1451848347684641,0.16177048364022983,0.05546240725111384,0.0027439083867553116,0,0.00037896720377217363,0.006062788984630529,8.0,0.0827934460978597,0.12722846310462785,1.020333756110593,0.04904934246112913,True,1,,
1005980,ARXS,"Arxis, Inc.",Industrials,Aerospace & Defense,screen,19364681698.56,20588125698.56,0.27458064516129044,,2026-04-16,,ev_ebitda,11,,0.41446451133934215,0.35529139201127535,21.653751556945572,19.295810791974386,1.6288070510712482,0.1215278103179862,0.14791718607211357,0.10862779371573739,0.1556913260080739,,,,10.0,0.03685926747071533,0.04368315787581139,0.7507120746408018,0.009409759693724151,False,0,31.46713615023474,788
1004876,ASAN,Asana Inc,Technology,Application Software,screen,2097862390.0,1979278390.0,-0.36901197604790414,-0.6936773255813953,2023-10-01,,ev_ebitda,29,,0.1266146735331312,0.028073277586187537,18.14287089369285,15.339027580801899,-1.1986386218991296,0.08414538508125213,0.2805284614706034,0.01036714592515664,0.15184870780447723,0,0.02088665640845999,0.0009362838393123241,12.0,0.010452448607694828,0.061653326543745744,0.20099912419526147,0.04905905691989254,False,0,,
1000501,ASB,ASSOCIATED BANC-CORP,Financials,Diversified and Regional banks,screen,5453899280.0,10600879280.0,0.15385927967165047,-0.10682314754622124,2023-10-01,,,,,,,,,,0.06727560833319335,,0.18257339191851507,,,,0.014727099131524923,,,,,0.09314099480044646,False,0,,
1000344,ASH,ASHLAND INC.,Materials,Industrial Chemicals,screen,3156060000.0,4090060000.0,0.45731160179569175,-0.29175744345810917,2023-10-01,0.4166666666666667,ev_ebitda,60,0,0.22104678596954488,0.15530628988868345,9.548774634970156,8.582680355125513,2.402974040982035,0.040051605997689865,0.10742757505984901,0.003757872460420364,-0.12990843177230738,0,-0.03971574886373275,0.0020335748718507407,9.0,0.08029811184745231,0.09069024346507029,0.5916550132120014,-0.04611404706779543,False,1,27.711267605633804,931
1005821,ASIC,Ategrity Specialty Insurance Company Holdings,Financials,Property & Casualty Insurance,screen,1333886583.25,,0.2923621648963075,,2025-06-11,,,,,,,,,,0.21706351362705845,,-0.09673013098152916,,,,-0.008857457883756137,,,,,0.16400149553820653,False,0,,
1004889,ASO,"Academy Sports & Outdoors, Inc.",Consumer Services,Specialty Stores and Retailers,screen,3040915350.0,3236860350.0,-0.027716100519279196,-0.3446715581147255,2023-10-01,0.26666666666666666,ev_ebitda,60,0,0.11360673618291549,0.07209306906449787,4.506207263445899,4.394792013203402,0.27954956475945913,0.045840495531287884,0.05136538625703313,-0.028220145079578374,0.009520890870817533,0,0.02006441376810897,7.530103076458516e-05,15.0,0.13885412727955967,0.13780198010513484,0.5878280752224389,-0.06287175463790917,False,1,49.44835680751174,188
1004007,ASTH,"Astrana Health, Inc.	",Health Care,Health Care Services,screen,1737750957.4799998,2273456957.4799995,0.254673721340388,-0.4312440038375439,2023-10-01,0.42857142857142855,ev_ebitda,42,0,0.07082516477018751,0.06061995179716258,7.3109423381424925,6.369703781016738,2.1123495837088346,0.10905319369976696,0.1505793469328256,-0.028093965508573793,-0.09507654073474348,0,-0.011522922066895869,0.003529482371146031,8.0,0.1282374659969776,0.16633006920411275,0.7166202670395915,0.018371375717098015,False,1,43.81455399061033,329
1005114,ASTS,AST SpaceMobile Inc,Telecommunications,Telecommunication Infrastructure,screen,17058477200.48,17742140200.48,0.19926650366748166,-0.5577428807573823,2023-10-01,,ev_sales,33,,0.09047264287950633,-2.0700158693517112,298.2263743557664,18.79031446848296,,2.15100809862171,,-0.47496558828875746,-0.9156236846138984,0,-0.6490885953097222,-0.06268033455633681,8.0,-0.0816116829296336,-0.023990626424688098,-23.400903996275968,0.45143117151273193,True,0,,
1005125,ATAI,AtaiBeckley Inc.,Health Care,Biotechnology,screen,2651536740.2999997,2484614740.2999997,0.5572033898305084,-0.012096774193548487,2023-10-01,0.4642857142857143,ev_sales,56,0,-83.87066692842961,-84.77713887658805,-11.849743569680811,-11.33212295604706,,-0.17329958857094363,,2.4300787252907914,0.3495660805135745,,,7.8731144631765755,3.0,-0.07925231148985817,-0.08094790907325689,1.0022117308230325,0.5096316586101322,False,0,,
1000503,ATEC,"Alphatec Holdings, Inc.",Health Care,Health Care Equipment,screen,1550092500.0,2007184500.0,-0.29023383768913336,-0.5449735449735449,2023-10-01,0.17647058823529413,ev_ebitda,51,1,0.18525112904802063,0.0943781854187239,10.659754155846647,8.357190067324156,3.5810740312259566,0.1475325060223529,0.3141813814961536,-0.017454260410839417,0.048094494722839,0,0.03227126550871273,-0.01370423061762005,12.0,0.04673892407263617,0.07691257788724913,0.3847655848498192,0.05060032547434923,False,1,,
1000504,ATEN,A10 NETWORKS INC,Technology,Systems Software,screen,2087967600.0,1950137600.0,0.5097685039247399,-0.2870770074923663,2023-10-01,,ev_ebitda,27,,0.3113391129625909,0.2571455024098655,17.030519077955237,15.014925834931981,-1.4176893346999324,0.1161078657027328,0.1343122405152366,0.14055472786103151,0.27779275605916576,0,0.035539677820772164,0.01623820312798796,4.0,0.051416200040907786,0.061350218530603046,0.9375325634476999,-0.004249974084514108,False,0,45.73943661971831,276
1006667,ATEX,Anterix Inc,Technology,"Technology Hardware, Storage and Peripherals",screen,1608233888.0,,,,,,,,,,,,,,,,,,,,,,,,,,False,0,,
1000505,ATI,ALLEGHENY TECHNOLOGIES INC,Materials,Specialty Minerals,screen,26434662000.0,27843662000.0,1.3284976641258912,-0.1828458020536715,2023-10-01,0.8,ev_ebitda,60,0,0.2430633341583276,0.18662052502570717,20.21825709037808,17.938534093526364,1.2935827176016468,0.09405515457983826,0.15397890090238464,0.04658391149579377,0.26573275013960207,0,0.13233419654684453,0.04049468275541934,9.0,0.036864410714292736,0.04263188096503236,0.7076172628093875,-0.03053416499023498,False,0,31.13849765258216,807
1003170,ATKR,Atkore International Group Inc,Industrials,Electrical Components and Equipments,screen,3220568910.0,3634578910.0,0.5377012516075625,-0.4913862143010552,2023-10-01,0.9666666666666667,ev_ebitda,60,0,0.12807585568172408,0.09232062170396814,9.12843347434612,8.222647947866728,1.1647835937551836,0.05621295259197434,0.115347306528643,0.0592366874699346,0.050559387674236955,0,0.037535577874581394,0.03285511102573713,2.0,0.0795566812235994,0.11297114193872541,0.6435042308943799,-0.041010612325626195,False,0,,
1005200,ATLC,Atlanticus Holdings Corp,Financials,Consumer Finance,screen,1711600010.0000002,7360987010.0,0.49419597132127,-0.21701404418999914,2023-10-01,,,,,,,,,,0.18076001915889406,,0.045450695841012356,,,,0.02947176341856017,,,,,0.008502790322411524,False,0,,
1005550,ATMU,"Atmus Filtration Technologies, Inc.",Industrials,Machinery Tools and Components,screen,3656380000.0000005,4389380000.0,-0.03286946236001098,-0.336255353017474,2023-10-01,0.2978723404255319,ev_ebitda,47,0,0.2106926021978488,0.17816478102865405,9.927640357379302,9.59972302424415,1.8505310698756399,0.03519713629896404,0.055716090217544645,0.12482487684126475,0.1625318648586873,0,0.021039024321825472,0.004642089556836426,3.0,0.089023280591957,0.07516904198452637,0.736203324912198,-0.011522559056060144,False,1,,
1000506,ATO,ATMOS ENERGY CORP,Utilities,Gas Utilities,screen,26486706120.0,36284764120.0,-0.06256712869101866,-0.17690265505996194,2023-10-01,0.11666666666666667,ev_ebitda,60,0,0.5552163758771363,-0.2850134873507325,12.020200057264358,10.643844170373702,3.643089241475896,0.07500075306213927,0.12603223464634006,0.05386426003959133,0.05173365148769671,0,0.0030237737558700406,-0.0037011235309410973,5.0,-0.06846906831434466,-0.072362041068136,-0.600772109930703,0.04834782296624307,False,0,,
1000507,ATR,APTARGROUP INC,Materials,"Metal, Glass and Plastic Containers",screen,7760820960.0,8931208960.0,-0.07979620598128412,-0.2981782494534735,2023-10-01,0.03333333333333333,ev_ebitda,60,0,0.21178585529588215,0.1349875445521248,10.150544952143536,9.75409093747419,1.4382870508340306,0.04625410003530406,0.061061485378760993,0.023095211912657287,-0.020516772317601517,0,0.0010547671619141052,-0.0038307195311316766,6.0,0.06575525292891879,0.07700474723437718,0.5799856193821407,-0.02526417395345315,False,0,31.396713615023472,794
1000508,ATRC,ATRICURE INC,Health Care,Health Care Equipment,screen,2618836120.0,2512050120.0,0.5943262411347519,-0.07520157972683894,2023-10-01,0.3,ev_ebitda,60,0,0.14995569544533277,0.11278922543938025,24.646421141541378,20.077070144813995,-1.3209918842699,0.12426319122027096,0.19805978466479846,0.00818546189780478,0.22916466001517444,0,0.038764206672795565,0.0026478459800736154,7.0,0.029883823473526045,0.03725568881712509,0.7678387924591477,0.022362021877273763,False,0,44.894366197183096,299
1003534,ATRO,Astronics Corporation,Industrials,Aerospace & Defense,screen,3182063300.0,3483366300.0,0.7738215459225743,-0.27854467629748525,2023-10-01,0.6833333333333333,ev_ebitda,60,0,0.21447493452095037,0.14698989314619793,13.869815663065854,,1.6195568436409882,,,0.125140103934686,0.14145697569154203,,,,2.0,0.05074040805079779,,0.6428865107776109,0.030609620385128267,False,0,,
1003306,AUB,Atlantic Union Bankshares Corp,Financials,Diversified and Regional banks,screen,5475081406.82,,0.11838929591963643,-0.11768229652362139,2023-10-01,,,,,,,,,,0.0454843598345287,,-0.006581807721072752,,,,-0.003686534601736735,,,,,0.27844310609834233,False,0,,
1004798,AUGO,Aura Minerals Inc.,Materials,Diversified Metals & Mining,screen,6682909750.849999,6875831750.849999,1.2031157576152531,-0.2648401683450686,2023-10-01,,ev_ebitda,20,,0.6753392023991753,0.46786709256180725,5.664512434982401,4.878890544763814,0.23170225692296947,0.19742935848917287,0.23283797648374072,0.4318502124592625,0.7635005806505553,0,-0.13345911182938652,-0.11409356896930178,3.0,0.10245135964713398,0.15577688961528538,0.5640539125017553,0.08236292774875142,False,1,49.70657276995305,182
1005234,AUR,"Aurora Innovation, Inc.",Technology,Application Software,screen,10907520000.0,9772520000.0,0.02782931354359941,-0.4563297350343474,2023-10-01,0.0,ev_sales,39,0,-3.951436391633923,-3.8780332670155513,-13.83746140017488,-22.15534258378993,,6.101970748288471,,-0.44288628361692284,0.10199959501094735,,,-0.07913047130982542,9.0,-0.06709748933783771,-0.03987546266853971,1.036291992808785,0.08487494750394031,True,0,,
1000510,AVA,AVISTA CORP,Utilities,Multi-Utilities,screen,2914632630.0,6149632630.0,-0.026009330480980752,-0.1624218294174028,2023-10-01,0.03333333333333333,ev_ebitda,60,0,0.3775250763960286,0.04036093789065959,8.460175328511733,7.9028055882578885,4.888193985234758,0.0326607376818111,0.07927488284502382,-0.09385312404899138,-0.01933424409956319,0,0.0015058887294203682,0.0020282254381194242,2.0,-0.0290177998761417,-0.07332341697957931,-0.11635324364286645,0.025547154988362575,False,0,,
1005071,AVAH,Aveanna Healthcare Holdings Inc,Health Care,Long Term and Alternative Care,screen,2795059520.0,4160744520.0,0.39909808342728303,-0.13699582753824757,2023-10-01,0.35,ev_ebitda,60,0,0.13737192128732836,0.12706941297150093,10.448649960885984,9.68028914617,3.827615022452311,0.06919138498145494,0.07965372554003025,0.11676691249963445,0.24737316068895354,0,0.10042312381410223,0.04379461220729208,9.0,0.0925584412181325,0.10219153658927152,0.6496751013358988,0.0685931786388918,False,1,31.443661971830984,791
1000512,AVAV,AEROVIRONMENT INC,Industrials,Aerospace & Defense,screen,6990608304.45,7140438304.45,-0.5483502175362824,-0.6529780640753483,2023-10-01,0.06666666666666667,ev_ebitda,60,1,0.14412152725195876,-0.04098977278702351,22.486757729744305,17.454798782931633,0.500535288939469,0.13570274730581233,0.1958576372270444,-0.04949533104076165,-0.1829145983522914,0,0.001305715369708027,0.00849060665579815,14.0,-0.011329349601818786,0.01833262270160927,-0.24941462563479463,0.3404510584705689,False,1,,
1000513,AVB,AVALONBAY COMMUNITIES INC.,Financials,Residential REITs,screen,26106107582.14,34685723582.14,0.010829738836300784,-0.1752461790073433,2023-10-01,0.31666666666666665,ev_ebitda,60,0,0.6084583962820471,0.6084583962820471,17.71526340542932,16.701193070465383,4.611491972441774,0.030262925719915623,0.06004215716987349,-0.02874498009860027,-0.07670482521813804,0,-0.0073225070089053546,0.0026569705788843656,4.0,0.06759484442678061,0.07237526747931489,0.901265094907589,0.001222295499346826,False,0,,
1005651,AVBP,"Arrivent BioPharma, Inc.",Health Care,Biotechnology,screen,1377266373.01,1004498373.01,0.6411924119241195,-0.15015436429974738,2024-01-26,,ev_sales,28,,-7.055001878443712,-0.0,-4.871418336777495,-9.190400820392073,,,,-0.42176647145698165,0.5721265851984458,,,-0.24139105044082532,5.0,0.010302185303218706,0.01464004489903394,-0.06881030614157312,0.24184947769798026,True,0,,
1006539,AVDX,AvidXchange Holdings Inc,Technology,Payment Processing,screen,2069330450.0,1263962450.0,0.22249388753056243,,2023-10-01,0.02040816326530612,ev_ebitda,49,,0.25545249062219216,0.22941175369918454,9.522822971935035,,-7.919736723723201,,,-0.08625286788956932,-0.05033027328476225,0,0.0,0.0,1.0,0.06308814002387123,0.00021281602932045457,0.9835786901899835,0.003735664436536057,True,0,58.86150234741784,101
1006590,AVEX,AEVEX Corp.,Industrials,Aerospace & Defense,screen,797925805.0,679294805.0,-0.43780170813219454,,2026-04-17,,ev_ebitda,15,,0.17832751797925436,0.14589674644138423,4.749274832623418,3.422699069578236,-1.2895652204257164,0.14935592270836406,0.3428263307349575,,,,,,,0.14008525873441116,0.18497460246497177,0.7814909551830704,0.0847724929446736,False,1,61.725352112676056,91
1000030,AVGO,Broadcom Inc.,Technology,ICs Semiconductors,screen,1696550680000.0,1731994680000.0,0.07241732172971171,-0.2682552463651643,2023-10-01,0.13333333333333333,ev_ebitda,60,0,0.6756562207672905,0.6209340419109357,14.701672608577583,9.409390418379145,0.5013865961172538,0.6157432749007001,0.5860673462474184,0.6414874595449003,0.6690705938444106,0,-0.00046247430981927184,-0.00015349042059153994,27.0,0.06213391754263877,0.09668437791845114,0.8947789690149514,0.00598480833613424,False,0,43.36854460093897,341
1006500,AVLN,Avalyn Pharma Inc.,Health Care,Biotechnology,screen,1215613465.0,865496465.0,-0.03390979993218035,,2026-04-30,,,,,,,-6.667916500256142,-5.767178906676462,,,,,0.11900083385834948,,,,3.0,0.01706199718214704,0.03005401261771512,-0.1597902301116158,1.9101731556736414,False,0,,
1000867,AVNT,Avient Corporation,Materials,Industrial Chemicals,screen,3737788000.0,5187988000.0,0.2598900985645869,-0.20282621994356753,2023-10-01,0.26666666666666666,ev_ebitda,60,0,0.17810459286271788,0.1430759808735236,8.219377641572269,7.715455808551653,2.492369404856505,0.03741650638132099,0.06375510843482668,0.011688355569150266,0.013071099127630381,0,0.030893037622473196,0.004495226244349615,6.0,0.11289784571728115,0.12347836107474548,0.6685598506609974,0.000557873868529235,False,1,33.720657276995304,693
1004964,AVO,Mission Produce Inc,Consumer Goods,Agricultural Products,screen,1062101911.66,1414201911.6599998,0.0906821963394342,-0.14537157757496744,2023-10-01,0.45,ev_ebitda,60,0,0.09064570794806201,0.06327006240763464,9.623437659114218,,3.143621532629578,,,0.3255473329004732,0.3021409204483696,,,,2.0,0.08609173260008147,0.0006493283262888371,0.622223566647839,0.07717711168899166,False,1,19.0962441314554,1056
1005134,AVPT,AvePoint Inc,Technology,Application Software,screen,3109652480.0,2708712480.0,-0.06195869420386402,-0.2956478239119559,2023-10-01,0.2,ev_ebitda,60,0,0.19902895021574463,0.20050118169480907,22.098407567515437,17.15495795082873,-4.374563122551374,0.19701396348889832,0.29787335912411805,0.08519496416992434,-0.015013908583240476,0,-0.05255554280920616,-0.0018140885123909545,10.0,0.04291074017837588,0.056526378091422046,1.0886190587062234,0.0856867348371868,True,0,74.70657276995306,21
1000128,AVT,"AVNET, INC.",Technology,Technology Distributors,screen,8659012320.0,11716432320.0,0.9515668257654453,-0.03031772980839198,2023-10-01,0.2833333333333333,ev_ebitda,60,0,0.045799631620332175,0.02134806014512563,6.876297421334212,6.545024679816953,2.599545976738882,0.1955260518417341,0.3408479765486727,0.5130419830688335,0.7118851152734587,0,0.37464920062436535,0.21250965335365324,3.0,0.05976655616511293,0.040177726733118826,0.30372871607000035,-0.0452260128658446,False,0,,
1004531,AVTR,Avantor Inc.,Health Care,Life Sciences Tools & Services,screen,10178316000.0,13569316000.0,0.20592948717948723,-0.45667870036101077,2023-10-01,0.5666666666666667,ev_ebitda,60,0,0.15346820254156765,0.12877751377808136,13.118396649900863,12.39218344717608,3.362952097975053,0.02943762575247133,0.05272058922019918,-0.04347348218998148,-0.16574533720244333,0,0.018766166275048457,0.01605116660678374,12.0,0.07057870353093099,0.07721478637043248,0.6945002530429867,-0.00379853620261994,False,0,24.612676056338028,1014
1006419,AVTX,Avalo Therapeutics,Health Care,Biotechnology,screen,651850557.8,566468557.8,0.20613690007867813,-0.6083659571558999,2023-10-01,,,,,,,-4.233949259931063,-3.393683978083521,,,,,0.7869615419909157,,,,5.0,0.014558974677494979,0.0197118519153396,-0.0709330562066655,1.2947772583972044,False,0,,
1000514,AVY,AVERY DENNISON CORP,Materials,Industrial Chemicals,screen,13111768000.0,13384968000.0,0.07646838814831325,-0.22544616246263116,2023-10-01,0.08333333333333333,ev_ebitda,60,0,0.16645395337648206,0.13885826560818143,8.346439213307358,7.839101845417812,0.180784768170397,0.03670341734089,0.05611113243314447,0.0008888327428231424,-0.013486437156970843,0,-0.00044372136167736276,0.002178038771770252,7.0,0.09140303242034693,0.09988331101806092,0.7473185423612403,-0.028860731769090542,False,1,47.171361502347416,245
1000515,AWI,ARMSTRONG WORLD INDUSTRIES INC,Industrials,Building Products,screen,6946436000.0,7359836000.0,-0.167467580160649,-0.19893633296003543,2023-10-01,0.35,ev_ebitda,60,0,0.35069195443768525,0.2862108484328632,10.956946607481193,10.279215943129394,0.6897941545465581,0.06784943317075398,0.07984401305173416,0.0426624142669223,0.03299612018943954,0,0.010209943946924982,0.00902654688417015,11.0,0.07500144043473478,0.08292594776204104,0.7756272369790104,-0.015912751763702992,False,0,37.00704225352113,559
1000516,AWK,AMERICAN WATER WORKS CO INC,Utilities,Water Utilities,screen,25060560000.0,40839560000.0,-0.04446416585669832,-0.12032418539126799,2023-10-01,0.03333333333333333,ev_ebitda,60,0,0.5898350598470874,-0.08361256777525401,11.817725699620212,10.779599404159082,5.258467937978821,0.07264940804475373,0.10974900915085262,0.024527106820125377,0.020018963282349977,0,0.015562354457696825,0.0031354481998704387,4.0,-0.049401682575714,-0.04173398026289813,-0.35824931055116827,0.009248565447585566,False,0,,
1006765,AWR,American States Water Company,Utilities,Water Utilities,screen,3205218820.0,3901296820.0,0.15303868055509118,,2025-07-28,,ev_ebitda,10,,0.404506263667406,0.1456310532821078,13.28725158286082,12.102168969265604,2.5605385740493767,0.04201437292932497,0.0753833653219329,0.015404835841956732,0.019582673748836932,0,-0.005432566921835025,0.005916543890546411,2.0,0.019917365663679448,0.02294540711003164,0.21742813722156148,0.024386000059043456,False,0,8.415492957746478,1064
1004318,AX,Axos Financial Inc,Financials,Diversified and Regional banks,screen,5058369321.11,,0.02268163024217351,-0.17630827783063752,2023-10-01,,,,,,,,,,0.1102854732362295,,0.11937366472312383,,,,0.0020366866469303524,,,,,-0.005612619775276384,False,0,,
1003492,AXGN,"AXOGEN, INC",Health Care,Health Care Equipment,screen,2378183102.0,2266746102.0,1.3497757847533634,-0.18963850763580115,2023-10-01,0.7045454545454546,ev_ebitda,44,0,0.14694052885531594,0.08731103417874203,44.78555835845708,29.842051484889836,-3.5627768677106024,0.21848258778527985,0.531310071362683,0.16122237795253747,-0.23685697666385386,0,-0.00012080942650383175,0.08448679680006932,7.0,0.014161408033748605,0.02431393752731529,0.6654061964025965,0.1371428315258032,False,0,49.002347417840376,200
1003496,AXON,Axon Enterprise Inc,Industrials,Aerospace & Defense,screen,34849635610.0,35888919610.0,-0.4112368318376902,-0.5148857021481796,2023-10-01,0.0,ev_ebitda,60,1,0.2673910525431821,0.1870457198700596,27.599265870207503,20.337651236160152,1.1644963823010235,0.3005055804596999,0.36074665340065093,0.18360741561270877,0.10999051984612684,0,0.013635956555360762,0.014503640436472676,12.0,0.02407481712623042,0.03619723987381763,0.6452059798514692,0.02984801509831425,True,1,61.279342723004696,93
1000426,AXP,American Express Co,Financials,Consumer Finance,screen,205119109999.99997,218925109999.99997,-0.07468452895144795,-0.20347119013183101,2023-10-01,,,,,,,,,,0.08833944972892982,,0.03318784285445919,,,,0.0021448392048373233,,,,,-0.02671990979759642,False,0,,
1000517,AXS,AXIS CAPITAL HOLDINGS LTD,Financials,Reinsurance,screen,7087128530.0,7242702530.0,0.0002717692713787301,-0.20652959512284963,2023-10-01,,,,,,,,,,0.05461375397927282,,-0.015703041582660004,,,,0.047185712390824586,,,,,-0.06893944153618992,False,0,,
1004402,AXSM,"Axsome Therapeutics, Inc.",Health Care,Biotechnology,screen,9431172835.56,9229280835.56,0.5182379580074103,-0.2773837049809931,2023-10-01,,ev_ebitda,22,,0.1615828658258077,0.15078072782068613,37.03184643536957,12.710186720653075,,0.5072505939335508,,0.057422385583713265,-0.4221148614256426,0,-0.13765652276289375,-0.0383848113735078,10.0,0.0241959293367345,0.07539462498533674,0.9156205195890823,0.05308218684778221,True,0,,
1000403,AXTA,Axalta Coating Systems Ltd.,Materials,Paint & Coating,screen,6838195000.0,9270195000.0,0.1236897274633122,-0.22111891499152347,2023-10-01,0.1,ev_ebitda,60,0,0.22499246610278034,0.17823110330169484,7.606279679094553,7.265548238494248,2.117648776488435,0.03061017705888358,0.05093394238424698,-0.02377429970878142,-0.030392396991564152,0,0.012804328488187133,-0.00335679244334397,13.0,0.11967999297576935,0.12997008216132522,0.6715006797046856,-0.012711003049141412,False,1,33.18075117370892,716
1004276,AXTI,AXT Inc,Technology,Semiconductor & Solar Material,screen,5192807940.0,4826792940.0,16.24053452115813,-0.4503301853298304,2023-10-01,0.30952380952380953,ev_ebitda,42,0,0.42871309067496655,-0.18160465778734214,23.72028816449811,15.820107944713195,-7.681233453393434,0.791587244202193,1.139456835851536,2.414076323532692,8.262756423544554,0,1.9534288238004587,1.2338612509001678,2.0,-0.014659039860895848,0.02158673474698203,-0.3740839522135955,0.19861758852713085,True,0,,
1003243,AYI,Acuity Inc.,Industrials,Electrical Components and Equipments,screen,9263913120.0,9549313120.0,-0.0982372399808138,-0.176997253797613,2023-10-01,0.38333333333333336,ev_ebitda,60,0,0.191765582616424,0.1715095917032832,10.228524278490994,9.425163476312532,0.32416544006670067,0.04955711225380344,0.07576856677610433,-0.025029947824245613,0.014459521452770296,0,-0.014477490970199791,-0.0062233871741007585,6.0,0.09244204874690387,0.09792550913570039,0.9172862462369696,-0.003889232615650884,False,1,,
1000027,AZO,"AUTOZONE, INC.",Consumer Services,Automotive Retailers,screen,46852278600.0,55604483600.0,-0.3403585813381069,-0.35009897715947036,2023-10-01,0.0,ev_ebitda,60,0,0.21581499342317542,0.15021175707167658,11.808023875259032,11.182967181945898,1.9742404952639185,0.07130465193282043,0.062124294459973806,-0.0021572253555475207,-0.05060445530989999,0,-0.032127176539111235,-0.011332183406835061,15.0,0.05944349840024771,0.06132749584732214,0.5914288269260398,-0.02670032839610148,False,0,26.373239436619716,974
1000569,AZTA,"Azenta, Inc.",Health Care,Life Sciences Tools & Services,screen,1561461279.9999998,1289631279.9999998,0.21483286908077992,-0.48318767589986666,2023-10-01,0.38333333333333336,ev_ebitda,60,0,0.11868259372611754,0.05621744216580563,16.930878796275852,14.113125300042123,-4.660573224349227,0.048497452056781354,0.25220303553086576,-0.01167574669040461,-0.24622362314548207,0,-0.1302805464088339,0.01900882746087973,6.0,0.033003559976503526,0.03984679682424109,0.6765594272165925,-0.07491082531140092,False,0,42.5,364
1003018,AZZ,AZZ Incorporated,Materials,Iron & Steel,screen,4083830190.0,4563375190.0,0.23979724104257638,-0.1595493334583239,2023-10-01,,ev_ebitda,34,,0.22083218636452692,0.16387859262608992,11.385755957503557,10.299102229321717,1.2386943805234585,0.07657607889768814,0.09794320004422352,0.047460576811087396,-0.005310124025336593,0,0.005890015729311138,0.040613440325717676,3.0,0.06276933855989078,0.07802866213079752,0.639574178372838,0.09451316220485739,False,0,34.16666666666667,676
1000045,BA,The Boeing Company,Industrials,Aerospace & Defense,screen,152016568000.0,177894568000.0,-0.1379789649260993,-0.2959851666855866,2023-10-01,0.13333333333333333,ev_ebitda,60,0,0.07010975497856936,0.040629012626575145,22.613860150519212,15.43042788172778,6.251547261305424,0.11797050159421785,0.743902191140287,0.037297753526802646,-0.2139679838463473,0,-0.040488001735754064,0.002433203702941311,18.0,0.01577064452096051,0.058031634104542554,0.30475608160561696,0.10630753092222367,False,0,25.24647887323944,1001
1002918,BAC,BANK OF AMERICA CORPORATION,Financials,Diversified and Regional banks,screen,391917366000.0,1017394366000.0,0.07753874647315318,-0.15587557352454584,2023-10-01,,,,,,,,,,0.051008420152776734,,0.08378656865350842,,,,0.01948239563685683,,,,,-0.044605996109462365,False,0,,
1000302,BAH,Booz Allen Hamilton Holding Corp,Industrials,Research & Consulting Services,screen,8469447309.09,11865447309.09,-0.28486687490370144,-0.6115212860923929,2023-10-01,0.05,ev_ebitda,60,1,0.11159193955953606,0.10082493656147967,9.326111625743684,8.942211518253613,2.715021003715144,0.031454746593353455,0.03906722663851636,-0.10304543503716845,-0.09385142365472954,0,0.01713460426330804,0.0012054799322258614,12.0,0.1124375260093522,0.12122119053272695,0.748484559731965,-0.03285627205139752,False,2,28.673708920187792,894
1006542,BALY,Bally's Corporation,Consumer Services,Casinos and Gaming,screen,845202600.0,4864131600.0,0.23603603603603607,,2024-11-21,0.7666666666666667,ev_ebitda,60,,0.15555718988698758,0.057479799760469456,9.091852608575014,7.860448729084507,8.302319393795765,0.09122802580363976,0.13837594086294658,0.1359119115816454,-0.030886422057359697,0,-0.09844810678746563,0.005755185108481609,4.0,-0.3051682138956177,0.08792693176435419,-0.482111166342394,0.11754385654935362,False,0,,
1005486,BAM,Brookfield Asset Management Ltd.,Financials,Asset Management & Custody Banks,screen,72205055981.72485,74168055981.72485,-0.1822139159877263,-0.26779448300386655,2023-10-01,,,,,,,,,,0.14208048787957983,,0.022240229551373947,,,,0.00978986809901028,,,,,-0.005371115400036208,False,0,,
1000518,BANC,BANC OF CALIFORNIA INC,Financials,Diversified and Regional banks,screen,2724994469.9999995,,0.06714578740295551,-0.20555487007459916,2023-10-01,,,,,,,,,,0.08542053047139109,,-0.028810122358371104,,,,-0.003805256220254405,,,,,-0.033373641906399465,False,0,,
1003757,BAND,Bandwidth Inc.,Telecommunications,Telecommunication Infrastructure,screen,2312897047.72,2469309047.72,2.641871625674865,-0.22603263640999482,2023-10-01,0.7333333333333333,ev_ebitda,60,0,0.15082780917213073,0.12005029829662645,17.434741143747445,13.140786094468224,1.3373326288474103,0.120738107320018,0.22693638492399515,-0.009154087698562519,0.10281130980955422,0,0.03713045214579491,0.01589630271948894,4.0,0.047945410242179985,0.06431349654751135,0.7829668895228507,0.11703277659859546,True,0,,
1003316,BANF,BancFirst Corporation,Financials,Diversified and Regional banks,screen,3626783920.43,,-0.1519811351620196,-0.21127637963105095,2023-10-01,,,,,,,,,,,,0.07729034037490723,,,,,,,,,0.006534152746752175,False,0,,
1003292,BANR,Banner Corporation,Financials,Diversified and Regional banks,screen,2297234634.63,,0.05579940787078885,-0.09471693014457516,2023-10-01,,,,,,,,,,0.07646253496438082,,0.09341221310663483,,,,0.016484935197295103,,,,,0.009350860180261433,False,0,,
1003079,BATRK,"Atlanta Braves Holdings, Inc.",Consumer Services,Out-of-Home Entertainment,screen,3394473500.0,4071322500.0,0.2729021399374849,-0.024866457911217554,2023-10-01,,ev_ebitda,33,,0.09215622723208501,0.062358578574122,52.316822627616915,44.651825468466555,9.074201698588265,0.05899416582450412,0.19775343225314956,0.05786170933347479,0.0036209643284113024,0,-0.23259001852821648,0.012452375434782503,4.0,0.0037840201764898565,0.00618669158920961,0.1650561537356693,0.0113013071718302,False,0,,
1001052,BAX,Baxter International Inc.,Health Care,Health Care Supplies,screen,12245520000.0,19554520000.0,0.05605000165974605,-0.42907505036638705,2023-10-01,0.26666666666666666,ev_ebitda,60,0,0.20619834672590098,0.14485240547101974,7.996362616883927,7.7828075029888595,2.967535519946591,0.021984797970857173,0.017443726170239593,-0.026843165687770898,-0.15040934826425312,0,0.04999475349088822,0.025691750915020295,7.0,0.11935098663629107,0.1348601153552537,0.5976522594978865,0.007854370735138616,False,1,32.33568075117371,756
1004545,BBIO,BridgeBio Pharma Inc,Health Care,Biotechnology,screen,13100033498.439999,13687319498.439999,0.2668463611859839,-0.27026727292891206,2023-10-01,0.0,ev_sales,60,0,0.07387524702898332,0.021931989475682815,109.35156028533125,15.57443666762847,,0.6000716622109392,,0.19845479887190098,-0.002045440106022034,0,-0.1921943071630028,0.09021897899014575,13.0,-0.000762498152012529,0.05757372625645268,-0.07980273593997458,0.025581129337903574,True,0,,
1005930,BBT,Beacon Financial Corporation,Financials,Diversified and Regional banks,screen,2358697983.0,,0.23407491627530042,,2025-01-02,,,,,,,,,,,,-0.07122150006879646,,,,,,,,,-0.030987134666420002,False,0,,
1003178,BBWI,Bath & Body Works Inc,Consumer Services,Specialty Stores and Retailers,screen,3312799999.9999995,6132800000.0,-0.35516319113734374,-0.6718149721696327,2023-10-01,0.016666666666666666,ev_ebitda,60,1,0.17199160563480675,0.13909392370417464,5.018809997362684,5.084802897075639,2.194870730332348,-0.004768554642364364,-0.07512554770401891,-0.07722876078304475,-0.21008437178185202,0,0.0019878259657153396,0.0011161120476124164,13.0,0.22431271040497788,0.22306080597533873,0.6081224731580815,-0.044193147332513116,False,2,33.13380281690141,718
1002958,BBY,"BEST BUY CO., INC.",Consumer Services,Specialty Stores and Retailers,screen,18653790000.0,17567790000.0,0.22903317629925057,-0.06939464248048932,2023-10-01,0.6,ev_ebitda,60,0,0.06363582691414456,0.042492191307356174,6.468667096751347,6.249794204290522,-0.40485209365332253,0.02055768763203325,0.03658957634965221,0.008137416883164272,0.006043914822853047,0,0.02712153560502828,0.01719394785513928,17.0,0.0989237649877069,0.10962035834083035,0.6794623394800957,-0.014754151416495609,False,1,49.16666666666667,195
1000520,BC,BRUNSWICK CORP,Consumer Goods,Leisure Products,screen,4206410000.0,5712410000.0,0.038880085942844866,-0.3114806891377081,2023-10-01,0.36666666666666664,ev_ebitda,60,0,0.13811820794909446,0.09179620812902733,6.800850861120238,6.597885865190627,2.0872305273118634,0.04215454487125436,0.08109940407621452,0.0728430772348434,0.18997622805226388,0,0.011361631641507275,0.005584815798248544,8.0,0.11289966975251328,0.13174839974978647,0.5653900393773907,-0.013935731446909294,False,1,,
1005719,BCAX,"Bicara Therapeutics, Inc.",Health Care,Biotechnology,screen,1236252526.6,740156526.5999999,0.1785940468651046,,2024-09-13,,,,,,,-2.6690484361805873,-2.519867309207752,,,,,0.35469326981161253,,,,7.0,0.016760772235475174,0.02150320024188155,-0.07471952437536664,0.9893385336796028,False,0,,
1000521,BCC,BOISE CASCADE CO,Industrials,Industrial Distribution,screen,2631456900.0,2775046900.0,-0.029726562395888,-0.5053978986911756,2023-10-01,0.5333333333333333,ev_ebitda,60,0,0.06122292745133877,0.03145328467278577,6.565393617080296,6.1710922289699965,0.3925311784345984,0.04282800166706768,0.0970349560318533,-0.002495556057051207,-0.18793103645177178,0,-0.010133270642311287,0.006865722533334617,6.0,0.0777149663119537,0.10053940942253693,0.4838284092647657,-0.05366621262483595,False,0,,
1003536,BCO,Brink's Company,Industrials,Safety and Alarm Services,screen,4148755000.0,6243155000.0,-0.12811392970234847,-0.25172718134532124,2023-10-01,0.18333333333333332,ev_ebitda,60,0,0.19453013213316228,0.16503357488644393,5.5456996140155965,5.203733984857748,2.0136499919443023,0.040582020233687954,0.06336334268640798,0.009619995989402108,0.008704766334466596,0,-0.017927608453815358,-0.020580215305022853,3.0,0.1748197515304466,0.19073149257892705,0.6442590266988274,-0.03752816880421128,False,1,35.363849765258216,626
1000523,BCRX,BIOCRYST PHARMACEUTICALS INC,Health Care,Biotechnology,screen,2153139800.0,2578947800.0,0.0974967061923584,-0.2555853440571939,2023-10-01,,ev_ebitda,28,,0.38021252321337545,0.31515498790546675,9.106362211311305,6.910221289399545,,0.10031781670579143,,0.004063559679754247,0.35238266625413606,1,0.48987447304626097,0.011005081999643673,8.0,0.08554912805773907,0.13811069671829593,0.6504144558396137,0.1362914725605291,False,2,,
1003081,BDC,"Belden, Inc",Telecommunications,Communication Equipment,screen,4253563240.0,5135474240.0,-0.10108155395207197,-0.28388193797517247,2023-10-01,0.016666666666666666,ev_ebitda,60,0,0.18771425266144226,0.12918547642908096,6.9214620019352076,6.582723767276368,1.5350694862586352,0.10880109928152581,0.1281621641796733,0.35837248679493405,0.4242840362437592,0,0.3121557317571739,0.26759275136975313,4.0,0.08410693947367542,0.09883458983406126,0.4821720231729188,-0.02343234540332262,False,1,,
1000260,BDX,BECTON DICKINSON & CO,Health Care,Health Care Equipment,screen,48997385060.0,64941385060.0,0.24738644699822543,-0.09881345740689196,2023-10-01,0.31666666666666665,ev_ebitda,60,0,0.30680061729049746,0.23885199418222655,10.74959775876879,10.326382268506896,2.631513790963448,0.029315849949756112,0.018800443646834086,-0.17511032792409942,-0.2039903152352217,0,-0.03070002295539065,0.0008324498204688169,10.0,0.08606998522098762,0.0953334419095877,0.6980640905718534,-0.020377471028142025,False,1,25.762910798122064,988
1004231,BE,Bloom Energy Corp,Industrials,Heavy Electrical Equipment,screen,89750218980.0,89766762980.0,2.275156674943834,-0.1991325719242446,2023-10-01,0.7,ev_ebitda,60,0,0.2618392995715397,0.13188083993321226,49.2154137839589,30.54942177474174,0.02202623766820449,0.5761744927616173,0.7965943676067013,1.2863805789974738,2.0898828007140517,0,0.15861570395405744,0.09023497464609664,20.0,0.010434985115695669,0.022888299028804418,0.5134674608839686,0.18906266047781028,True,0,67.21830985915493,75
1004690,BEAM,Beam Therapeutics Inc,Health Care,Biotechnology,screen,2544527456.91,1491858456.9099998,0.007416563658838138,-0.4575105391613047,2023-10-01,0.4166666666666667,ev_sales,60,0,-8.475292922350075,-8.666746770765156,-2.80392638435874,-2.854287747064732,,0.6427154519053204,,-0.38464350990164076,0.21225631132030265,,,-0.3591589759817324,9.0,-0.20256259852645334,-0.20923386729834825,0.968735885499374,0.13214483406570698,False,0,,
1004643,BELFB,Bel Fuse Inc.,Technology,Electronic Components,screen,3431449080.0,3159605080.0,0.701793055242155,-0.3208785933852597,2023-10-01,,ev_ebitda,30,,0.23912334657579803,0.19624013930075265,15.074219460632081,12.68533855409516,-1.5868585011231697,0.08644828206754385,0.1738874221797886,0.15390377415267986,0.327871076612577,,,,5.0,0.05356166319226056,0.066816453123701,0.87686683258227,0.04866786119129318,False,0,45.05868544600939,294
1000524,BEN,Franklin Templeton Inc.,Financials,Asset Management & Custody Banks,screen,16770000000.0,17746300000.0,0.4573566991193416,-0.09287796751446176,2023-10-01,,,,,,,,,,0.07762879243676402,,0.09080298241197204,,,,0.02298726360124337,,,,,0.005406330468458842,False,0,,
1005910,BETA,"BETA Technologies, Inc.",Industrials,Aerospace & Defense,screen,5040880853.5,3777201853.5,-0.38611111111111107,,2025-11-04,,ev_sales,16,,-1.215566585267387,-1.5845554754668467,-9.439924688039373,-12.484845330555245,,3.4802469052241003,,-0.10263582190858755,0.12909018084408075,,,,8.0,-0.10273301678900662,-0.07991304303524387,1.294239974247375,1.2634393356628473,True,0,,
1006662,BETR,Better Home & Finance Holding Company,Financials,Specialized Finance,screen,208737029.1,309868029.1,-0.8040612753829711,-0.8721970489136749,2023-10-01,,ev_sales,11,,0.06296271203376701,30.583358484003316,17.327789116345752,12.616283357867363,,0.29975494209750675,,-0.3042528120152629,-0.7721317119925423,,,,5.0,42.55154273576767,53.87220288350677,496.6851691712838,0.10029622231295199,False,1,,
1000526,BFAM,BRIGHT HORIZONS FAMILY SOLUTIONS INC,Consumer Services,Educational and Vocational Training Services,pipeline,3355410523.95,4479105523.95,-0.41309754075711524,-0.5471859010801592,2023-10-01,0.03333333333333333,ev_ebitda,60,1,0.1731608534955201,0.14039283740238617,7.916014625160122,7.274720267715037,2.1992359886715827,0.05967068990662039,0.08908422688203776,-0.015574539176018254,-0.015020109684568905,0,0.00254691879355895,-0.004700273598531091,6.0,0.1187373837580213,0.1343946813752494,0.7041228393340848,-0.059381859063247666,False,2,33.88497652582159,688
1000525,BFB,BROWN-FORMAN,Consumer Goods,Distillers & Vintners,screen,11933682460.0,14073682460.0,0.001111867497381569,-0.5392708445172427,2023-10-01,0.1,ev_ebitda,60,1,0.2966822677868255,0.2815223240932884,12.042079041362866,12.063927269983918,1.832461828429635,0.00954370083723255,-0.00025401189508655886,0.0053903331543270205,-0.04329980873119377,0,0.0074555248750269865,-0.002454001246184334,12.0,0.08556966135134451,0.08273302616356534,0.8737516651555252,-0.011134102958840764,False,2,27.805164319248824,929
1005351,BFH,Bread Financial Holdings Inc,Financials,Consumer Finance,screen,3945458000.0,3547458000.0,0.7726433999619673,-0.13612800644410306,2023-10-01,,,,,,,,,,0.03559270947093274,,-0.006591051983200091,,,,0.010382990941367742,,,,,-0.10338843445977597,False,0,,
1005093,BFLY,Butterfly Network Inc,Health Care,Health Care Equipment,screen,2235721470.29,2127355470.29,3.642487046632125,-0.09768378650553866,2023-10-01,0.9583333333333334,ev_sales,48,0,0.0050250180338814,0.0050250180338814,2808.6782251700433,124.48883713126514,,0.27139358884366716,,0.16508591602286882,-1.047292621158131,,,-0.005346065524280963,2.0,0.0020720411835864904,0.010327191934061782,6.116148247125864,0.11224765389724367,False,0,,
1006410,BFST,Business First Bancshares Inc,Financials,Diversified and Regional banks,screen,997979499.6800001,,0.3019514027312755,-0.06349206353788328,2023-10-01,,,,,,,,,,0.05827230384069604,,0.02731487279992284,,,,0.0028941408206384356,,,,,0.11211677270965925,False,0,,
1000176,BG,Bunge Global SA,Consumer Goods,Agricultural Products,screen,20788950000.0,35409950000.0,0.35007210930403954,-0.1810033500766004,2023-10-01,0.7166666666666667,ev_ebitda,60,0,0.04490727148325699,0.024705758947230854,8.410462590923299,8.237220911544313,4.082515073055923,0.024596885164113402,0.055060555613978934,-0.08098972400973847,0.07327632280787788,0,0.007379353936380673,0.019775874233834312,6.0,0.08237891662385845,0.09742776057023501,0.4067646475962205,0.16853135550786624,False,1,23.720657276995304,1030
1003592,BHF,"Brighthouse Financial, Inc.",Financials,Life & Health Insurance,screen,2894909667.6499996,-1056090332.3500004,-0.05990957045968348,-0.25086323374868635,2023-10-01,,,,,,,,,,0.031914853380678565,,-0.05621801786784664,,,,0.030368538207306894,,,,,-0.027410140868161514,False,0,,
1005731,BHRB,Burke Herbert Financial Services Corp.,Financials,Diversified and Regional banks,screen,1274028196.1000001,,0.14976150266114008,-0.07396383577368848,2023-10-01,,,,,,,,,,,,-0.027192301784433992,,,,,,,,,0.22002644209474687,False,0,,
1003546,BHVN,Biohaven Ltd,Health Care,Biotechnology,screen,1979365186.8000002,1970979186.8000002,-0.11059293804130577,-0.7765690376569038,2023-10-01,0.4146341463414634,ev_sales,41,0,-6.830157841533556,-0.0,-4.5124444543336235,-4.871822001442372,,-0.0609661179848866,,-0.764477521291621,-0.33053355135362783,,,1.4603214040527894,13.0,0.007326339519965478,0.009784956239388756,-0.03320036049915076,0.3031953182295424,False,0,,
1000222,BIIB,BIOGEN INC,Health Care,Biotechnology,screen,33133334000.0,39938634000.0,0.6125071387778411,-0.15697544226319327,2023-10-01,0.6833333333333333,ev_ebitda,60,0,0.34917352436367055,0.31656497788292787,10.723203160369394,10.251624796959874,2.049305422600555,0.022216436824678665,0.12734816037296137,0.15216042321321788,0.07743467111193114,0,0.028270324317205775,0.05813479914609854,21.0,0.09559872678631696,0.10423048286488788,0.8504495858067336,0.00745888363850411,False,1,33.485915492957744,702
1004666,BILL,Bill.com Holdings Inc,Technology,Application Software,screen,4868598680.0,4767212680.0,-0.19690390787238055,-0.6323567539538502,2023-10-01,0.0,ev_ebitda,60,1,0.25531442005438326,0.21679396527894762,10.20280899789107,8.884384197512343,-0.26915350064614074,0.10822095025046097,0.2458212031350151,-0.00030071548919086144,0.39485102283332485,0,0.06011062930559752,-0.011390172516335895,9.0,0.0910471800184845,0.06709665714722565,0.9486930193490704,-0.007461946123696994,True,2,69.63615023474179,58
1000528,BIO,BIO-RAD LABORATORIES-A,Health Care,Life Sciences Tools & Services,screen,9534253980.0,9119453980.0,0.3470879845928885,-0.03235640723471844,2023-10-01,0.9166666666666666,ev_ebitda,60,0,0.1734654724332511,0.12839902058775776,19.768705179211125,18.677748452857692,-0.943200274895258,0.028982855077387404,0.06412323190099878,-0.04958185447302321,-0.13335149766207777,0,0.024995796290162575,-0.0004656077109649326,3.0,0.0392187403421421,0.03360311857490068,0.810568543878448,-0.02558434135819776,False,0,42.31220657276995,371
1000530,BIP,Brookfield Infrastructure Partners LP,Financials,Specialized REITs,screen,16480901310.0,75860901310.0,0.1328733991833979,-0.15580294285494567,2023-10-01,0.4166666666666667,ev_ebitda,60,0,0.3862338506197428,0.23085362958821795,10.862501036685824,8.888070492511225,7.417555531973526,-0.058448378350808405,0.07381902571066679,0.08432061801742319,-0.12698250568465674,0,-0.15040341900879628,-0.12229935751361332,3.0,0.12977942273287837,0.16423250527741876,0.30626588927985476,0.00013098607835804188,False,1,,
1005573,BIRK,Birkenstock Holding Plc,Consumer Goods,Footwear,screen,5983284655.95,7118119645.101536,-0.28375690607734816,-0.4901683183891773,2023-10-11,0.0,ev_ebitda,42,0,0.31050203473495747,0.2295109702547003,7.56463635282746,6.695470892536825,1.3926969801780935,0.13061929316863097,0.1410482768228798,-0.022290147838552543,-0.05419473714155154,0,0.012623566560006516,0.005429659067280879,15.0,0.09865956450314205,0.11950959390157437,0.6273380518900248,-0.017603732688412643,False,1,42.80516431924883,355
1004181,BJ,BJ's Wholesale Club Holdings Inc,Consumer Services,Hypermarkets & Supercenters,screen,12053996370.0,12653259370.0,-0.013404825737265424,-0.23294980823745204,2023-10-01,0.2,ev_ebitda,60,0,0.05019831072595188,0.020233261936510462,10.508018611077683,9.898453864571692,0.5111248768085531,0.08718000863615472,0.07349073980290255,0.048770353222197915,-0.01743585214982224,0,0.02375949188873583,0.016522273006680743,16.0,0.03623208893773056,0.04097994793789828,0.3626960726383447,-0.011358337978724431,False,0,27.523474178403756,940
1000531,BJRI,"BJ'S RESTAURANTS, INC.",Consumer Services,Restaurants & Bars,screen,1296923250.0,1369380250.0,0.8765149033737307,-0.22852141125774317,2023-10-01,0.7166666666666667,ev_ebitda,60,0,0.1072221519084859,0.030059018212485134,8.430202019546222,7.440680391534991,0.49886311832767816,0.055274652536632995,0.11155252314479402,0.022020637002202914,0.10879102692783982,0,0.03965736855761648,0.014073550577965444,6.0,0.03292340934378549,0.008151012314016227,0.2628651424671658,-0.04273141649954548,False,0,21.091549295774648,1052
1000558,BKD,BROOKDALE SENIOR LIVING INC,Health Care,Long Term and Alternative Care,screen,2643789280.0,6526115280.0,0.27863046044864226,-0.3542039355992844,2023-10-01,0.1,ev_ebitda,60,0,0.1922543614592667,0.12362231797971066,11.286374732389381,10.093510162569785,7.860242414576949,0.04060655404542568,0.13049876756061418,-0.09211139127868173,0.13013716279088827,0,0.003914999735985747,-0.02902034550138688,5.0,0.055732634192297785,0.08503357135460529,0.254821537815153,0.03247520763920897,False,0,,
1003008,BKH,Black Hills Corporation,Utilities,Multi-Utilities,screen,5337654000.0,9752054000.0,0.1822089981648436,-0.07036414759664977,2023-10-01,0.4166666666666667,ev_ebitda,60,0,0.38319418419659446,0.051218976698682396,10.025984398623075,9.506176826700335,4.920365242017514,0.032616215792542924,0.05524060985246515,0.027750801951457404,-0.03709310351505879,0,0.0008574758916202185,0.00032840608205608746,3.0,-0.02556665473914789,-0.045640138735512585,-0.14029921852091837,0.04332903154645962,False,0,,
1000059,BKNG,Booking Holdings Inc,Consumer Services,"Hotels, Resorts & Cruise Lines",screen,123415600000.0,124381600000.0,-0.23877960484333727,-0.2938019827736027,2023-10-01,0.0,ev_ebitda,60,0,0.38345933927850756,0.40074250484007984,10.113171597588519,9.131005624262475,0.0910160198031304,0.09121874296136956,0.12108931264680822,0.029065542525158916,0.019551324159164274,0,-0.00015453608590765278,-0.002194873750098525,26.0,0.10144019311365848,0.11089666201959149,1.0179146466523372,-0.049317887665407234,False,1,45.62206572769953,280
1003140,BKR,Baker Hughes Company,Energy,Oil & Gas Equipment & Services,screen,55453140000.0,55979140000.0,0.14446731021109205,-0.20645574721991877,2023-10-01,0.55,ev_ebitda,60,0,0.18909933204626408,0.13304850459368284,8.92618866287209,8.006155089553971,0.10198409413664768,0.08846412221435251,0.15201544458577865,0.0026727429385675627,-0.05996183997405391,0,0.1539128032871524,0.15177591637276744,14.0,0.06809758121535127,0.08250769695974261,0.6021402641842968,-0.0024052299805147337,False,0,44.377934272300465,319
1005361,BKSY,BlackSky Technology Inc,Industrials,Aerospace & Defense,screen,812667600.0,789325600.0,0.057568238213399514,-0.5872554716250242,2023-10-01,,ev_ebitda,21,,0.25721775112955897,0.14379481595867405,15.056747917420735,8.824504946574061,-1.5350385662920487,0.3546669686429036,1.1170294293439138,0.0247744863832966,-0.22084241641431834,0,0.021789703184112774,0.04747692356686395,3.0,0.023826995024209097,0.07568119299069931,0.3693662502160833,0.3780315363370179,False,0,48.36854460093897,214
1000559,BKU,BANKUNITED INC,Financials,Diversified and Regional banks,screen,3066945995.04,4913008995.04,0.1377281110244828,-0.1598826301463666,2023-10-01,,,,,,,,,,0.04635040683275293,,-0.018261590264665006,,,,-0.018310427446216027,,,,,-0.01772497122243366,True,0,,
1005760,BKV,BKV Corporation,Energy,Oil & Gas Exploration & Production,screen,2364488880.0,3270070880.0,-0.07738867271941197,,2024-09-26,,ev_ebitda,31,,0.35497017581720314,0.09442794300500423,5.2921720546190505,4.487640379237044,1.737617136338446,0.048589842725256904,0.12024217928493064,0.5467635528525954,0.12253772055541523,0,0.059018651640234454,0.01649777549375453,8.0,0.029554971318527884,0.07963330039930451,0.11309531304347165,0.2286531235091629,True,0,,
1003566,BL,Blackline Inc,Technology,Application Software,screen,2020164720.0,2161948720.0,-0.5003766478342749,-0.6135469774217044,2023-10-01,0.0,ev_ebitda,60,1,0.3168347918494331,0.27501594544032565,8.05327680661392,6.790119139144837,0.6246052174581198,0.10510611243753165,0.16391882917483236,0.0004753252118574469,0.014281526568365788,0,-0.00672709798014437,-0.004382585688408547,11.0,0.12164994574160039,0.15029520491296097,0.9154316851083171,-0.014158099344496966,False,2,23.767605633802816,1028
1003019,BLBD,Blue Bird Corporation,Industrials,Heavy Transportation Equipment,screen,1954390929.6000001,1924376929.6000001,-0.035621198957428324,-0.3190184049079755,2023-10-01,0.26666666666666666,ev_ebitda,45,0,0.1273877453257348,0.07261322667943468,7.484267560657395,6.561500494359563,-0.1227877420845299,0.11821631010627964,0.0954435825252582,0.26854653656476035,0.08709495265203326,0,-0.04880739083905061,0.01275061463466165,5.0,0.07374710777908564,0.10839589981790645,0.560551597354924,0.004264405729389242,False,0,50.551643192488264,169
1000560,BLDR,BUILDERS FIRSTSOURCE INC,Industrials,Building Products,screen,6168795400.0,10694458400.0,-0.5298144329896908,-0.7299640015157256,2023-10-01,0.38333333333333336,ev_ebitda,60,0,0.08270691794992334,0.06253980893141639,8.692194262118,7.838148888509918,3.737588190166695,0.04047613265962102,0.12038370899367101,-0.09951021294580176,-0.3555849744584688,0,-0.15263816561467947,-0.0482579527959659,22.0,0.10617774013125278,0.1205607393200094,0.5323588427001549,-0.04698521796200128,False,1,36.34976525821596,577
1003389,BLFS,BioLife Solutions Inc,Health Care,Health Care Equipment,screen,1813058293.6200001,1802206293.6200001,0.5229321834574676,-0.00943396226415083,2023-10-01,0.717391304347826,ev_ebitda,46,0,0.3184617699208639,0.1287286285103643,41.59324637745093,34.460047317034686,-0.4356103343306074,0.1772947896325252,0.4495945333271667,-0.030178270001642415,-0.09563103225402358,0,0.03527869626560398,0.006699326925296845,2.0,0.011866177584296872,0.028306551363669767,0.49652478034935277,0.03584665370704343,False,0,44.894366197183096,299
1000561,BLK,BLACKROCK INC,Financials,Asset Management & Custody Banks,screen,175193655999.99997,177445655999.99997,-0.0728759071411339,-0.10118480434614785,2023-10-01,0.06666666666666667,ev_ebitda,60,0,0.4848969134925284,0.4848969134925284,12.242345887977098,10.888225808753123,0.18080692470628018,0.12466235173648998,0.12049356279767198,0.08149747481322822,0.05059566671424398,0,0.036388228453272164,0.04388652875040755,5.0,0.08627088355547248,0.09897928004601844,1.0427540741194028,0.03842217923162283,True,1,,
1003022,BLKB,"Blackbaud, Inc.",Technology,Application Software,pipeline,1909828539.35,3025447539.35,-0.3528222671435236,-0.5256980056980057,2023-10-01,0.13333333333333333,ev_ebitda,60,1,0.37610038237757504,0.3395505162761721,6.544559103560116,,2.60723368867923,,,0.022928668957366005,0.0412520150613076,0,0.003394652322515457,0.0032211370784580584,2.0,0.18787908810249032,,0.7761820408451742,-0.055405862941732886,False,2,,
1000286,BLL,BALL CORP,Materials,"Metal, Glass and Plastic Containers",screen,15093353500.0,21822353500.0,0.12679284114453826,-0.18253748628362787,2023-10-01,0.05,ev_ebitda,60,0,0.1475867332054368,0.10282471075823388,9.473350727602018,8.932948942906036,3.139488128623233,0.032163266158756754,0.05947409582256635,0.1318807453182782,0.032535538372013395,0,0.004484629797686379,0.045528486001424895,11.0,0.1069458708685566,0.12166260296310807,0.700731748376309,-0.07212135108175044,False,1,33.83802816901409,689
1005912,BLLN,"BillionToOne, Inc.",Health Care,Life Sciences Tools & Services,screen,5759216112.4800005,5301619112.4800005,-0.022948411969891724,,2025-11-06,,ev_ebitda,18,,0.18208010497938906,0.11165680211656114,50.80699717437746,33.92943261074474,-7.109526298541355,0.24085156145462494,0.46450498222447734,0.048327895310219526,0.25214388466852444,,,,5.0,0.012230781920665554,0.025860090078583843,0.6750448101570364,1.3194704558832249,True,0,73.39201877934272,32
1005865,BLSH,Bullish,Financials,Securities exchange,screen,5277086360.0,,-0.45150133626788236,,2025-08-13,,,,,,,,,,0.13402413008733793,,0.02595051088996092,,,,-0.24804097059579755,,,,,0.16181749453084082,False,0,,
1005394,BLTE,Belite Bio Inc,Health Care,Biotechnology,screen,6548912883.799999,6055069883.799999,1.2948648648648646,-0.12287588451009768,2023-10-01,,ev_sales,25,,-0.12226709103213541,-0.0,-264.65185433016336,42.684994420064605,,,,1.090454876832271,4.422992416906753,,,0.23035123457971718,4.0,0.0033729904718871567,0.003976232647572905,-0.9654729469593284,0.15806800003833632,False,0,,
1006582,BLZE,Backblaze Inc,Technology,Internet Services and Infrastructure,screen,862058281.9,858889281.9,0.507543103448276,,2025-07-09,,ev_ebitda,15,,0.2745610210755795,0.14320397839106078,14.428113337049828,10.421562625903286,-0.07203371037654956,0.24180766663649989,0.30958467308764925,0.10466087396839852,0.24765689394679757,0,0.20348941166265844,0.08975011138064914,4.0,0.02558010760949737,0.053297865254734136,0.37043444046041507,0.20863095024274858,False,0,,
1003499,BMI,Badger Meter,Technology,Electronic Equipment & Instruments,screen,3740957384.67,3598989051.3366666,-0.30022982539466103,-0.5088359974975653,2023-10-01,0.0,ev_ebitda,60,1,0.23535502557470417,0.2084476516942303,15.481953724130475,14.281953652863464,-0.6638606019427161,0.07922119252334081,0.08904045357734236,-0.05214494424881155,-0.04069139846165526,0,0.007674901918073962,0.006002439088620193,4.0,0.0545354951212066,0.056050198504479044,0.8776215137760238,-0.004551435098794188,False,1,38.298122065727696,508
1000356,BMRN,BIOMARIN PHARMACEUTICAL INC,Health Care,Biotechnology,screen,11364651480.0,14018585480.0,0.10782865583456425,-0.3939393939393939,2023-10-01,0.2,ev_ebitda,60,0,0.40872627175218507,0.32067871163853623,7.649501389798518,6.848133871079661,2.169342894262757,0.11205140741919184,0.2187773121454022,0.20179823610273706,0.2095717392777836,0,0.007179581933598023,-0.003546850313897676,13.0,0.11346474327724762,0.13331356298188968,0.703632661195583,0.0022289136590514236,False,1,39.894366197183096,460
1000377,BMY,BRISTOL-MYERS SQUIBB COMPANY,Health Care,Pharmaceuticals,screen,125870080000.0,157923080000.0,0.45000243309460175,-0.08356586870318705,2023-10-01,0.7666666666666667,ev_ebitda,60,0,0.4284278253139927,0.40029914021034435,7.634627019927925,8.784120583116293,1.556334242869925,-0.08204260540870956,-0.0800154646097394,0.12785027502254276,0.07680657509316569,0,0.04606587833937614,0.04327244458380375,21.0,0.14168777016733203,0.12757461808169332,0.8621783105108818,0.005196747530001655,False,1,32.99295774647887,724
1004864,BNL,Broadstone Net Lease Inc,Financials,Diversified REITs,screen,3654763250.0,6331684250.0,0.10155271614726513,-0.17727131936499407,2023-10-01,0.5166666666666667,ev_ebitda,60,0,0.9619100345062025,0.026227808972205002,12.98186116339635,11.862488397055929,6.375538774832128,0.03556573587907552,0.11538424840586514,0.04269790827107389,0.06532170764060452,0,0.02418685679947763,-0.006804784976333744,7.0,-0.031285048891974296,-0.04133459152211183,-0.23443032965471775,0.014239972805085044,False,0,,
1000434,BNY,Bank of New York Mellon Corp.,Financials,Asset Management & Custody Banks,screen,99597045240.0,2137045240.0,0.35049560135982594,-0.12260373695704929,2023-10-01,,,,,,,,,,0.049817256039218494,,0.09777304993518943,,,,0.029083161920955947,,,,,-0.040869831754879904,False,0,,
1005961,BOBS,"Bob's Discount Furniture, Inc.",Consumer Services,Home Furnishings Retailers,screen,1882696427.64,2734198427.6400003,-0.18566392479435956,,2026-02-05,,ev_ebitda,15,,0.10147170911586992,0.040884537196921346,9.620389124321255,8.601304150915386,3.3415035307482532,0.08020312443869182,0.10680457256768783,-0.002516286991779415,-0.005216810969393304,,,,10.0,0.061719127155698654,0.08444664665439433,0.40884875873133564,0.09121098673023886,False,0,31.326291079812204,798
1000564,BOH,BANK OF HAWAII CORP,Financials,Diversified and Regional banks,screen,2730574219.04,,0.09034141072487678,-0.18986721646014104,2023-10-01,,,,,,,,,,0.05821324349066215,,0.042277428315183,,,,-0.0268927905220796,,,,,-0.0006964552987518413,False,0,,
1000565,BOKF,BOK FINANCIAL CORPORATION,Financials,Diversified and Regional banks,screen,7596620524.5199995,,0.15685077884551002,-0.13088583323569636,2023-10-01,,,,,,,,,,0.05281537455840124,,0.02047311429699228,,,,0.00819365425929841,,,,,-0.02927318056680306,False,0,,
1000438,BOOT,"Boot Barn Holdings, Inc.",Consumer Services,Apparel Retailers,screen,3702108980.0,4368895980.0,-0.27305092927830077,-0.42076161169343207,2023-10-01,0.23333333333333334,ev_ebitda,60,0,0.18150324881135127,0.08898579835538886,9.209828799053449,8.318162138367336,1.521159741704849,0.1430561554520855,0.14344362883786044,0.0681924897614059,0.23352150463950938,0,0.04876917087945576,-0.0006846376760991646,10.0,0.06350807964211558,0.06917962954416218,0.4956305094974332,0.0020233686898110115,False,0,36.09154929577465,592
1006477,BOW,"Bowhead Specialty Holdings, Inc.",Financials,Specialty Insurance,screen,1134256175.0,1116008175.0,0.24889053254437887,,2024-05-23,,,,,,,,,,0.19698517526905257,,0.008856527689288463,,,,0.01484864361431848,,,,,0.06386835330179741,True,0,,
1000566,BOX,BOX INC,Technology,Application Software,screen,4834277400.0,4842353400.0,0.03749612643321942,-0.13151750972762644,2023-10-01,0.3333333333333333,ev_ebitda,60,0,0.30952306080733705,0.10979913505006571,12.123873118749357,10.971598418931707,0.020792751252191145,0.0912429499027434,0.09739160143195558,0.02587507089779284,-0.001318492110106817,0,0.009957187914250154,0.007519032011482629,9.0,0.02864998673171878,0.049515148519014625,0.34676950117727323,0.0018860170898133966,True,0,67.4530516431925,73
1000568,BPOP,POPULAR INC,Financials,Diversified and Regional banks,screen,10004075033.68,,0.2519510061508903,-0.1212495675167039,2023-10-01,,,,,,,,,,0.05462296590164928,,0.005232576911635478,,,,0.008676366930347346,,,,,-0.0580381943156516,False,0,,
1004330,BR,Broadridge Financial Solutions Inc,Technology,Application Software,screen,18628940000.0,21480640000.0,-0.3081336107700213,-0.3839633053042919,2023-10-01,0.06666666666666667,ev_ebitda,60,0,0.248622436085359,0.22126597521349883,10.998477525581253,10.707009563007853,1.550066035156477,0.04916426428311138,0.055443690694046754,0.03329703567865394,0.04258172245329206,0,0.0220469906940004,0.011750962653826802,5.0,0.08774339548166818,0.09201172721145748,0.836927687557789,-0.008537705654767525,False,1,33.532863849765256,699
1004646,BRBR,Bellring Brands Inc,Consumer Goods,Packaged Foods & Meats,screen,862840000.0,1947140000.0,-0.788445667125172,-0.903136415165638,2023-10-01,0.0,ev_ebitda,60,1,0.13556125123656965,0.1328604189759591,6.027881965062688,5.61207251824891,3.7629044202541637,0.025565801631155738,0.09747848038337881,-0.13266530627502604,-0.4176547013858817,0,-0.023135195337033676,-0.009879786411518321,11.0,0.27888405435860825,0.2845631233677299,0.7449403774998922,-0.05723123265302965,False,2,41.39671361502347,406
1003346,BRKA,Berkshire Hathaway Inc.,Financials,Property & Casualty Insurance,screen,1079838843035.0,854140843035.0,-0.009539909838239158,-0.07703095076295796,2023-10-01,,,,,,,,,,0.005268394800687304,,0.1346169778297166,,,,0.05258805311335801,,,,,-0.0021871245337667933,False,0,,
1000012,BRKR,Bruker Corp,Health Care,Life Sciences Tools & Services,pipeline,9433462000.0,11073362000.0,1.001370369824048,-0.305880191989379,2023-10-01,0.26666666666666666,ev_ebitda,60,0,0.20302014910412147,0.16021662849848103,14.724593765004718,13.305965639249944,2.421650928958672,0.04791277461301835,0.10190804914259766,0.011509003341236834,0.08091440081136292,0,-0.000829647571542691,-0.011148046660891198,12.0,0.06665652853860737,0.07454295219557072,0.8361373439271865,0.01044716142600044,False,0,30.22300469483568,847
1000570,BRO,BROWN & BROWN INC,Financials,Insurance Brokers,screen,20631180000.0,25107180000.0,-0.344396381794532,-0.5055274831783589,2023-10-01,0.03333333333333333,ev_ebitda,60,1,0.34313104243027115,0.33126747710971216,10.036976383551131,9.371670280073547,1.904639526602633,0.05013372849621511,0.044631773693868615,-0.08268891809197165,-0.1021017734049835,0,-0.012119884945074544,-0.014870522653322671,9.0,0.11761467630717579,0.12772360774690583,0.9700420303263196,0.08439434971284832,False,2,,
1005220,BROS,Dutch Bros Inc,Consumer Services,Restaurants & Bars,screen,6873081930.0,6802940930.0,-0.2632785632403516,-0.5483190816446059,2023-10-01,0.06666666666666667,ev_ebitda,60,1,0.1858684273888014,0.061067683532969506,13.706519596413981,11.051798216927233,-0.1909340867250405,0.2330188608870014,0.2581268624133686,0.09265194986080982,0.06943489171848927,0,0.03396267207279324,0.03645741276334502,17.0,0.019931268004795107,0.035949341380841396,0.27600499460389905,0.001979975988727567,False,1,43.65023474178404,332
1006812,BRUN,Boost Run Inc. Class A Common Stock,Technology,Software - Infrastructure,founder-led,,,,,,,,,,,,,,,,,,,,,,,,,,,True,0,,
1000571,BRX,BRIXMOR PROPERTY GROUP,Financials,Retail REITs,screen,8489354400.0,13625658400.0,0.04101497687848954,-0.1557051085959008,2023-10-01,0.016666666666666666,ev_ebitda,60,0,0.7024313630986867,0.4817004086843494,13.009818104611618,12.416519048968814,5.322147825222,0.03866717530729136,0.05926454058853792,0.02577019616940257,0.04757561416450784,0,0.030620211860073576,0.009147792784738318,10.0,0.05624186262556686,0.08035407397038033,0.455877425715682,0.006373630635996275,False,0,,
1005280,BRZE,Braze Inc,Technology,Application Software,screen,2929306950.0,2615278950.0,-0.11744022503516172,-0.5797756571237234,2023-10-01,0.06976744186046512,ev_ebitda,43,1,0.10964595239688929,0.04877273624287398,26.134211308302906,17.508875098995176,-3.8019306978209624,0.20270553857100881,0.7678779707149583,0.0835967992067621,0.49917813867329297,0,0.0393987160886089,0.014472174629801993,16.0,0.01891137315973568,0.038860206166843596,0.5535786423660451,0.057856035007055384,True,1,74.56572769953051,23
1000572,BSM,"BLACK STONE MINERALS, L.P.",Energy,Oil & Gas Exploration & Production,screen,3078390080.0,3272716080.0,0.18951097907833692,-0.05603164139749506,2023-10-01,0.75,ev_ebitda,60,0,0.7100017133090023,0.7100017133090024,9.297865604479954,7.755866632740331,0.5828288212187358,0.10618544990766354,0.12718894828532146,-0.03242944252366875,-0.10637745303482227,0,0.003730643310806858,0.007909843288124607,3.0,0.10926865389515535,0.13249381337994526,0.955639688122732,0.004257617624140231,True,1,58.274647887323944,106
1000372,BSX,BOSTON SCIENTIFIC CORPORATION,Health Care,Health Care Equipment,screen,63755603999.99999,75840604000.0,-0.552903820546963,-0.5963565748104309,2023-10-01,0.05,ev_ebitda,60,1,0.3118891058907109,0.26257792016776355,10.968431511036373,10.128409448953482,1.843165233496437,0.05577195170751392,0.059925911632111806,-0.09035498233228967,-0.11454710506578525,0,-0.07644554194967879,-0.04916265200365433,18.0,0.08597063409779054,0.09401523102461896,0.7927043458629504,-0.0024654429143292633,False,2,31.279342723004696,800
1004818,BSY,Bentley Systems Inc,Technology,Application Software,screen,10445864413.0,11516063413.0,-0.37465669485839703,-0.4522449415582829,2023-10-01,0.05,ev_ebitda,60,0,0.3756952392199394,0.3934904099307559,16.358785941340674,14.100505819375043,1.7932894284056753,0.10857454352989282,0.14738863028010796,0.03687428636889223,0.04402691698130523,0,0.008446767931079568,-0.002217836634650694,9.0,0.06871404770010105,0.08029572600138381,1.0196166961444189,-0.019452624010583786,False,0,34.80046948356807,653
1005650,BTSG,"BrightSpring Health Services, Inc.",Health Care,Long Term and Alternative Care,screen,12613003760.0,14253382760.0,0.9198240866035183,-0.2216431216568372,2024-01-26,0.6666666666666666,ev_ebitda,39,0,0.055877912419959146,0.04565218132856837,14.586936787110359,12.476296967689718,2.0966073038242095,0.139212493577749,0.16820060431187245,0.11978542497658906,0.30591218948270504,0,0.02673804172033223,0.018882709895682304,16.0,0.052916879040332716,0.06686305793784149,0.6830600734978958,0.06868235347330942,False,0,30.974178403755868,818
1000104,BTU,PEABODY ENERGY CORPORATION,Energy,Coal & Consumable Fuels,screen,3018280000.0,2830980000.0,-0.07019914889469747,-0.3786722985622678,2023-10-01,0.7666666666666667,ev_ebitda,60,0,0.18242675971597452,0.10846595852636015,3.3542969787222314,3.560474931957389,-0.4013666295695097,0.03488630951490368,0.2998911466339611,0.07090604239921872,0.08301317104241757,0,-0.10642516755608022,-0.018169346913523676,4.0,0.16790892229092128,0.14291986735535417,0.6004792573050937,-0.08142584369714223,False,1,47.92253521126761,224
1005867,BULL,Webull Corporation,Financials,Investment Banking & Brokerage,screen,3814638776.1,1900070201.1,-0.5287356321839081,-0.8891891891891892,2023-10-01,,ev_ebitda,14,,0.28118590746755634,0.3083899778784059,6.8883192225473415,5.964780611613253,-11.06996850167912,0.1716024616957712,0.268227524042971,0.16146883455186645,0.12970028950388235,,,,3.0,0.07500583333652638,0.07837002351455166,1.0372706223531079,0.970959006455655,False,0,,
1000576,BURL,BURLINGTON STORES INC,Consumer Services,Apparel Retailers,screen,17591846720.0,18801715720.0,0.04986247544204314,-0.2821139740455144,2023-10-01,0.13333333333333333,ev_ebitda,60,0,0.11659017178212178,0.04230536329072656,12.577581940845977,11.176529318332745,0.8475513929105125,0.09813688336065529,0.14050263480302672,0.02072690914675679,0.06767656756123763,0,-0.0029460668050996786,-0.0009339807392649835,14.0,0.027890927311049706,0.0407543947281906,0.32822681580007057,-0.006672049885413367,False,0,37.94600938967136,517
1003402,BUSE,First Busey Corp,Financials,Diversified and Regional banks,screen,2515453353.7200003,,0.30926863355374756,-0.07758074730842301,2023-10-01,,,,,,,,,,0.03864938987151145,,-0.060584196387974076,,,,-0.026567131306701408,,,,,0.20993952521295878,False,0,,
1004184,BV,BrightView Holdings Inc,Industrials,"Waste, Disposal & Environmental Services",screen,946912000.0,1815212000.0,-0.25373134328358216,-0.46609717031500264,2023-10-01,0.05,ev_ebitda,60,0,0.13471010545196394,0.07263243014814483,4.883939838036657,4.6189203619202805,2.5354659258917565,0.017150370042412932,0.07136711981084165,-0.0352039153572139,-0.07849296669085892,0,-0.046423837850860794,-0.013850923223514666,7.0,0.1495946130927204,0.19036700119686312,0.381125956015044,0.24062145411004776,False,1,41.86619718309859,387
1000258,BWA,BORGWARNER INC.,Consumer Goods,Auto Parts,screen,12456394000.0,13876394000.0,0.38379836031868875,-0.21758156384172478,2023-10-01,0.7166666666666667,ev_ebitda,60,0,0.15547808739469185,0.10083187827822139,6.0220706574985785,5.646398402424118,0.6529787697848605,0.05205462418285389,0.06430861385729614,-0.030279775254506536,0.02041203973336847,0,-3.0402506040916322e-05,-0.002398223754273565,8.0,0.11798396308927135,0.12361646290778279,0.6378000383755166,-0.04423921701032263,False,1,38.69718309859155,496
1004632,BWIN,"Baldwin Insurance Group, Inc.",Financials,Insurance Brokers,screen,4489831710.0,6406996710.0,0.12690535271180425,-0.42503165129318143,2023-10-01,0.5166666666666667,ev_ebitda,60,0,0.24959261341752145,0.20271826938745172,11.674731907240462,10.105775786507296,4.390699370619031,0.09539559711785195,0.1635995898512026,0.12558438252275161,0.1704711819056115,0,-0.0027570975032180645,-0.003522591185427193,8.0,0.06390243864491041,0.08362301863186054,0.5228052141734653,0.09567768497096818,True,0,,
1000440,BWXT,"BWX Technologies, Inc.",Industrials,Aerospace & Defense,screen,12585672137.869999,13994246137.869999,-0.2526705896446514,-0.42370739707439875,2023-10-01,0.43333333333333335,ev_ebitda,60,0,0.17796435072847788,0.11208538722207753,18.676832758662304,16.795389657880442,2.187607674506722,0.09997949512598447,0.11767895730915812,0.12748288874032987,0.05516867741084286,0,-0.0020880220481673817,0.004361964733076595,13.0,0.03717496836269334,0.04261777508791243,0.6244256624882553,0.0007841411156201961,False,0,23.485915492957744,1032
1000577,BX,THE BLACKSTONE GROUP L.P.,Financials,Asset Management & Custody Banks,screen,139618012729.75,150305669729.75,-0.31731382968175215,-0.4012490569374746,2023-10-01,0.03333333333333333,ev_ebitda,60,0,0.6269726764707885,0.6269726764707885,12.659594161534852,11.559436729055138,1.1657569728968833,0.16051014899474847,0.17463407837624123,-0.08946849006221813,-0.06606079477631455,0,-0.004751629494202936,-0.009956849816922353,5.0,0.08640423186265078,0.09682347248261045,1.0160635833049754,0.008098181385667313,False,1,,
1000437,BXMT,"Blackstone Mortgage Trust, Inc",Financials,Mortgage REITs,screen,1909299019.5000002,17251050019.5,-0.3022255311199794,-0.3949251050010625,2023-10-01,,,,,,,,,,-0.05039974056176266,,-0.3038441714890787,,,,-0.15066558030783228,,,,,-0.014147276949600052,False,0,,
1000578,BXP,"BXP, Inc.",Financials,Office REITs,screen,9616050960.0,24681150960.0,-0.1395644634228661,-0.2578196181929868,2023-10-01,0.15,ev_ebitda,60,0,0.5644509681807092,0.18533323285714345,12.154504590790765,11.928639794219103,7.63983095618531,0.024803243374021067,0.020296137273399184,0.011652463031939009,-0.008581406289213667,0,0.018835614172399318,0.020265568325559924,12.0,0.004833297357769814,0.005027008930870521,0.022888225563498565,0.005414709560167763,False,0,,
1005246,BXSL,Blackstone Secured Lending Fund,Financials,Asset Management & Custody Banks,screen,5562785733.440001,12831697733.44,0.04246779927460431,-0.17525269993439996,2023-10-01,,,,,,,,,,-0.01617940263243045,,-0.1174395186226257,,,,-0.01000850031659839,,,,,0.07441103738170773,False,0,,
1003578,BY,"Byline Bancorp, Inc.",Financials,Diversified and Regional banks,screen,1665710050.4799998,2078381050.4799998,0.3477949846032571,-0.07345911949685535,2023-10-01,,,,,,,,,,0.04554286240177752,,0.051364941511988116,,,,-0.0076423942483476726,,,,,0.009730619729901635,False,0,,
1000468,BYD,BOYD GAMING CORPORATION,Consumer Services,Casinos and Gaming,screen,4943159189.999999,7228638189.999999,-0.2226440347631311,-0.26864977596783646,2023-10-01,0.0,ev_ebitda,60,0,0.2950584597893016,0.13840470448586092,5.830900541981727,5.572701518474561,1.8725763034242726,0.036159792002566915,0.03366877783484323,0.1527077026964534,0.006195603944156636,0,0.0012458783009821062,-0.006956947060662966,13.0,0.09053371500660022,0.15975093598924217,0.36098909645226096,-0.11186085019501713,False,1,43.36854460093897,341
1006821,BYND,Beyond Meat Inc,Consumer Goods,Packaged Foods & Meats,founder-led,162961071.69426164,284256071.69426167,-0.9016490961304585,,2025-08-24,,ev_sales,5,,-0.3369819118315402,-0.3380856239081135,-3.586319282114936,,,,,-0.17715371870238728,0.6875889420036019,,,0.036262824582923736,1.0,-0.65979457822647,0.0,1.356537537352524,1.9068354518199655,True,0,,
1000579,C,CITIGROUP INC,Financials,Diversified and Regional banks,screen,220421200000.0,256735200000.0,0.302651491798567,-0.10662245993019259,2023-10-01,,,,,,,,,,0.03783535994327991,,0.10441174505130024,,,,0.022847166657384843,,,,,-0.05740365172487316,False,0,,
1003858,CAAP,Corp America Airports SA,Industrials,Airport Services,screen,3884800000.0,4265810000.0,0.45893479203928944,-0.12896545529647696,2023-10-01,0.6166666666666667,ev_ebitda,60,0,0.36709208182926856,0.2653776406515612,5.124250766605863,4.817498639162907,0.5140371083789791,0.06601591666915874,0.08488244929050803,0.019734926240342343,-0.011598657665562673,0,0.010948072771572281,0.03283664040141554,4.0,0.14029592893761295,0.1610492799323114,0.6547003918070705,0.0016932223876695573,False,1,47.10093896713615,246
1000580,CACC,CREDIT ACCEPTANCE CORP,Financials,Specialized Finance,screen,5495605091.4,11780405091.4,0.13721542843681056,-0.19202678027997566,2023-10-01,,,,,,,,,,,,0.006933646902506085,,,,,,,,,-0.07253063845826035,False,0,,
1000331,CACI,CACI INTERNATIONAL INC,Technology,IT Consulting & Other Services,screen,13938289679.999998,18648042680.0,0.22119972733469684,-0.10435536995647576,2023-10-01,0.7666666666666667,ev_ebitda,60,0,0.12808075179068254,0.12224649174363826,13.499289183344619,12.48384896002186,3.839109567435023,0.09576620533757918,0.1280393079632336,0.09119574176079648,0.1936533841061816,0,0.03964796552984251,0.008278838935672939,11.0,0.07392147497416485,0.07644687649712671,0.7458607552223891,-0.008832699871948346,False,0,26.866197183098592,959
1006786,CADL,Candel Therapeutics Inc,Health Care,Biotechnology,screen,753173286.64,599439286.64,1.0470588235294116,,2025-07-28,,ev_sales,10,,-2.2267586619534794,0.0,-7.152787283186264,18.876772892572394,,,,-0.3480271904493265,1.161720275925156,,,-0.11479525441809169,4.0,0.004082838347069691,0.0066824988278675595,-0.03669333621535296,0.5300181013530285,False,0,,
1000066,CAG,"CONAGRA BRANDS, INC.",Consumer Goods,Packaged Foods & Meats,screen,6336000000.0,13724500000.0,-0.2079043123511759,-0.537008398089317,2023-10-01,0.16666666666666666,ev_ebitda,60,1,0.14017336286646226,0.0975570018165178,9.044644914541992,8.784286568077462,4.5560274715159235,-0.022122012054941464,-0.03411258386143956,-0.027010347294713966,-0.12100870031291322,0,-0.05036571546050217,-0.025881493474542383,6.0,0.10977994066672908,0.11948611902117146,0.4583879054243036,-0.00020852883137778555,False,2,24.706572769953052,1011
1000050,CAH,"Cardinal Health, Inc.",Health Care,Health Care Distributors,screen,54071150000.0,51097150000.0,0.43229307978851783,-0.1050239330678574,2023-10-01,0.8333333333333334,ev_sales,60,0,0.016666068519942373,0.015435790415370456,11.533512133985859,10.518938689431037,-0.7092594024071427,0.05407623864982258,0.08689057778518827,-0.015104194682590943,0.11284931047431757,0,0.027604750729282923,-0.04360146131251652,11.0,0.07077571509304556,0.07900644644360363,0.8638031266401035,-0.019459105265127397,False,0,40.293427230046944,445
1005864,CAI,"Caris Life Sciences, Inc.",Health Care,Biotechnology,screen,8019892093.5,7619750093.5,0.0125619834710744,,2025-06-18,,ev_ebitda,21,,0.21141335916647885,0.16755362217331451,29.60038393558031,22.491453584983184,-2.338785920357017,0.17381430692102517,0.3637226444307986,-0.008115875810658313,-0.22475861948117182,0,0.05419148179887889,0.00813537029971756,10.0,0.022710099687983425,0.032267318431477114,0.7075288965317058,1.8248842223676167,True,0,73.39201877934272,32
1000134,CAKE,THE CHEESECAKE FACTORY INCORPORATED,Consumer Services,Restaurants & Bars,screen,5234495500.0,5602220500.0,0.9612235612668105,-0.1027368062068379,2023-10-01,0.9333333333333333,ev_ebitda,60,0,0.09689003374435651,0.05780693097906241,13.454001637597571,12.314254988059515,1.0138594591896009,0.0758525125702858,0.1008040695450132,0.01079848129962424,0.08201023381536454,1,0.11083168342967475,0.028624369200366484,12.0,0.04584609171155851,0.05160695687439432,0.5763262852316774,0.004511716363829743,True,1,56.42018779342723,122
1004959,CALM,"Cal-Maine Foods, Inc.",Consumer Goods,Packaged Foods & Meats,screen,3074925520.0,2150868520.0,-0.2553893084647876,-0.4001038863573332,2023-10-01,0.9666666666666667,ev_ebitda,60,0,0.023290216283624068,0.01689226162770759,37.609217712294495,8.646256315757286,-2.7675426671258454,-0.04275686911454324,-0.2759610049082114,-0.22765362547499057,-0.890252724014533,0,-0.7963755261276996,-0.08123422853359097,4.0,0.023963086133218545,0.060816197783633785,1.2884209750571398,-0.011234924420664427,False,0,46.279342723004696,264
1000310,CALX,"CALIX, INC",Telecommunications,Communication Equipment,screen,2286194300.0,2091892300.0,-0.4401173211666938,-0.4978076585793628,2023-10-01,0.0,ev_ebitda,60,0,0.15172329247543595,0.14708602207224586,10.069243290788512,7.034072511078156,-1.2927316414033139,0.14824042424371986,0.3726189233208803,0.16880351995759368,-0.08320815647107505,0,-0.06277467158477956,0.006065920469907393,4.0,0.09121437331092315,0.12137724929650344,1.0037693473064846,0.0005614299592111571,False,1,,
1000651,CALY,Callaway Golf Company,Consumer Goods,Leisure Products,screen,2722232000.0,2448032000.0,0.483157894736842,-0.2833163784333672,2023-10-01,0.6833333333333333,ev_ebitda,60,0,0.12767432196134418,0.1117499819159546,8.992065816795892,8.254103300404017,-1.1005861288463736,0.02728835848876021,0.07212707306567023,-0.5003203749761436,-0.5118050679271495,0,0.10019873841876592,-0.0006904111225306542,9.0,0.08508312216864551,0.10878023120381683,0.8507675948218002,-0.0193982747123137,False,1,42.52347417840376,362
1004049,CAPR,Capricor Therapeutics Inc,Health Care,Biotechnology,screen,517861542.17999995,370972122.17999995,0.3134535367545077,-0.7320316921335597,2023-10-01,,ev_sales,33,,-3.9734327987492626,0.0,-2.3851592780588633,-5.566830172486186,,0.8083305289725786,,-0.565419373676505,4.393434117571762,,,-0.4304867364069439,2.0,0.010709700378449165,0.011223014977021047,-0.03565883026983526,0.2842727458850225,False,0,,
1000313,CAR,"AVIS BUDGET GROUP, INC.",Industrials,Passenger Ground Transportation,screen,3788484000.0,9229484000.0,-0.3356998287404639,-0.8505959634158298,2023-10-01,0.6833333333333333,ev_ebitda,60,0,0.07833581489400289,0.075186821681752,9.930219567513081,9.086221786154141,6.647210906325553,0.017222854220602768,0.09837285052792066,-0.01733500796243148,-0.20067702581847002,0,-0.12155940822723044,-0.02467228328979687,4.0,0.12475335480799696,0.11776936224329541,0.5085095584427629,-8.164477587524477e-05,False,1,,
1003649,CARG,CarGurus Inc,Technology,Interactive Media & Services,screen,2707689480.0,2770695480.0,-0.16304055868922906,-0.23156596794081374,2023-10-01,0.03333333333333333,ev_ebitda,60,0,0.3420113133699224,0.318888201622604,7.326814530858175,6.756613966547429,0.18893750300812692,0.08398254448852072,0.10100047097090714,0.04358533105610385,0.004546392143412126,0,0.007996579861623498,-0.00030302623966982356,11.0,0.13190906541460742,0.14141118554687415,0.944495521141688,-0.0711945372964744,False,1,47.640845070422536,234
1004710,CARR,Carrier Global Corporation,Industrials,Industrial Machinery and Equipment,screen,46191530000.0,56799530000.0,-0.06693854957971135,-0.32039268527908815,2023-10-01,0.11666666666666667,ev_ebitda,60,0,0.20273780293823293,0.16925424713694154,11.445219415682729,10.66949869224403,2.3331741296918174,0.052734735183082915,0.0826442720060101,-0.018756286169692715,-0.07783644188638117,0,0.016971246318634226,0.04714393982321963,17.0,0.08139129685426011,0.08983579781427703,0.757564642575589,-0.043831611965377326,False,1,31.913145539906104,774
1006540,CARS,Cars.com Inc,Technology,Interactive Media & Services,screen,566520000.0,980358000.0,-0.15957446808510645,-0.5041042974408498,2023-10-01,0.03333333333333333,ev_ebitda,60,1,0.29947583716894377,0.2565369849989988,4.377861680841147,4.2166472796251835,1.9373260272997381,0.02643513538596065,0.04127057103377196,-0.019968374169132774,-0.02331833292489005,0,0.004871407910673753,-0.00014140616583291354,4.0,0.28608583392113895,0.2980746440420942,0.723750603055528,-0.08038858470236976,False,2,41.044600938967136,421
1005571,CART,"Maplebear, Inc.",Technology,Application Software,screen,10980522850.0,10164522850.0,0.17301414581066377,-0.1887111947318909,2023-10-01,0.01694915254237288,ev_ebitda,59,0,0.3163377589938883,0.2873344493165119,6.817838239863752,5.877868204869886,-0.6535466386643107,0.10772905797993793,0.15236292465405477,0.04915919775937638,0.048941354763517575,0,0.03939537727777265,0.02217026696015023,24.0,0.1263880761561431,0.14759406897403546,0.9308695402984977,-0.06801282719452584,False,1,51.79577464788733,153
1003432,CASH,"Pathward Financial, Inc.",Financials,Diversified and Regional banks,screen,1560344692.72,,-0.0363811068512474,-0.2872143638910296,2023-10-01,,,,,,,,,,,,-0.03969368585713173,,,,,,,,,-0.07592148195596793,False,0,,
1003232,CASY,CASEYS GENERAL STORES INC,Consumer Services,Food Retailers,screen,23009628211.5,24916092211.5,0.08005782902972447,-0.3354477013397825,2023-10-01,0.6,ev_ebitda,60,0,0.07773214191238262,0.03933830260232741,15.320333543019007,14.123846347457308,1.234889406184364,0.09197126633289376,0.09044273861571717,0.1394230744142475,0.09020018162640353,0,0.001139253215134639,0.01432707615639428,16.0,0.03169188003843488,0.03923547175219522,0.44837965225954657,-0.0011868465833926312,False,0,27.570422535211268,938
1002936,CAT,CATERPILLAR INC. ,Industrials,Construction and Mining Equipment,screen,382186875000.0,420619875000.0,0.7145308996226467,-0.23721090084986052,2023-10-01,0.8,ev_ebitda,60,0,0.23504591247231538,0.1625000876906455,20.188977808640466,17.88831968672464,2.318830681688615,0.11084906955795537,0.15506154626649593,0.20838193573828434,0.23275852762106108,0,0.050995395529539245,0.04599986679693613,8.0,0.03629937016775941,0.04352422824103473,0.6658852559266776,-0.02656111174424669,False,0,27.805164319248824,929
1003266,CATY,Cathay General Bancorp,Financials,Diversified and Regional banks,screen,4043675147.68,,0.2733356250844914,-0.07798840058393519,2023-10-01,,,,,,,,,,0.04462950191220494,,0.037634564776090285,,,,0.0034083709972148046,,,,,-0.038269989018128836,False,0,,
1005560,CAVA,"Cava Group, Inc.",Consumer Services,Restaurants & Bars,screen,6436858125.0,6634837125.0,-0.1044529051481542,-0.6414369034994698,2023-10-01,0.0,ev_ebitda,57,1,0.13261013071611102,0.03541434321845893,27.46811664098236,20.825055201241867,1.0894389858591347,0.21473840357131624,0.29036564192348724,0.038931726322674276,-0.07362318430473747,0,-0.0012581103153205264,0.005482541524293616,19.0,0.01242916435427585,0.020675195154471145,0.33121842266688817,0.00029379542340546294,True,1,61.021126760563384,94
1000476,CB,Chubb Ltd,Financials,Property & Casualty Insurance,screen,129621329080.8,144983329080.8,0.16655544614331408,-0.102523958461189,2023-10-01,,,,,,,,,,0.05285090332904163,,0.005226782986781142,,,,0.030944952737163245,,,,,-0.022567824299028816,False,0,,
1005957,CBC,"Central Bancompany, Inc.",Financials,Diversified and Regional banks,screen,7559475660.0,,0.6317451802970984,-0.06394655650633563,2023-10-01,,,,,,,,,,0.057253634332015135,,0.009682676068354157,,,,,,,,,0.04198521574910652,False,0,,
1000540,CBOE,CBOE HOLDINGS INC,Financials,Securities exchange,screen,29077231000.0,30818831000.0,0.13391281446696834,-0.2456140838676698,2023-10-01,0.1,ev_ebitda,60,0,0.7394126885158486,0.7162498556473916,13.818756476988755,13.057289726419246,0.8805880472318679,0.05889851523377421,0.0631723597971443,0.18705704462897677,0.33592266090167033,0,0.03366974233656306,0.021495926128566767,6.0,0.07559954143606018,0.07979606210222114,0.9856551831727328,-0.0032472228166791073,False,0,,
1000539,CBRE,CBRE GROUP INC,Financials,Real Estate Services,screen,38375126339.31,44459126339.31,-0.18462807819243465,-0.2513839519841502,2023-10-01,0.23333333333333334,ev_ebitda,60,0,0.08254170013210509,0.0615403703113401,10.213909210076944,9.1941942973182,1.6428985138201797,0.11136114140480524,0.11570536679200605,0.08674288590967105,0.07035394345401769,0,0.029268296028754248,0.008251459698642938,9.0,0.07948910290765092,0.0974976206055142,0.7007909471162675,-0.0243336914282416,False,0,,
1000541,CBRL,"CRACKER BARREL OLD COUNTRY STORE, INC",Consumer Services,Restaurants & Bars,screen,1170949644.12,1471645644.12,0.22624233837721675,-0.31563081431715123,2023-10-01,0.4166666666666667,ev_ebitda,60,0,0.05725445002996863,0.019028195645656897,7.626700433646145,7.27255056764366,1.9349860881513201,0.018334542387781205,0.1704353241165839,-0.03899234988882627,-0.10897769299564164,0,0.09028839283225731,-0.011679681956657362,5.0,0.043085199787531336,0.0358035999324728,0.26145669614088485,0.004344310144666963,False,0,,
1005969,CBRS,Cerebras Systems Inc.,Technology,ICs Semiconductors,screen,40271856230.0,33711907230.0,-0.4289066769537403,,2026-05-14,,ev_ebitda,8,,0.39907024365933513,-0.8805216896136361,29.576078120749226,9.228968981465279,-1238.813950377573,1.8352786640296577,10.474421017510178,0.011514691917525965,0.17057301163554217,,,,7.0,-0.06018307814788456,0.03369382463995364,-2.126342922093677,1.2143289689354946,True,0,,
1000542,CBSH,COMMERCE BANCSHARES INC,Financials,Diversified and Regional banks,screen,7912464553.54,,-0.01838941734931976,-0.1614264698146497,2023-10-01,,,,,,,,,,0.04533485963981554,,-0.007154839130828927,,,,0.017470137869105784,,,,,0.008138302155540789,False,0,,
1000543,CBT,CABOT CORP,Materials,Diversified Chemicals,screen,3970199999.9999995,4993200000.0,0.03591021481790757,-0.31654818015775377,2023-10-01,0.2833333333333333,ev_ebitda,60,0,0.20589935352901245,0.1355051784599909,6.335524193344665,5.990183374626677,1.398398074758291,0.03668871763392234,0.06756211888926145,-0.05444873818809293,-0.10103363863202353,0,0.0017293613600344315,0.021775453012521595,3.0,0.1190615885004209,0.13186027322504676,0.599774019476782,-0.030588052269530652,False,1,39.54225352112676,469
1003288,CBU,"Community Bank System, Inc",Financials,Diversified and Regional banks,screen,3171195950.0,3677118950.0,0.04719661319692303,-0.15475145634905185,2023-10-01,,,,,,,,,,0.09453989962117215,,-0.0032161927688110215,,,,,,,,,0.0005137382783453326,False,0,,
1004083,CBZ,CBIZ Inc,Industrials,Research & Consulting Services,screen,3266351130.0,4655544130.0,0.032666163141994,-0.38307952622673447,2023-10-01,,ev_ebitda,13,,0.16967431855122916,0.15512526402998336,9.325307962374982,,2.961726786025598,,,-0.0032399396015901916,0.01696485359919242,,,,2.0,0.10906811735593436,0.0,0.7135976666466263,0.06830354932407667,False,1,,
1000447,CC,Chemours Company,Materials,Industrial Chemicals,screen,2059926748.3600001,5226926748.360001,-0.12469161604251366,-0.5426626209150442,2023-10-01,0.26666666666666666,ev_ebitda,60,0,0.15150154649593928,0.09070028000457235,5.571847676499011,5.153492616451548,4.045406358919689,0.04188895526472192,0.12848894703227653,-0.03767066678078057,-0.10032030734000663,0,-0.051553263560639606,-0.03756447940474472,7.0,0.1516554983096754,0.18433242180890713,0.33301420471134785,0.006263662256251967,False,1,28.2981220657277,907
1004220,CCB,Coastal Financial Corp,Financials,Diversified and Regional banks,screen,617965692.78,,-0.6307663862438755,-0.6642851138942591,2023-10-01,,,,,,,,,,0.16145800299942925,,-0.12278020182319471,,,,0.09624367435708248,,,,,0.05209170329697099,False,0,,
1005104,CCC,CCC Intelligent Solutions Holdings Inc,Technology,Application Software,screen,3872176728.7200003,5028697728.72,-0.26893523600439073,-0.5011235955056179,2023-10-01,0.15,ev_ebitda,60,1,0.4130362331987601,0.3454988062140024,9.619898548533012,8.07573944077625,2.503866815116908,0.09143414766879521,0.1504460437231787,0.010864926962856458,0.0609863615331141,0,-0.0028437097159762503,0.0017709222799928703,7.0,0.09198481773669236,0.11411952411632637,0.6813751386989096,-0.041354232631344745,False,2,35.48122065727699,621
1000136,CCI,CROWN CASTLE INTERNATIONAL CORP.,Financials,Specialized REITs,screen,28696080000.000004,45686080000.0,-0.2737016201655379,-0.39341492006976464,2023-10-01,0.2,ev_ebitda,60,0,0.6721720557696567,0.6170113046702642,16.59434072069867,16.06752737984482,6.213733530231573,0.019992419322759858,0.02782535599160929,-0.08429523964475716,-0.11096766542789227,0,-0.00900915176406103,-0.007905324693574967,18.0,0.06387083632108707,0.06683495017663336,0.6657348380224309,-0.0030383077037845485,False,0,,
1000334,CCK,CROWN HOLDINGS INC,Materials,"Metal, Glass and Plastic Containers",screen,11659516944.46,17065516944.46,0.10483233739239917,-0.13449380081053375,2023-10-01,0.08333333333333333,ev_ebitda,60,0,0.15719996658958446,0.11770558894870936,7.788176486600858,7.513240007317006,2.5511965228875138,0.018434952503172175,0.0331487551174936,0.08525783546135424,0.003434735239065345,0,0.0073409950355791675,0.029663297446544723,11.0,0.11054962508442233,0.11414306605437805,0.5882394786459759,-0.04140613234477253,False,1,29.964788732394368,856
1000107,CCL,Carnival Corporation & PLC,Consumer Services,"Hotels, Resorts & Cruise Lines",screen,34295760000.0,56987760000.0,-0.13751820825566863,-0.266421047386625,2023-10-01,0.06666666666666667,ev_ebitda,60,0,0.2653186356365554,0.13487085720575795,7.523868983752027,6.923355113639917,3.166294750521072,0.035748260777154206,0.07192097730868818,-0.008042070795452605,-0.04845814174675478,0,-0.0311875895739383,-0.001343748041887749,14.0,0.08254131661445704,0.11224402929207347,0.3737416177541834,-0.007677620523694695,False,1,30.481220657276992,836
1006406,CCNE,CNB Financial Corp,Financials,Diversified and Regional banks,screen,993302651.12,754483651.12,0.4103044592493639,-0.0630421476869808,2023-10-01,,,,,,,,,,0.05767905244235716,,-0.03464234647372377,,,,,,,,,0.1875881358171534,False,0,,
1003452,CCO,"Clear Channel Outdoor Holdings, Inc.",Consumer Services,Advertising,screen,1221583200.0,6137074200.0,0.48734177215189867,-0.03292181069958855,2023-10-01,0.18333333333333332,ev_ebitda,60,0,0.33144702745600146,0.18089875115438014,10.422565589662662,9.707786824958742,8.98597380792555,0.03801046958013643,0.06150623866573679,0.037994360519887804,0.07043238492213577,0,-0.007217829556027455,0.0038320755147220886,4.0,-0.06162885906096145,-0.022691178035388254,-0.12785580229968352,0.016128702151717578,False,0,,
1002920,CCS,"Century Communities, Inc",Consumer Goods,Home Building,screen,1723788423.6799998,3315328423.68,-0.03024790222181739,-0.41742709950265855,2023-10-01,0.7457627118644068,ev_ebitda,59,0,0.05555827402069331,0.037470149837841735,15.012441233126175,,7.0692601318716095,,,-0.0969174210808279,-0.034937080644059426,,,,2.0,0.0872439992838544,,0.6809955729809998,-0.05560859906070259,True,1,,
1002939,CDE,"Coeur Mining, Inc.",Materials,Gold and Silver,screen,18164520560.0,17817537560.0,-0.06078016110997819,-0.3510215772531561,2023-10-01,0.2833333333333333,ev_ebitda,60,0,0.6473287506390668,0.5696784655582392,5.1916584474086305,5.639998057847573,-0.1649825984850869,0.04921756882240036,0.12786717004898174,1.52610756891512,2.0062237967993144,0,-0.09896082659203265,-0.04364345967434857,5.0,0.16616070314940573,0.1538494487130586,0.8794490637039794,0.5751258003819646,False,1,44.51877934272301,315
1006612,CDLX,Cardlytics Inc,Consumer Services,Advertising,screen,15203760.0,-11387240.0,-0.8790123456790123,-0.9854814814814815,2023-10-01,0.06818181818181818,ev_ebitda,44,1,0.0683115699215354,0.010322079408104297,-1.089117657299376,-0.7783019569083811,-3.369603968462517,0.050000000000000044,0.4282645888014982,-0.4171648999143621,-0.11301481826579163,0,0.152886402361337,-0.07253611955591621,1.0,-0.3568620597142319,-0.3610304173754604,-0.5189287211346053,0.9315668663898233,False,1,,
1003113,CDNA,"CareDx, Inc.",Health Care,Life Sciences Tools & Services,screen,3538173698.2900004,3164537698.2900004,3.4704264099037143,0.0,2023-10-01,0.7692307692307693,ev_ebitda,39,0,0.1424008377340548,0.13098212963601172,43.03629812827309,29.54329705522191,-5.731577204280128,0.08618323350561341,0.20145374977624142,0.10612307297008416,-0.024904913307028487,0,0.047125219840899346,0.10484193323423274,2.0,0.022459253164638933,0.03328615504285642,1.080684926849437,-0.031139196581709494,False,0,42.5,364
1005935,CDNL,Cardinal Infrastructure Group Inc.,Industrials,Construction & Engineering,screen,454812392.0,312760201.0,0.3021276595744682,,2025-12-10,,ev_ebitda,25,,0.1751355517230848,0.08833385935618647,1.699443055911434,,-1.10787124702232,,,0.5416291383024692,0.337242378816216,,,,4.0,0.17932559231959216,,0.4431693296558444,,False,1,,
1000545,CDNS,CADENCE DESIGN SYS INC,Technology,Application Software,screen,96858648990.0,97900405990.0,-0.05999829186357686,-0.20702946756646412,2023-10-01,0.016666666666666666,ev_ebitda,60,0,0.5137042401097537,0.4586369559348141,26.50467760024592,23.13282711357229,0.3439255725778936,0.13388767157592918,0.15451615073469527,0.0895179659920653,0.1257842216155649,0,0.02987812974366899,0.022948716661746804,8.0,0.033289729880458925,0.040389925485301056,0.8729446574880115,0.004066830756058515,False,0,32.852112676056336,729
1000828,CDP,COPT Defense Properties,Financials,Office REITs,screen,3896815290.0000005,6485698290.0,0.1955227374762334,-0.12086771311267086,2023-10-01,0.6666666666666666,ev_ebitda,60,0,0.558939735393023,0.1479369404079322,14.657668965281886,13.836742544822139,6.100424987915718,0.030557125646969663,0.04675621518026207,0.03890125000100464,0.008833602851176847,0,0.012690549222891923,-0.003634680048722805,6.0,0.006139697723251328,0.031751936595211645,0.05407107177061645,0.008534827249631505,False,0,,
1005288,CDRE,Cadre Holdings Inc,Industrials,Aerospace & Defense,screen,1085213611.88,1405560611.88,-0.3049294089800818,-0.451759331109472,2023-10-01,0.0,ev_ebitda,48,0,0.1924944191447115,0.16922661031419994,9.135261586385047,8.011896282939766,2.385530533048476,0.05168837681882521,0.11234519403613219,0.15142153506828815,0.16145028004564832,0,0.05376793948801728,0.030767548402335976,2.0,0.1068205526954709,0.12600321474981524,0.7534274909146483,0.03921054890449671,False,1,25.011737089201876,1005
1000546,CDW,CDW CORPORATION DE,Technology,Technology Distributors,screen,17304742000.0,22759942000.0,-0.17899511454590378,-0.48543758289682515,2023-10-01,0.016666666666666666,ev_ebitda,60,0,0.09678587987214286,0.08234646024080321,9.39830665507996,9.186997881679417,2.4315502303805516,0.0291660156276472,0.04366828236157905,0.03964087158875529,-0.005160905148478334,0,0.02203857114538299,0.030108538698276677,8.0,0.10562123854077404,0.1091844657971491,0.7547356161458941,-0.02934135871640131,False,1,28.204225352112676,911
1001015,CE,CELANESE CORPORATION,Materials,Advanced Materials,screen,4870840000.0,15513840000.0,0.05694896887568501,-0.7369701028370622,2023-10-01,0.13333333333333333,ev_ebitda,60,1,0.2112331222777064,0.17280211699310732,7.337612028297051,6.944915041744408,5.162191744727116,0.012960872499065301,0.02704197616652726,-0.03241754940567165,-0.04673310555817334,0,-0.012249920428527239,-0.03586448228800032,12.0,0.22780460365918595,0.2417433827528177,0.5248096319595219,0.0037982825659477193,False,2,27.61737089201878,936
1000547,CECO,CECO Environmental Corp.,Industrials,"Waste, Disposal & Environmental Services",screen,4197208000.0,4861065000.0,0.36015624999999996,-0.30129427109461226,2023-10-01,0.6166666666666667,ev_ebitda,60,0,0.18003605447135385,0.14883599004832204,15.043171452705286,,3.6258926321103697,,,0.8970630084465661,1.136775135676087,0,0.04455530225234994,0.025483399513963167,3.0,0.0580864916921177,0.0009654835065588894,0.7544728493560822,0.16568442365759717,False,0,7.194835680751174,1065
1005302,CEG,Constellation Energy Corporation,Utilities,Non-Renewable Electricity,screen,93211200000.0,116834200000.0,-0.2237562778940151,-0.36764817023538443,2023-10-01,0.4166666666666667,ev_ebitda,60,0,0.25623399771667094,0.10880931701479685,13.49475594327124,11.198533540984132,3.1087705772385443,0.04141422076260248,0.11404114537679932,0.16711118989164975,0.15889507455591834,0,-0.07607310349780272,-0.037506606666233844,11.0,0.0305739487809297,0.052702869882746,0.329165778887294,0.05759890404827139,False,0,27.570422535211268,938
1005152,CELC,Celcuity Inc,Health Care,Biotechnology,screen,4118358911.81,4117549911.81,0.6097165991902833,-0.451510553179749,2023-10-01,,ev_sales,24,,-0.4056196206131669,-0.0,-30.349194552196376,33.04480482159245,,4.838104177552645,,-0.061105738909380314,5.795498116629524,,,-0.14447431484941242,5.0,-0.0003739300984701134,0.0016308630920735543,0.01135070701154518,0.19067140622264755,True,0,,
1004197,CELH,Celsius Holdings Inc,Consumer Goods,Soft Drinks,screen,7042533530.0,7077254530.0,-0.5242650895807967,-0.7154302361877016,2023-10-01,0.05,ev_ebitda,60,1,0.22954954704811023,0.14150666383512492,9.040990526858964,8.06942386781233,0.05105504487820254,0.07671519581077813,0.1192232672631981,-0.04571905323005443,-0.05769165775849916,0,-0.11946007575467898,-0.0625523729616847,17.0,0.06577456322475303,0.07991039763037852,0.5917497666263466,0.041154303520059665,False,1,36.84272300469484,563
1003320,CENT,CENTRAL GARDEN & PET COMPANY,Consumer Goods,Household Products,screen,2428322400.0,2624670400.0,0.19111791730474748,-0.17832241707162477,2023-10-01,0.03333333333333333,ev_ebitda,60,0,0.12959997426917974,0.11873506671157469,6.927862589729938,6.566086801692607,0.5512628671048525,0.028481015637886742,0.05946885204378827,-0.08137439589322237,-0.007272313078960924,0,0.013341679644115034,0.01812447111373383,3.0,0.12902058020902157,0.11538204966752583,0.8269701395922804,-0.037641977015190786,False,1,38.791079812206576,494
1000548,CENX,CENTURY ALUMINUM COMPANY,Materials,Aluminium,screen,3771752000.0,3862052000.0,0.2254768392370572,-0.4768067471281082,2023-10-01,0.0,ev_ebitda,60,0,0.3476528510662451,0.2874227063642792,2.68061971337854,2.8746354314258658,0.08637360783337189,0.10032709423091468,0.034500882989101145,0.6029297697420273,3.155083996711313,0,-0.098045413002813,-0.05287880709271631,3.0,0.305829473697455,0.2561094985247288,0.8006441905292042,0.03200020279590521,False,1,42.429577464788736,368
1006440,CERT,Certara Inc,Health Care,Health Care Technology,screen,1447254351.24,1554955351.24,-0.24713584288052381,-0.5269922879177378,2023-10-01,0.3,ev_ebitda,60,0,0.31199541613757653,0.24301075837076808,12.768073219808691,11.69212020661749,0.9090886913965557,0.042980578326321295,0.08413755381028731,-0.2141171718430126,-0.2614077023968874,0,-0.0605222565605833,-0.0387718364493963,9.0,0.051996462010555106,0.058866226871329606,0.617911245638923,-0.01640790167212991,False,0,29.917840375586856,858
1003206,CEVA,"CEVA, Inc",Technology,ICs Semiconductors,screen,1058638080.0000001,855342080.0000001,0.33775085195001897,-0.2942469037155414,2023-10-01,0.6226415094339622,ev_ebitda,53,0,0.12026465977764496,0.06588290922396474,50.16550933943191,28.86340146866882,-38.37782173791061,0.13535004887434665,0.7748946031834698,0.020956521180939713,1.695902368575767,,,,4.0,0.01694544048246808,0.02811196085466166,1.0521211765427496,0.09704601819417191,False,0,,
1000358,CF,"CF Industries Holdings, Inc.",Materials,Fertilizers,screen,17630784000.0,18366784000.0,0.3108601071864927,-0.17282975515186327,2023-10-01,0.4166666666666667,ev_ebitda,60,0,0.4180895688745227,0.2020284848921014,5.989905893875124,7.2898049611938,0.20008815078211523,-0.08319010464352683,-0.2002510180751257,0.16431196302775897,0.3639668820733415,0,-0.004679715272755014,-0.013410163260630936,12.0,0.0805027371993465,0.057222152804758356,0.46288078494352897,-0.08056013900453962,False,1,39.73004694835681,463
1006842,CFFN,Capitol Federal Financial Inc,Financials,Diversified and Regional banks,screen,1050359863.6300001,,0.367883724184612,,2025-08-27,,,,,,,,,,0.022053190199596617,,0.004950778479106521,,,,,,,,,-0.020051445529511547,False,0,,
1000451,CFG,"Citizens Financial Group, Inc.",Financials,Diversified and Regional banks,screen,27179633717.600002,29661633717.600002,0.2354795598704944,-0.14679512913154025,2023-10-01,,,,,,,,,,0.0752071389795339,,0.04395265663786141,,,,0.006786033396351421,,,,,-0.03100173602844203,False,0,,
1000549,CFR,CULLEN FROST BANKERS INC,Financials,Diversified and Regional banks,screen,9585593400.0,8030497400.0,0.23974156611672015,-0.09660879777709863,2023-10-01,,,,,,,,,,0.052465234997371546,,0.044869705095776036,,,,0.015844114161588596,,,,,-0.01473556384189234,False,0,,
1000443,CG,Carlyle Group LP,Financials,Asset Management & Custody Banks,screen,14394996000.0,16587796000.0,-0.3497697687502621,-0.4121206128427026,2023-10-01,,,,,,,,,,0.21291871842343313,,-0.058833883168470935,,,,-0.018859588867641164,,,,,-0.004632658563465508,False,0,,
1006444,CGEM,Cullinan Management Inc,Health Care,Biotechnology,screen,893493290.0,561026290.0,1.588532883642496,-0.4770017035775128,2023-10-01,0.4864864864864865,ev_sales,37,0,-4.281809664762534,0.0,-2.570387268749957,-2.3698381471036365,,1.320193883071131,,0.13577454978725623,-0.07090361314395921,,,0.2670937287220041,9.0,0.021435113708650432,0.027253239700363367,-0.08774703198498665,0.09857506655517834,False,0,,
1003204,CGNX,Cognex,Technology,Electronic Equipment & Instruments,screen,10576715580.0,10244822580.0,0.3475225063347567,-0.1613486143684052,2023-10-01,0.16666666666666666,ev_ebitda,60,0,0.3292539852688063,0.29111462879841743,24.896895493402248,21.72711475230655,-1.0469845256161106,0.09763351875819626,0.15873686856484825,0.08881257149219945,0.478016821159869,0,0.12888692480432695,0.03992788296119332,13.0,0.03435137715290857,0.04068696735872479,0.8829492320526825,-0.00877408356951892,False,0,40.786384976525824,427
1005648,CGON,"CG Oncology, Inc.",Health Care,Biotechnology,screen,6028471572.049999,5003193572.049999,0.759930486593843,-0.1213435795736243,2024-01-25,0.23684210526315788,ev_sales,38,0,-3.072980890628392,-3.208239471546964,-16.288383406079493,-45.624880686602445,,9.29408274714877,,-0.577856100640407,1.4951143127400601,,,-0.011238211540129162,10.0,-0.04912376673622039,-0.018369841920268856,0.9641165883338315,0.1951544635418252,False,0,,
1003303,CHCO,City Holding Company,Financials,Diversified and Regional banks,screen,1988226179.9999998,2248575180.0,0.1544790010540913,-0.059872955804838424,2023-10-01,,,,,,,,,,0.036382491477569445,,-0.0002714736814624086,,,,,,,,,-0.02179131597008388,False,0,,
1000145,CHD,"CHURCH & DWIGHT CO., INC.",Consumer Goods,Household Products,screen,22409856000.0,24411256000.0,0.08911075738635432,-0.15409508565074814,2023-10-01,0.1,ev_ebitda,60,0,0.23808792286805866,0.22119418261072016,15.796746806056873,15.058133759885846,1.3799281011172626,0.040351804919743106,0.05339690894893767,-0.022086467324592296,-0.014579170251552087,0,0.01681177438507775,0.014326337802321731,16.0,0.060572570979079136,0.06287516727166051,0.8784005629803915,-0.01596506492132088,False,0,27.05399061032864,953
1003338,CHDN,Churchill Downs Inc,Consumer Services,Casinos and Gaming,screen,5237399999.999999,5704399999.999999,-0.21684588713075836,-0.48324949239325266,2023-10-01,0.0,ev_ebitda,60,0,0.4092346987750084,0.3032383085652351,4.454511079638385,4.312540870902087,0.37641320537460926,0.02866992552374481,0.02770082875524227,0.0023214422177846306,0.011408076077793927,0,-0.006530114426739675,-0.008973560623486199,9.0,0.12878082282888334,0.1485238978825725,0.5266923516282482,-0.03317047522619987,False,1,40.48122065727699,437
1003405,CHE,Chemed Corporation,Health Care,Long Term and Alternative Care,screen,6637777100.0,6737555100.0,0.1340627734153128,-0.21625915957993636,2023-10-01,0.23333333333333334,ev_ebitda,60,0,0.1893623373586073,0.1669129496318744,12.34315292087791,11.61706009088925,0.19877529852862566,0.05875147548398285,0.05983864741605682,-0.0025124918662141615,-0.03517168204798393,0,0.011420556157914152,0.008984200380979468,4.0,0.07156679603298988,0.07761833302175425,0.870278027857858,-0.06106453418440938,False,0,,
1000552,CHEF,CHEFS' WAREHOUSE INC,Consumer Services,Food Distributors,screen,5183343763.92,5772558763.92,0.9230241728098749,-0.0289993074792243,2023-10-01,0.9,ev_ebitda,60,0,0.07087584018226954,0.05151936049691694,16.364417587366546,14.58746079522479,1.9682843338097329,0.08594270357975065,0.12440252722116196,0.056531194563869125,0.16043676432808507,0,0.10629315498750858,0.03272647217175306,8.0,0.04212381449693922,0.05207469185918527,0.6189704196891986,0.001351150965261061,True,0,54.14319248826291,134
1000165,CHH,"CHOICE HOTELS INTERNATIONAL, INC.",Consumer Services,"Hotels, Resorts & Cruise Lines",screen,4644157830.0,6603670830.0,-0.03139200114496443,-0.334985762657216,2023-10-01,0.06666666666666667,ev_ebitda,60,0,0.3906751639840377,0.33037684949065116,10.115729211340197,9.992470914662842,3.128535164997689,0.02154214929749587,0.027000809138042037,-0.008610455198180822,3.912221381474623e-05,0,0.006283486810430228,0.00404047938674279,10.0,0.10028020440788481,0.10458041286073193,0.7134014033273348,-0.028115731178598224,False,1,23.41549295774648,1033
1000825,CHRD,Chord Energy Corporation,Energy,Oil & Gas Exploration & Production,screen,7746394250.0,8616183250.0,0.4074174351643183,-0.2001948798583102,2023-10-01,0.4,ev_ebitda,60,0,0.48896774757981437,0.2379152584139736,3.1984064097953664,3.233769428356782,0.29265656035368703,-0.09473059184840937,-0.0855499367378344,0.16870725916306784,0.09200766339546229,0,-0.033565306360869296,-0.0033727246906315456,16.0,0.16027876487105563,0.15846272171343054,0.46088683577931244,0.015486460605612429,False,1,41.42018779342723,405
1001057,CHRW,"C.H. ROBINSON WORLDWIDE, INC.",Industrials,"Delivery, Air Freight & Logistics",screen,18338668140.0,19869095140.0,0.13456131942947702,-0.2904296766647574,2023-10-01,0.5166666666666667,ev_ebitda,60,0,0.06372587060115817,0.056833366754950224,15.76873065083186,14.674117334309157,1.4693891372044596,0.05620525802630194,0.12156532102855944,0.09574492857606498,0.19820569387206555,0,0.023060422038322148,0.0868053013669019,17.0,0.057709521559039995,0.062437393817221326,0.8399122413274547,-0.004450245482085502,False,0,36.37323943661972,574
1000144,CHTR,"Charter Communications, Inc.",Consumer Services,Broadcasting,screen,13504243633.79,106954243633.79001,-0.5968811908180514,-0.755968753438222,2023-10-01,0.016666666666666666,ev_ebitda,60,1,0.40914389569761045,0.2254393724541641,4.880925275335761,4.886403152346861,4.169238782458242,-0.0067565763441223,-0.009645712905574588,-0.049662349669201356,-0.06685176687712635,0,-0.013507082261301595,-0.007298671798356526,12.0,0.5232545838178418,0.651612606593681,0.3224686089615907,-0.08571594501934876,False,2,38.532863849765256,500
1004577,CHWY,Chewy Inc,Consumer Services,Specialty Stores and Retailers,screen,7266972000.0,7243472000.0,-0.550061804697157,-0.6224849616262187,2023-10-01,0.0,ev_ebitda,60,1,0.06745738127167424,0.056454477709331374,7.941588532807358,6.801824702333075,-0.027724702062358775,0.07026044719334479,0.21684660834332625,-0.006408207584325143,0.04580527088489306,0,0.010499641483822764,0.0026712486761568677,18.0,0.10449360026436398,0.1254207952063393,0.8325374447551984,-0.007218675692986398,False,2,50.97417840375587,166
1005843,CHYM,"Chime Financial, Inc.",Technology,Payment Processing,screen,10561360275.83,9615782275.83,0.32077342588001967,,2025-06-12,,ev_ebitda,22,,0.22592671159474728,0.18718099632257176,12.680470474374232,8.880719755825352,-2.381147285340186,0.19762847182743126,0.4911627340073774,0.5772801754981156,0.7678980927204371,0,0.15894183435532172,0.5866869926916918,12.0,0.062269396622875076,0.09334431201134749,0.8672519023869069,1.485480413701747,True,0,77.42957746478874,8
1003342,CI,Cigna Corp,Financials,Life & Health Insurance,screen,70731257520.0,96311257520.0,-0.035591204670191945,-0.23200233774084478,2023-10-01,0.0,ev_ebitda,60,0,0.042989257207417315,0.038058088907740276,7.463564839339678,7.009271810764729,2.0883708043909834,0.04927144369483072,0.05373393652978775,0.011437315438294293,-0.017115972395336132,0,0.0053555644860978635,0.0047062182146113685,16.0,0.14172508168214712,0.1542275367878938,0.7768324380684971,-0.03594041330243691,False,1,,
1000171,CIEN,Ciena Corporation,Telecommunications,Communication Equipment,screen,55341928380.0,55941770380.0,1.4151850072080734,-0.4388835725677831,2023-10-01,0.6833333333333333,ev_ebitda,60,0,0.2730496066818194,0.16156755474382647,24.1460699823966,17.29899141174144,0.428633892713968,0.3124376357014613,0.48434179242756525,0.3777393922979271,0.991008244095757,0,0.1456662941646425,0.04268554614755793,9.0,0.023957730188555456,0.04062368836530183,0.5722821581795353,0.00024230559244298178,False,0,40.41079812206573,440
1005372,CIFR,Cipher Digital Inc.,Technology,Application Software,screen,6329047157.780001,10944084157.78,0.2569499602859411,-0.45767649074708705,2023-10-01,0.5625,ev_ebitda,48,0,0.624048746396485,-1.2492409309652097,20.372483748594355,17.151296924262137,,1.2180524302472167,,0.3585655467813267,1.5290789658279413,0,0.0037002196973043855,-0.027144356557040505,9.0,-0.21247525659444025,-0.3166130104151467,-2.503290493057024,0.12885887943154617,True,0,,
1002921,CIM,CHIMERA INVESTMENT CORP,Financials,Mortgage REITs,screen,785330911.4699999,13539047911.47,-0.1673892757207135,-0.2781360793706852,2023-10-01,,,,,,,,,,-0.0187252481105864,,-0.11564057242766601,,,,-0.12357617646373642,,,,,0.009793942690972335,False,0,,
1002922,CINF,CINCINNATI FINANCIAL,Financials,Property & Casualty Insurance,screen,25246755000.0,24372755000.0,0.030712452691380676,-0.1653463951423947,2023-10-01,,,,,,,,,,0.035832949714082574,,0.003410392129856943,,,,0.003410392129856943,,,,,-0.005640113297049942,False,0,,
1000159,CL,COLGATE-PALMOLIVE COMPANY,Consumer Goods,Household Products,screen,67776154000.0,74263154000.0,0.09398986329218295,-0.18261788730156236,2023-10-01,0.06666666666666667,ev_ebitda,60,0,0.2421813111821714,0.21490509987053796,13.886431598586748,13.252167662804544,1.2744987033672295,0.032657623644472666,0.045437189429490266,0.0029608816458295273,-0.028115958721926293,0,0.016005917169230832,-0.002184198740317722,15.0,0.0674223140251773,0.07121231231228388,0.8544720160372963,-0.013404781498704277,False,0,28.814553990610328,888
1000555,CLDX,CELLDEX THERAPEUTICS INC,Health Care,Biotechnology,screen,2504891200.0,1792208200.0,0.25280247390800126,-0.37528912875867393,2023-10-01,0.23333333333333334,ev_sales,60,0,-35.3482374836445,-35.36637553109531,-4.960174618361684,-6.23985060723137,,7.7014846579720935,,-0.6456653540785784,0.08442696294365448,,,-0.10880920820975237,8.0,-0.13693353233491126,-0.11663047595673012,0.9493080945476393,0.08592158347063705,True,0,,
1001017,CLF,Cleveland-Cliffs Inc.,Materials,Iron & Steel,screen,6549370000.0,14182370000.0,-0.09754098360655739,-0.5177398160315374,2023-10-01,0.45,ev_ebitda,60,0,0.10382176335004409,0.06611237846021942,6.1855303837530125,6.962398687945454,6.2529578996074,0.011566935452298699,0.12440794847699355,0.06658944421077972,0.09770326775346483,0,0.1936445353522167,0.038041575048891385,8.0,0.14319207832357672,0.12772943149950677,0.40902198485238206,0.09127324328189057,False,1,25.57511737089202,996
1000319,CLH,CLEAN HARBORS INC,Industrials,"Waste, Disposal & Environmental Services",screen,16550842110.0,18806051110.0,0.3359314443200414,-0.049365692222834934,2023-10-01,0.7666666666666667,ev_ebitda,60,0,0.2084560971790523,0.1267239991168684,13.242551410955501,12.377588339925744,1.6845070836528755,0.04352309480309158,0.043670092472767985,-0.020140236748560802,-0.01611941419558094,0,0.047411682936812305,0.035229205989974366,12.0,0.04323076292229663,0.049111518292239156,0.5038335123761064,-0.011715520812387914,False,0,27.03051643192488,956
1000556,CLMT,"Calumet, Inc.",Energy,Oil & Gas Refining & Marketing,screen,4705135176.48,6814035176.48,1.87013698630137,-0.11295512277730724,2023-10-01,0.48333333333333334,ev_ebitda,60,0,0.14637105994458366,0.13789579008003494,9.926508205576019,9.386709324964865,3.6104072917625936,0.03010118284276797,0.03268282398731848,-0.06402196513097458,0.5124799212454931,0,0.1637836655817302,0.04062136568814512,6.0,0.0984358229631122,0.09440248726375808,0.6747104183721374,0.025922768352592884,False,1,31.279342723004692,803
1004931,CLOV,Clover Health Investments Corp,Financials,Life & Health Insurance,screen,2307243919.05,2359296919.05,0.40849673202614367,-0.20332717190388183,2023-10-01,0.3055555555555556,ev_ebitda,36,0,0.03132413703023831,0.016132848706695662,21.364166820878342,15.275108157152415,0.7937616669962129,0.1550120522537064,0.3881697807483051,0.2960515452742418,-0.1402332955042258,1,0.643904505529165,0.06085686967588311,4.0,0.024741183956136014,0.047046083208978,0.5169128736050005,0.051822346800272534,True,1,,
1004610,CLSK,Cleanspark Inc,Technology,Application Software,screen,3360701169.72,4936726169.719999,-0.11172413793103442,-0.44957264957264953,2023-10-01,,ev_ebitda,33,,0.22492735654334542,-1.7332473043429666,36.461822673539494,14.784087945107695,,0.2290573574627368,,-0.563076443671847,-0.8046422488130345,0,-0.6580407635405797,-0.23883053266165688,9.0,-0.328417349725711,-0.5766328435555992,-8.151833963778383,0.124451442034893,True,0,,
1000147,CLX,THE CLOROX COMPANY,Consumer Goods,Household Products,screen,9823895850.0,13661895850.0,-0.3123631672787346,-0.4930302213523029,2023-10-01,0.05,ev_ebitda,60,0,0.18081580372558456,0.1585823077657063,9.906241763541656,9.396015065886887,2.9768384966843615,0.07833835150162471,0.0748417496038829,0.11824097253296029,-0.03574602648561431,0,-0.0112367894256018,0.011533206745993674,13.0,0.10189088971898672,0.1061787470298623,0.7258001551562765,-0.01076072338480194,False,1,26.232394366197184,977
1000370,CMC,COMMERCIAL METALS CO,Materials,Iron & Steel,screen,7006757273.599999,9755233273.599998,0.09703697102022657,-0.2488383086173639,2023-10-01,0.5166666666666667,ev_ebitda,60,0,0.14998404859857026,0.10670118785217692,6.477086651691696,6.466576375783979,2.125967792921074,0.053229652335083255,0.08859168332882428,0.14982312277560927,0.3941943964424601,0,0.0199287767038554,-0.002569056427363936,9.0,0.1320308853562111,0.14580611640286584,0.614235137462807,-0.023061634634180983,False,1,39.02582159624413,488
1000042,CMCSA,Comcast Corporation,Consumer Services,Cable and Satellite,screen,77469000000.0,160189000000.0,-0.22493795807045336,-0.4524223042407399,2023-10-01,0.0,ev_ebitda,60,0,0.28287681897394357,0.1680420538308472,4.808639942507307,4.707110517579882,2.469159520108119,0.001802299694351417,0.012672767227465132,-0.07717025260997279,-0.13405102243632572,0,-0.01922567122338159,-0.021411966502063007,19.0,0.20414935532256,0.21626663934617538,0.47475061068874824,-0.0417800362188826,False,1,32.194835680751176,764
1000598,CME,CME GROUP INC,Financials,Securities exchange,screen,95775858200.00002,97055858200.00002,0.007247530653432532,-0.17019117610582501,2023-10-01,0.16666666666666666,ev_ebitda,60,0,0.7294488508238482,0.6978273970858013,17.985394263753697,16.74349544386377,0.25802416482981555,0.054595896532332766,0.06925767510189562,0.03334214720801265,0.03268442330087096,0,-0.007508024153128345,-0.0010184006539456503,8.0,0.0626182421136348,0.06662933921061927,1.111360948014021,0.0011628263513996373,False,0,,
1000082,CMG,"CHIPOTLE MEXICAN GRILL, INC.",Consumer Services,Restaurants & Bars,screen,41339348480.0,46080687480.0,-0.1847410053585098,-0.5339318067107985,2023-10-01,0.0,ev_ebitda,60,1,0.1848461259601764,0.12824597660082354,17.224144365540095,15.181243166702682,2.0553202387785547,0.10965280875810546,0.1487513896345738,-0.05021922889720887,-0.1779554716107573,0,0.0016562182312533924,0.005033728099581358,24.0,0.04593996777523063,0.05457871433199713,0.7098605171574691,-0.036410371584801315,False,1,29.025821596244132,880
1000221,CMI,CUMMINS INC,Industrials,Heavy Transportation Equipment,screen,71604500000.0,68638500000.0,0.24091017648052682,-0.2873832737383166,2023-10-01,0.6333333333333333,ev_ebitda,60,0,0.1896426156781709,0.14765865712324402,8.743727310838334,7.81071017134082,-0.44947446909845024,0.08999036531539373,0.13265724059149675,0.09992328886196056,0.14043280221587673,0,0.017723422536693345,0.029045510945205022,14.0,0.0814430912585208,0.09062899128181925,0.7428880745508393,-0.0025614559956780303,False,1,48.36854460093897,214
1005297,CMP,Compass Minerals International Inc,Materials,Fertilizers,screen,921385260.0,1581685260.0,0.1479166666666667,-0.34228588481050426,2023-10-01,0.016666666666666666,ev_ebitda,60,0,0.18674004022256607,0.11686221378138402,6.265851445894186,5.63523793289798,2.8390336508788447,0.04544472294373936,0.0986755192597053,0.007584978548225374,0.07484857574812076,0,-0.008377891090549539,0.022218739767281948,2.0,0.10227451799406895,0.11003536860923732,0.3733092305037697,0.011709394969360076,False,1,15.246478873239438,1060
1000001,CMPR,CIMPRESS NV,Industrials,Diversified Support Services,portfolio,1818133713.0,,,,,,,,,,,,,,,,,,,,,,,,,,True,0,,
1002937,CMS,CMS ENERGY,Utilities,Multi-Utilities,screen,19779312000.0,38839312000.0,-0.11206302642107635,-0.19836191314527163,2023-10-01,0.0,ev_ebitda,60,0,0.4104204346861772,-0.18029162486234943,10.10543811903356,9.13273967187209,5.619313945869044,0.044419298949742725,0.10056587383022886,0.0746214900464397,0.05013432293069142,0,0.008710944995034442,-0.004633251286510154,9.0,-0.11754449915205678,-0.11783858027694136,-0.6049188386639611,0.02157613154138094,False,0,,
1000599,CNA,CNA FINANCIAL CORP,Financials,Property & Casualty Insurance,screen,12465596000.0,15099596000.0,0.04789185178051936,-0.18086397936370158,2023-10-01,,,,,,,,,,0.026711391124887518,,-0.02917806515018606,,,,0.005890259106448914,,,,,-0.0017433605036746291,False,0,,
1003255,CNC,CENTENE CORP,Financials,Life & Health Insurance,screen,30335951520.0,22289951520.0,0.7410313901345291,-0.22745927123492105,2023-10-01,0.23333333333333334,ev_sales,60,0,0.016651769680444947,0.016318270885008344,6.933231180459551,5.480841327102759,-3.297291656337108,0.012749032343388533,0.17985670574020518,-0.03186680604129777,0.21127075045511323,0,0.20098380463638144,0.003671071648521984,12.0,0.13127223177607,0.17783418561065062,1.238674074790853,-0.02492259780339412,False,1,,
1000601,CNK,CINEMARK HOLDINGS INC,Consumer Services,Out-of-Home Entertainment,screen,4211352000.0,5583852000.0,0.3474801509290071,-0.028139656070870434,2023-10-01,0.7666666666666667,ev_ebitda,60,0,0.2164304005094271,0.15787486062654035,6.964352854189816,6.66696928000717,1.8940599635950595,0.03275315165346249,0.04066273259182385,0.014342185572756572,0.018534610365898097,0,0.04779535787989464,0.02714186846162736,9.0,0.11469303086400727,0.12487465314956209,0.6024284041506052,-0.1398631851038823,False,1,32.147887323943664,767
1006481,CNL,Collective Mining Ltd.,Materials,Diversified Metals & Mining,screen,1140192652.4902704,1084293360.4902704,-0.1534091988991776,-0.4082570811848747,2023-10-01,,ev_sales,7,,-805255460.0399308,-9555255460.03993,-33.66302416740219,-56.179790271726674,,,,0.0,3.026277300199654,,,,3.0,-0.3359326418970675,-0.001252598697279804,11.891503660331843,0.166454021388043,False,0,,
1000002,CNM,Core & Main Inc,Industrials,Industrial Distribution,pipeline,8001209240.92,10138209240.92,-0.22942597064833736,-0.3807106598984772,2023-10-01,0.23333333333333334,ev_ebitda,60,0,0.12273246797587108,0.11090285896245974,10.541277095755351,9.842232549666317,2.246570497916928,0.03393057566932445,0.051862502972533475,-0.016403276993583682,-0.031697587071062516,0,-0.005500537309648945,-0.0012366005182845585,12.0,0.09236454590460046,0.10190231162652012,0.768409820527993,-0.06804638690402831,False,1,29.988262910798124,854
1006380,CNMD,CONMED,Health Care,Health Care Equipment,screen,1383273810.0,2180194810.0,-0.01701041888156507,-0.5887438755454462,2023-10-01,0.2,ev_ebitda,60,1,0.20615715033840426,0.1659677973953965,7.37272884641773,6.781027846271232,2.8539708025503994,0.05092583849828913,0.07091809126609827,-0.04949820883262479,-0.09689398497013746,0,0.003782809461251313,0.0026522994944335743,6.0,0.14511010513070477,0.159879973130962,0.6787952137588611,-0.015623690632434406,False,2,36.58450704225352,567
1000409,CNO,CNO Financial Group Inc.,Financials,Life & Health Insurance,screen,5040052160.0,5070352160.0,0.3585436955443393,-0.06459269251409483,2023-10-01,,,,,,,,,,0.036878268013311954,,0.00877221837311315,,,,0.0032265618568252386,,,,,-0.06508993628295157,False,0,,
1003287,CNOB,ConnectOne Bancorp Inc,Financials,Diversified and Regional banks,screen,1529287700.0,,0.24371620029699215,-0.1138452638603874,2023-10-01,,,,,,,,,,0.09895191259947933,,0.016969786061515446,,,,,,,,,0.14374542069919993,True,0,,
1000603,CNP,CENTERPOINT ENERGY INC,Utilities,Multi-Utilities,screen,24781860000.0,47234860000.0,-0.029975616933720306,-0.1780657122505136,2023-10-01,0.35,ev_ebitda,60,0,0.4421327373234994,-0.25809324165861836,10.400785300344456,9.383696465886292,5.592824531685191,0.04700751567903705,0.10279673149796564,0.03998386898507755,0.013748528558093165,0,0.0004331543311495434,-0.0018291222039240607,11.0,-0.15311661479776595,-0.1478353163101254,-0.835525515564384,0.016244151469939405,False,0,,
1003825,CNR,"Core Natural Resources, Inc.",Energy,Coal & Consumable Fuels,screen,4421010202.799999,3990274202.799999,0.032961587131373093,-0.3512061033002891,2023-10-01,,ev_ebitda,27,,0.21360273068475477,0.12710579151047993,3.984613193893941,3.6125883991588377,-0.48673612843408715,0.03156317789201735,0.0756626940642331,-0.004224823711127201,-0.010059753577614128,0,-0.020565369744681705,-0.017118298661235043,3.0,0.13166205041856505,0.15540253447328944,0.5812534713584789,0.29415824591888606,False,1,57.28873239436619,113
1006346,CNS,COHEN & STEERS INC,Financials,Asset Management & Custody Banks,screen,3792076320.0,,0.15603331893728822,-0.2775000378028958,2023-10-01,,ev_ebitda,0,,0.3842838432575712,0.38428384325757114,,,,0.10655278440533733,0.11037472532366777,0.0708872293947902,0.023302782026849878,,,0.04373026295630322,1.0,0.07788591662969012,0.08679738769351472,1.1116572753846636,0.009965647056930704,False,0,,
1001018,CNX,CNX Resources Corp,Energy,Oil & Gas Exploration & Production,screen,4852859324.96,7251403324.96,-0.029576587795765774,-0.26848157709457865,2023-10-01,0.05,ev_ebitda,60,0,0.6646980556475608,0.39514510879882725,4.922806861682581,4.838579845072902,1.6938323249050542,0.0017418555753445641,0.006330664866007751,-0.02304403083933748,-0.040914230864315226,0,-0.05548040824111655,-0.01816356782777029,5.0,0.21226889855451558,0.21596000432597048,0.6993181571320599,0.006622237835919087,False,1,35.9037558685446,602
1005325,CNXC,Concentrix Corporation,Industrials,Data Processing & Outsourcing Services,screen,1645179100.0,5325860100.0,-0.4333243318543136,-0.7439570948328071,2023-10-01,0.15,ev_ebitda,60,1,0.1513974935062555,0.11996123583133225,3.5829649296136297,3.532349399171267,2.5629807205543127,0.005638014173607653,0.026980473351957412,-0.05073215748540161,-0.11289383659019625,0,0.0016638266508341992,-0.027009042601604083,3.0,0.566790669884647,0.47980970761027486,0.6273193436040952,-0.0312747797987879,False,2,32.45305164319249,745
1005975,COAG,"Hemab Therapeutics Holdings, Inc.",Health Care,Biotechnology,screen,1450669910.0,994235910.0,-0.0929411764705882,,2026-05-01,,,,,,,-7.318585290805737,-6.043394581340403,,,,,,,,,,0.010732278913601604,0.012783574875476355,-0.11460359655302281,4.993091527213551,False,0,,
1005262,COCO,Vita Coco Company Inc (The),Consumer Goods,Soft Drinks,screen,3457245856.97,3178613856.97,0.34812809041676496,-0.3185551059271602,2023-10-01,0.26666666666666666,ev_ebitda,60,0,0.1934121730769907,0.16112606295487514,17.013070381147216,14.94479106985264,-1.8992087433491598,0.16336152343637078,0.14297778484567436,0.32101586308155405,0.5147934846430913,0,0.1537875900357646,0.17274644875759626,10.0,0.047325601861048526,0.05381113138980612,0.8757322368345162,0.013022421555209052,False,0,44.19014084507042,323
1000442,COF,Capital One Financial Corporation,Financials,Consumer Finance,screen,120791528000.0,101779528000.0,-0.07766068284475791,-0.24273853067265228,2023-10-01,,,,,,,,,,0.057053481998867506,,0.024891794425380587,,,,0.0043698845542508025,,,,,0.2630123091809482,True,0,,
1003969,COGT,Cogent Biosciences,Health Care,Biotechnology,screen,5402062734.12,4630566734.12,1.2298050139275771,-0.2525676937441643,2023-10-01,,ev_sales,20,,-0.5925808493304094,0.0,-26.392455448887695,19.821554754918115,,8.887070163636428,,0.41684924696105274,0.23141802384979293,,,-0.19604887431723206,8.0,0.004472679359250633,0.0046183438031559155,-0.13771239720026088,0.30293943556950165,False,0,,
1003841,COHR,Coherent Corp.,Technology,Electronic Components,screen,64540218000.0,65740218000.0,1.6718343854437432,-0.3257982149968376,2023-10-01,0.75,ev_ebitda,60,0,0.27566163299752766,0.041733636110873495,22.432847271602913,15.122175284774189,0.5809972668416186,0.4282534564615743,0.5673589760443967,0.5050150745296234,0.5473118675096067,0,0.11638655920978702,0.09957401043037573,12.0,0.005946183637163106,0.029423557580120312,0.13095497595181912,0.12568838303931007,False,0,,
1003035,COHU,"Cohu, Inc.",Technology,Semiconductor Equipment,screen,3758617900.0,3556681900.0,2.3516969995081163,-0.07806792044378297,2023-10-01,0.85,ev_ebitda,60,0,0.19153402498586397,0.10580366076399582,23.804761131579156,17.64234205173046,-3.137165457546726,0.2126499921674736,0.5810447042646187,0.24811684414432422,0.3898653651838191,,,,5.0,0.024612425556097186,0.046735503747169435,0.6191578683599614,0.06455443559747254,False,0,25.058685446009388,1004
1004996,COIN,Coinbase Global Inc,Financials,Securities exchange,screen,49861257480.0,42616419480.0,-0.4476577083765445,-0.5559340606984611,2023-10-01,0.37735849056603776,ev_ebitda,53,0,0.3554720046084947,0.24483747147688692,18.248718238473003,13.392213014290913,-4.776157383402877,0.23425751443509846,0.7102746348029465,-0.258833313682831,-0.4201662397766128,0,-0.24071550913547146,-0.13100779045293753,22.0,0.03070087004385861,0.05378951674919549,0.6554949004977512,-0.014420796565511651,True,0,,
1003294,COLB,"Columbia Banking System, Inc.",Financials,Diversified and Regional banks,screen,8230340560.0,,0.16807503714262895,-0.13867865058981588,2023-10-01,,,,,,,,,,0.020106434669700857,,-0.05242152715869086,,,,-0.022034988212447537,,,,,0.16412165759766584,False,0,,
1003866,COLD,Americold Realty Trust,Financials,Industrial REITs,screen,3967419660.0,8209579660.0,0.22248112424368927,-0.4823618280031603,2023-10-01,0.31666666666666665,ev_ebitda,60,0,0.2220771092350942,0.17150078792802392,14.237096096175595,12.709320501124862,7.165775898705552,0.021139549395682744,0.05225175344229327,-0.09858180807803696,-0.168693285107812,0,0.017211884517098763,0.0336111700036279,6.0,0.07802155142561389,0.0804247839227352,0.5368132390603945,0.003320125225733994,False,0,,
1000607,COLL,COLLEGIUM PHARMACEUTICAL INC,Health Care,Biotechnology,screen,872199881.28,1834289881.28,-0.37639325521577593,-0.562199036918138,2023-10-01,0.7333333333333333,ev_ebitda,60,0,0.4771756404688082,0.48974041089419,4.605052252472395,5.375940872588447,2.1087658499528734,0.0016791235502588986,-0.13386074892552424,0.15892141771633428,-0.029643847299828274,0,-0.13291282465508236,-0.057695940800580714,3.0,0.4213020321400109,0.3582758327524922,0.9225208048983089,-0.03333450336132704,False,1,34.26056338028169,672
1000308,COLM,COLUMBIA SPORTSWEAR CO,Consumer Goods,Clothing and Accessories,screen,2957420160.0,2794063160.0,0.12113567759502253,-0.35758757723444223,2023-10-01,0.08333333333333333,ev_ebitda,60,0,0.1031457898060835,0.08307417406538288,7.606118683594102,7.500457796261832,-0.4286637965942491,0.027343019988282702,-0.024102864871439866,-0.003552576104371652,0.22830677582430892,0,-0.044912447529036004,-0.008718281468039546,5.0,0.10627195719139927,0.1024476117366039,0.8555759862653887,-0.06233249476836655,False,1,44.54225352112676,314
1006550,COMM,COMMSCOPE HOLDING CO INC,Telecommunications,Communication Equipment,screen,1440208000.0,1326608000.0,0.3886914340701624,,2025-07-09,,ev_ebitda,7,,0.137223534139456,0.10486617836565085,6.845602068770726,6.3349876314271025,-0.5080416272599777,0.00804854372699082,0.02098940606003774,-0.7711107703494952,-0.8572531020981837,0,-0.4804789943546752,-0.39285499160128634,1.0,0.10282828292757855,0.09669648825991405,0.7641996616927138,-0.02256414315407651,False,1,,
1005006,COMP,Compass Inc,Financials,Real Estate Services,screen,7682480903.039999,7766480903.039999,0.10585305105853071,-0.34609720176730485,2023-10-01,0.016666666666666666,ev_ebitda,60,0,0.0737635807007266,0.070839014078463,6.789709400572633,5.478756534448309,0.11368109942282724,0.07690324344988486,0.26427373600615467,0.7872782619375767,1.3886535039382428,0,0.017448593616229857,0.019680873163345103,9.0,0.12697787464510635,0.15940585429762147,0.8528181824650677,0.2842451006314122,True,1,,
1005739,CON,"Concentra Group Holdings Parent, Inc.",Health Care,Health Care Facilities,screen,4468711390.0,5884296390.0,0.6611154256718668,,2024-07-25,,ev_ebitda,32,,0.21138364625491832,0.1774721146441405,11.165479149555908,10.401923538208207,2.969806873079656,0.060863526044895755,0.0727847418838592,0.017937812785709273,0.04502289597240772,0,0.04276452581248713,0.009879072798590904,7.0,0.07801524137156894,0.08748262948475763,0.661522451488701,0.058170416812991954,False,0,,
1000608,COO,THE COOPER COS INC,Health Care,Health Care Equipment,screen,11103094000.0,13492594000.0,-0.17546674445740962,-0.49177380203182597,2023-10-01,0.0,ev_ebitda,60,0,0.3180191103080199,0.24342471257221668,9.614729682193568,9.098932211573223,1.7760925062902955,0.04305987568464875,0.04599109782482369,-0.03030976371971328,-0.06201922276729943,0,0.10777735218449824,-0.02150127018993042,9.0,0.08935876951848311,0.09010967661293064,0.7070055494055033,-0.015074260569663767,False,1,28.791079812206572,890
1000609,COP,CONOCOPHILLIPS,Energy,Oil & Gas Exploration & Production,screen,154283240300.0,169881240300.0,0.36479060831509447,-0.1137940801586177,2023-10-01,0.6833333333333333,ev_ebitda,60,0,0.4443662860205228,0.26681757715995824,5.78580529112926,5.805766822930988,0.519904771556013,-0.02748111064446357,-0.03862360292944855,0.045054523072722175,0.0866193955855088,0,-0.004662256505262308,0.0085421070992171,17.0,0.10929236638745829,0.10557993986315584,0.5742843376772382,0.010717667048047108,False,1,39.11971830985916,483
1000225,COR,"Cencora, Inc.",Health Care,Health Care Distributors,screen,60079925824.93595,68987875824.93594,-0.03197120769531536,-0.1940191379794567,2023-10-01,0.75,ev_sales,60,0,0.01666019010190096,0.013427256812671746,11.69931582052383,11.016572641383926,1.602967177763102,0.04983678429927951,0.06162960709983856,-0.029822355708964743,0.05733299598000596,0,-0.01450246831447044,-0.011522163253131268,8.0,0.08743353600818754,0.09034764629503632,0.89083059100601,-0.015471803482315916,False,1,30.105633802816904,852
1000610,CORT,CORCEPT THERAPEUTICS INC,Health Care,Biotechnology,screen,13498849625.0,13200073625.0,0.386475755023463,-0.06749210973537256,2023-10-01,0.45,ev_ebitda,60,0,0.4094530655938704,0.40540911662156354,20.00090532618606,14.368341316004045,-1.0966490207227826,0.341398522564893,0.6954241025623975,0.3347122325350189,-0.4575881459749662,0,0.055928556224329906,0.1784099132269359,2.0,0.051027719311099895,0.07070883422371943,1.043701284390617,0.009764752347369399,True,0,72.35915492957747,38
1005226,CORZ,Core Scientific Inc,Technology,Application Software,screen,5319129150.0,7847361150.0,-0.10925306577480498,-0.4519890260631001,2024-01-24,,ev_ebitda,33,,0.5771114583388605,-3.340283229293537,11.393577103658256,6.5523839473459855,16.261180783503942,0.5978320383248636,1.349465984365703,-0.12653765425320862,-0.05283664500546825,1,0.14816047797777898,0.05191753244751007,10.0,-0.8180524405158504,-0.7189297422048856,-6.317687433282352,0.20398476160773904,False,1,,
1003174,COST,Costco Wholesale Corporation,Consumer Services,Hypermarkets & Supercenters,screen,406566398160.0,391427398160.0,-0.010780305004232549,-0.16680007313457468,2023-10-01,0.31666666666666665,ev_ebitda,60,0,0.04862184557795842,0.027694635773722845,24.466507510104073,22.81811259897275,-1.0441953399225425,0.08081791911217939,0.09300878688209457,0.03373419223976293,0.038437900776226774,0,0.004190314515908566,0.008667915771915169,16.0,0.023688554134420236,0.027813319024593754,0.6019921042140648,-0.0003733055208384739,False,0,29.823943661971832,862
1000611,COTY,COTY INC,Consumer Goods,Personal Products,screen,2333060000.0,5177560000.0,-0.35396039603960394,-0.8031674208144797,2023-10-01,0.26666666666666666,ev_ebitda,60,0,0.1392073740327415,0.1010816230302093,6.417278186680826,7.610642721388979,3.3997193584606595,-0.047612723238009136,-0.10373623966353807,-0.039619313663224465,-0.2326476323919362,0,-0.056412940899284614,0.0029010385685488416,12.0,0.19171437312662723,0.12513976662201276,0.5543784086139527,-0.004687040512410645,False,1,27.96948356807512,921
1005022,COUR,Coursera Inc,Consumer Services,Educational and Vocational Training Services,screen,1185672000.0,203472000.0,-0.5764304013663536,-0.7642585551330798,2023-10-01,0.0,ev_ebitda,45,1,0.16269762165317225,0.13895421863524637,0.8345278243189046,0.8109727556755103,-6.7937276657664025,0.1113501429942787,0.2095287295251096,0.74530753219503,1.5740091592423635,0,0.033528092390242126,0.006575636646758198,10.0,0.20862879360977782,0.2556053955963081,1.0145535575299696,0.21276182229755247,False,2,64.28403755868544,83
1000003,CPAY,"Corpay, Inc.",Technology,Payment Processing,portfolio,25848842250.0,33308834250.0,0.3490245087828925,-0.08616310789201387,2023-10-01,0.6333333333333333,ev_ebitda,60,0,0.5318017391192926,0.49841328139727126,10.871992913627281,9.878774097107188,2.7986196734937727,0.08986433136414718,0.10486526182651978,0.06787023123455271,0.052925941537987464,0,-0.011798601904083217,-0.006561316631082392,11.0,0.09421878011798612,0.1077889989624965,0.7949289258348665,-0.03931973431499569,False,1,33.39201877934272,705
1000216,CPB,The Campbell's Company,Consumer Goods,Packaged Foods & Meats,screen,5924960000.0,12667960000.0,-0.3321972902685332,-0.5825926568937092,2023-10-01,0.13333333333333333,ev_ebitda,60,1,0.15438533953741498,0.1246091677243694,8.670124031976442,8.40392387326523,4.291006956215692,-0.01585589544563415,-0.027548101980768513,-0.05784140556561401,-0.1708011141016531,0,-0.04032301521716397,-0.02516982584991756,13.0,0.1407069413876316,0.14269170247747323,0.5705839778883233,0.002088120878942057,False,2,26.490610328638496,970
1006387,CPF,Central Pacific Financial Corp.,Financials,Diversified and Regional banks,screen,941760322.87,,0.22418332506548588,-0.09535157571806863,2023-10-01,,,,,,,,,,,,0.0019342921531249058,,,,-0.0014784030499559453,,,,,-0.022039582481292452,False,0,,
1003478,CPK,Chesapeake Utilities Corporation,Utilities,Gas Utilities,screen,3005553420.0,4692853420.0,-0.02475203574970075,-0.06328711356586292,2023-10-01,0.08333333333333333,ev_ebitda,60,0,0.41537479572002645,-0.003166897436356232,10.547135996061092,9.764242823267079,4.42671749188147,0.041868404493465405,0.10683979154914769,0.1776276944208932,-0.0023871091210190265,0,0.020115542445245715,0.04824591301526415,3.0,-0.0284783012868345,-0.04590244825084856,-0.19236944335264627,0.04295370055372105,False,0,,
1004990,CPNG,Coupang Inc,Consumer Services,Broadline Retail,screen,24826200000.0,21319200000.0,-0.5692546583850933,-0.5863405905159559,2023-10-01,0.0,ev_ebitda,57,1,0.0475287566101058,0.023935985426529374,10.633026034242524,7.223450519906626,-4.287066459433969,0.12940155829682243,1.2274135082229884,-0.08110200258222533,-0.4339804386806634,0,-0.06224643301332511,-0.025883916312884225,10.0,0.04493421793272957,0.08286074590640712,0.5563824345019146,-0.0022754963332513034,True,1,,
1003385,CPRT,COPART INC,Industrials,Diversified Support Services,screen,25438100600.0,21021502600.0,-0.39337336001778955,-0.5726817042606516,2023-10-01,0.0,ev_ebitda,60,1,0.40161687483198855,0.3028769373516038,10.786408190128894,10.016666163479025,-2.3327129631874217,0.0414722778142691,0.056001992417637814,-0.08585727702330492,-0.16575764060270815,0,-0.04610885106662188,-0.004413267891700046,3.0,0.06488647333111139,0.06492884624691216,0.8469386381439163,-0.009243602688024155,False,1,49.16666666666667,195
1000612,CPT,CAMDEN PROPERTY TRUST,Financials,Residential REITs,screen,9890313060.0,14683207060.0,-0.05634743661576869,-0.18612783172865732,2023-10-01,0.31666666666666665,ev_ebitda,60,0,0.5573194327331159,0.2955791070918516,16.87688167214412,16.26427112990091,5.512453482550518,0.018404352919378253,0.02501424841957789,-0.07881534424940029,-0.10188258734245059,0,-0.006295493534793639,-0.009261206941047928,18.0,0.03320645954433329,0.0335926510473651,0.3774886469947975,-0.025181465339794706,False,0,,
1002902,CQP,Cheniere Energy Partners L.P.,Energy,Oil & Gas Storage & Transportation,screen,29524000000.0,43502000000.0,0.19588989205848528,-0.14546475709070483,2023-10-01,0.4666666666666667,ev_ebitda,60,0,0.32939443653658435,0.2797619503662079,11.388655056513308,11.331755661742406,3.537153306623967,0.01423790499603328,-0.026124356708038143,0.05177913356433117,0.021702504722656446,0,0.009858921325304637,-0.014772599060560387,9.0,0.08423606594690246,0.06868090347388708,0.651083197424881,1.172203873500699e-05,False,1,19.589201877934272,1054
1000238,CR,Crane Co,Industrials,Machinery Tools and Components,screen,12110984000.0,12858984000.0,0.11367937104263248,-0.09789949220921434,2023-10-01,0.6,ev_ebitda,60,0,0.23195649930980827,0.19922855785878119,18.19870230897903,16.389891861079555,1.2143431675268657,0.05374597673571757,0.09368324809040063,0.14049069870936326,0.15578837352868713,0,0.01950297489257502,0.00525588865483928,8.0,0.04619932246343543,0.053216479416578734,0.7918607225033285,0.004985846749958833,False,0,30.551643192488264,832
1005424,CRBG,Corebridge Financial Inc.,Financials,Life & Health Insurance,screen,15305201999.999998,24314202000.0,0.0689483390081842,-0.05045871559633042,2023-10-01,,,,,,,,,,0.0789424232298721,,0.268198011767538,,,,-0.0005162832269576256,,,,,-0.1291260107131883,False,0,,
1000613,CRC,CALIFORNIA RESOURCES CORP,Energy,Oil & Gas Exploration & Production,screen,4613238000.0,5838238000.0,-0.016321717337479336,-0.2652155765835652,2023-10-01,0.5833333333333334,ev_ebitda,60,0,0.3213364822590643,0.13106632578479077,4.977425257073277,3.9651347793958176,1.1637017951604904,0.059655666129761586,0.202140441466101,-0.050852354036466596,-0.13905250358765453,0,-0.10251725940434098,-0.03433545040190311,7.0,0.07937746087228627,0.1405115505659766,0.3121950516794349,0.046261824182270095,False,0,41.16197183098591,418
1005836,CRCL,"Circle Internet Group, Inc.",Technology,Payment Processing,screen,22272693670.0,19654649670.0,-0.380223261427063,,2025-06-05,,ev_ebitda,23,,0.2191465562740381,0.19429181544909022,24.664333501237323,17.975462693042523,-3.8520517468665725,0.24462169075315576,0.24522051311648463,-0.17414877597368628,-0.1841689598819839,0,-0.16425049673509262,-0.09715236201412181,22.0,0.034894685172628545,0.04712602065128947,0.9752952414163072,0.9205897769306273,True,0,74.8943661971831,19
1006577,CRCT,Cricut Inc,Consumer Goods,Household Appliances,screen,1375069138.48,1091978138.48,0.05914144594881399,,2025-07-09,,ev_ebitda,24,,0.12519111698669794,0.07812533013144833,12.380520961138263,11.061997685383341,-2.2861173230372343,0.01283220027666232,-0.0891986124326678,-0.0028999576537637184,-0.2593133596031625,0,-0.16773948959322682,0.03234549731761138,2.0,0.049227668209086896,0.05090395243806469,0.7674653482742408,-0.01220249748748703,False,0,40.363849765258216,443
1005347,CRDO,Credo Technology Group Holding Ltd,Technology,ICs Semiconductors,screen,41509625850.0,40766104850.0,0.3377515280543917,-0.3561086870289567,2023-10-01,0.03333333333333333,ev_ebitda,60,0,0.5315104733825184,0.33358166300874786,30.690575641545234,19.306484031581643,-0.7828638759996592,0.7018899120042381,0.7706909000401896,1.0403480672172405,1.312329145801471,0,0.02825863882648849,0.02377209351952425,9.0,0.02090319285049587,0.04147725382070892,0.653231716998138,0.07648556261893402,True,0,70.97417840375587,50
1005426,CRGY,Crescent Energy Company,Energy,Oil & Gas Exploration & Production,screen,5065835770.0,9966975770.0,0.5074603579191839,-0.1742216095062462,2023-10-01,0.7592592592592593,ev_ebitda,54,0,0.585308030057712,0.2887838375611365,3.6508645685568326,3.7608861742092876,1.779597575759864,-0.05369845086895597,-0.08115282567141757,-0.14390184150806962,-0.09155642067310121,0,-0.0014365043822862633,-0.01933926408062636,10.0,0.20079103169491502,0.18212882950914916,0.3725870342801923,0.6658190859931183,False,1,34.51877934272301,664
1000350,CRH,CRH PUBLIC LTD CO,Materials,Building and Construction Materials,screen,54640960000.0,69541960000.0,-0.30050728780076597,-0.36326370251613604,2023-10-01,0.3333333333333333,ev_ebitda,60,0,0.21130862790465402,0.13452044636505534,7.8598874159390535,7.323644697905327,1.837329563456282,0.06003914136440014,0.07266159666467487,0.002703930463558768,0.026617558583877488,0,-0.011648936193673576,-0.004916363056505446,20.0,0.09072271329627897,0.09598387691127996,0.5602782324041786,-0.011955399201504457,False,1,34.94131455399061,647
1000445,CRI,Carter's Inc.,Consumer Goods,Clothing and Accessories,screen,1128881073.6000001,1043118073.6000001,0.14331814221799122,-0.6071986948940751,2023-10-01,0.0,ev_ebitda,60,1,0.08933779531036859,0.07206036926171482,3.8648211973084607,3.5213333762587538,-0.3587880391673117,0.013070868452625728,0.10805045866591478,0.07024873463813952,0.34034018604351135,0,-0.013256123623570315,-0.01353969934470789,5.0,0.1623397419992489,0.1807507766590861,0.6789987573623641,0.0015377258116027193,False,2,47.899061032863855,225
1003621,CRK,Comstock Resources Inc,Energy,Oil & Gas Exploration & Production,screen,3744298080.0,6798060080.0,-0.37871911245587486,-0.5992192582953806,2023-10-01,0.7,ev_ebitda,60,0,0.6326054620332349,0.1402677242342062,6.207006038792391,5.214653110162823,2.904629252322862,0.06578824619920276,0.11318849733464376,-0.243078583594466,-0.30975067418983704,0,-0.2271118222608669,-0.236226013384517,9.0,0.014398186290901728,0.03673054426681445,0.04922382669364036,0.008193219673943375,False,0,,
1000213,CRL,CHARLES RIVER LABORATORIES INTERNATIONAL INC,Health Care,Life Sciences Tools & Services,screen,13888595430.0,13703196430.0,0.8855298478844431,-0.011956594547524957,2023-10-01,0.9,ev_ebitda,60,0,0.26049992824468976,0.19634303989271523,13.13348464977977,12.236206921700505,-0.19121359661611384,0.03958533339973602,0.08376969974473725,-0.06032244649418039,-0.007930790712414537,0,0.03672443295375771,0.02085742261090906,9.0,0.04898675767104724,0.055641298213746186,0.6520713367438432,-0.0305918664714403,False,0,37.805164319248824,528
1000354,CRM,SALESFORCE COM INC,Technology,Application Software,screen,194322490000.0,222207490000.0,-0.023134275345947586,-0.36795748699570385,2023-10-01,0.26666666666666666,ev_ebitda,60,0,0.4265020159253236,0.41258912753525245,11.255276504320177,10.336331523926173,1.460797179816449,0.10703219029375655,0.09937227211673028,0.029407766834535165,0.039842169206867784,0,0.006194872433791909,0.0031284572235428243,35.0,0.10745295330789069,0.09643258923379523,1.0576425098674693,-0.014580650142467788,True,1,57.828638497652584,109
1004219,CRNX,"Crinetics Pharmaceuticals, Inc.",Health Care,Biotechnology,screen,8967322000.0,7802155000.0,1.741206840916425,0.0,2023-10-01,0.13559322033898305,ev_sales,59,0,-2.101503653844593,-1.4043875948566686,-16.781824305202967,-21.15773922937236,,1.1599733549938054,,0.05501818036956929,0.1564998476454429,,,0.26665268591624525,1.0,-0.0304012459785034,-0.037682418012119814,0.5863794531796799,0.144000335235009,True,0,,
1003322,CROX,"Crocs, Inc.",Consumer Goods,Footwear,screen,5917642720.0,7055024720.0,0.404069419509276,-0.26534318637274545,2023-10-01,0.31666666666666665,ev_ebitda,60,0,0.2467796480635026,0.22493643030111585,6.801054995452957,6.850512333233599,1.1382598186108446,0.020385078138609014,0.011971336063391291,0.023983747051740778,0.19502534645147307,0,0.007281581090682776,0.007573406753580203,10.0,0.14753047598159283,0.1470600414477524,0.8416048535451737,-0.09097535735053885,False,1,36.13849765258216,590
1003341,CRS,Carpenter Technology Corp,Materials,Specialty Minerals,screen,19261238000.0,19558638000.0,0.5871573625902715,-0.3718481042760403,2023-10-01,0.7166666666666667,ev_ebitda,60,0,0.2905508287138245,0.1636869585367597,19.21026716002392,16.522829942578444,0.3333448803863553,0.11925326257571633,0.1807220326244099,0.029584601575889824,0.08747407434621457,0,0.016820481856713254,0.008141849041512828,6.0,0.02804760698737108,0.04188090641209818,0.530609238133261,0.0014914251389601674,False,0,38.955399061032864,491
1003336,CRSP,CRISPR Therapeutics AG,Health Care,Biotechnology,screen,5350741814.88,3572587814.88,-0.14642802036722735,-0.37926391382405744,2023-10-01,0.6166666666666667,ev_sales,60,0,-2.3859234705469996,-2.427262930973166,-11.084925030885785,-13.833992755600747,,1.8316849337896035,,-0.39503312710345373,0.25736963958754866,,,0.07638098565407625,10.0,-0.06256786382206247,-0.05189025982704713,1.0387598884806637,0.07055539459432247,False,0,,
1006435,CRSR,Corsair Gaming Inc,Technology,"Technology Hardware, Storage and Peripherals",screen,1512323050.0,1437002050.0,0.5134529147982063,-0.08783783783783783,2023-10-01,0.6666666666666666,ev_ebitda,60,0,0.07845464435647359,0.05882140471604819,12.015486219026615,10.56831149847767,-0.6224991047962014,0.06369407925140314,0.03158600030812675,-0.15365126919036753,-0.1728239255031665,0,0.01805944052587427,-0.010353873420813064,5.0,0.05702524561565147,0.06860979477851757,0.7211003361028935,0.02275624539600929,False,0,40.17605633802817,450
1003036,CRUS,"Cirrus Logic, Inc.",Technology,ICs Semiconductors,screen,6291260010.0,5530462010.0,-0.04246148934472027,-0.3294019005030744,2023-10-01,0.48333333333333334,ev_ebitda,60,0,0.270835735078246,0.2553307279102741,10.104483248146455,9.769270405836725,-1.325470462282674,0.029670408134968573,-0.029527706031750145,0.0355464065624016,-0.08606440311380559,0,-0.08624289020706288,-0.04153226613073013,2.0,0.08849923967452042,0.08445416218772774,1.0172550834248204,-0.02862225117903683,False,1,49.49530516431925,186
1002998,CRVS,Corvus Pharmaceuticals Inc,Health Care,Biotechnology,screen,1009582382.0899999,795082382.0899999,0.5630936227951153,-0.5485893416927901,2023-10-01,,ev_sales,16,,-16.706877096769173,-0.0,-8.685029569814066,-8.164911711288921,,,,-0.5141454553849873,0.5698266246548234,,,0.0,5.0,0.0052654168387981926,0.008616525939449733,-0.05806757538472724,0.2543735721229443,True,0,,
1004566,CRWD,Crowdstrike Holdings Inc,Technology,Systems Software,screen,277922756210.0,273655125210.0,1.1595497369387004,0.0,2023-10-01,0.9666666666666667,ev_ebitda,60,0,0.3105407624049438,0.23356424571817164,146.74291321158333,115.60115927881263,-2.5321332340338203,0.2374512394937589,0.33516540077130297,0.029974406640137063,0.10501758700628216,0,0.03031565371791589,0.010004579615631837,36.0,0.005641346287570122,0.007677123596140874,0.8407374973672862,0.02601172689521003,True,0,70.08215962441315,57
1005823,CRWV,"CoreWeave, Inc.",Technology,Internet Services and Infrastructure,screen,48802070000.0,78346070000.0,-0.36339057362075255,,2025-03-28,0.1111111111111111,ev_ebitda,36,,0.6314494343684411,-0.8862472871450007,4.634694992643956,2.8296836661257645,4.552426046486871,0.8184718938211202,0.9065438237086736,0.4588135566466178,0.30850013149231437,0,0.06573047320428804,0.04391220537900864,29.0,-0.5927223937935105,-0.38706364327522735,-1.7111714344527003,0.5923192560898987,True,0,,
1000151,CSCO,"CISCO SYSTEMS, INC.",Telecommunications,Communication Equipment,screen,433299840000.0,446914840000.0,0.6056509008283304,-0.16897967809358938,2023-10-01,0.8166666666666667,ev_ebitda,60,0,0.3855287407358735,0.3522922678701235,15.897741976588353,14.805651734501062,0.5407084211347908,0.11006073883757694,0.10817330436774464,0.17213118443489717,0.17127717569773004,0,0.0633890423118939,0.06116590268518052,17.0,0.05754317074383359,0.06436735346191677,0.8869374349895486,-0.009643546052677365,False,0,39.002347417840376,489
1000615,CSGP,COSTAR GROUP INC,Financials,Real Estate Services,screen,11209968000.0,10937968000.0,-0.6752400142230651,-0.7196357310958764,2023-10-01,0.0,ev_ebitda,60,1,0.24482198777560182,0.17841995079374764,10.712464534624136,8.826483330464788,-0.37974363506518133,0.11005315577170549,0.23896159045529175,0.02229568396786563,-0.07032751889693079,0,-0.018329272951637443,-0.024053709567479764,15.0,0.06792346293635365,0.0913958616159031,0.7457219746726856,-0.0018556969574639037,True,1,,
1000339,CSL,CARLISLE COMPANIES INC,Industrials,Building Products,screen,13171005000.0,15390605000.0,-0.007801266327640222,-0.31664846957131765,2023-10-01,0.23333333333333334,ev_ebitda,60,0,0.25230090738196437,0.21506642233739398,11.036216855563012,10.672747386827698,1.7464056233742256,0.04849270685554874,0.058900970746147197,-0.012984358896102832,0.005247370523821848,0,0.02175905181038118,0.029116318753547255,8.0,0.09587932641130112,0.10107792920219615,0.9055416333139525,-0.07713604990457379,False,1,32.80516431924883,730
1006778,CSTL,Castle Biosciences Inc,Health Care,Life Sciences Tools & Services,screen,1071716745.0000001,814986745.0000001,0.5603864734299517,,2025-07-28,,ev_ebitda,10,,0.0533269186264018,0.03878518314419993,37.14358624967573,16.20913126536659,-17.421291354910714,0.1087253943019566,2.1652998192680144,0.20641205207797908,-2.324268553041327,0,0.15465119586172826,0.046016927825644816,6.0,0.024196807729213326,0.053782487684384074,1.1818745409594482,0.020110327223628044,True,0,,
1004192,CSWC,Capital Southwest Corp,Financials,Asset Management & Custody Banks,screen,1424602565.3,2587317565.3,0.18382345692607416,-0.08583218777861623,2023-10-01,,,,,,,,,,0.14137681675080715,,0.053477143644711456,,,,0.05698436712031585,,,,,0.17813769637811916,False,0,,
1004944,CSWI,CSW Industrials Inc,Industrials,Industrial Machinery and Equipment,screen,4784798700.0,5592754700.0,0.19155061637562287,-0.3293946192475984,2023-10-01,,ev_ebitda,31,,0.2698807172491707,0.23333275637438183,16.160396134192354,15.326221431285692,2.6217692582238707,0.11150950942303406,0.16333498595869544,0.13814951474045412,0.19111203630848217,0,0.03870762822357232,0.01490611864250102,4.0,0.05269621188415326,0.05748784646788981,0.7285666689528146,0.035658442228725384,False,0,27.26525821596244,950
1000229,CSX,CSX CORP,Industrials,Railroads,screen,86517860000.0,103991860000.0,0.32660768190231093,-0.12385262089012516,2023-10-01,0.75,ev_ebitda,60,0,0.49356825223686734,0.33634254136394853,13.17492985562546,12.488022675235586,2.4751388403045023,0.047356620523416604,0.0687406013944658,0.035188085243918366,0.053290607782543464,0,0.033707164577618576,0.025736898531820707,19.0,0.05239944197614023,0.056685550106542776,0.5743563095546738,-0.02328082392404518,False,0,22.899061032863848,1038
1000617,CTAS,CINTAS CORP,Industrials,Diversified Support Services,screen,79079124000.0,81264370000.0,-0.04013785834220629,-0.13506486580206234,2023-10-01,0.43333333333333335,ev_ebitda,60,0,0.2816713838998592,0.21902036456295393,23.556812304982003,21.586019462001445,0.6744621704489809,0.0811985623663316,0.0961175521121782,0.02661461347567573,0.03118292859347971,0,0.03259486422867153,0.014845922438882386,11.0,0.03256629072385185,0.03694816390442992,0.7465286749344999,-0.008698627482292665,False,0,30.57511737089202,831
1003285,CTBI,"Community Trust Bancorp, Inc.",Financials,Diversified and Regional banks,screen,1361949750.0,,0.37312057954540867,-0.057346932330755496,2023-10-01,,,,,,,,,,,,0.03040449793363753,,,,,,,,,0.0033714741308163987,False,0,,
1004617,CTOS,Custom Truck One Source Inc.,Industrials,Equipment Rental and Leasing,screen,2177233680.0,3939506680.0,0.4190031152647975,-0.23893065998329166,2023-10-01,0.7592592592592593,ev_ebitda,54,0,0.2221338301177486,0.06689459767488733,7.942862275118425,7.370759291445018,4.083572346366033,0.05615911841483623,0.09288001666404821,0.0020064809236088887,0.13100186634956335,0,0.04331602775456189,0.034084067532869966,5.0,0.0018063824626530227,-0.0016101528303206893,0.007929575582980151,-0.02007316097890055,False,0,,
1003087,CTRE,"CareTrust REIT, Inc.",Financials,Health Care REITs,screen,8411702039.999999,9567506040.0,0.09787011079800734,-0.14821283033665145,2023-10-01,0.6,ev_ebitda,60,0,1.141389451025836,1.1413894510258362,14.063416776097146,11.605578638437615,2.340612255285999,0.1124322313585826,0.2592579432437252,0.3040156706178636,0.10501877072550392,0,0.07452936801752941,0.04337594891176555,4.0,0.08912641591591415,0.10805724240250232,1.1020021084816238,0.24909236852240535,False,1,,
1005652,CTRI,"Centuri Holdings, Inc.",Industrials,Construction & Engineering,screen,2084317040.0,2761601040.0,-0.05337742087860187,-0.5205741626794258,2024-04-18,,ev_ebitda,34,,0.07882655856663207,0.043568334282320154,8.31135955497096,7.3520475053013445,2.4182839010402777,0.11661356224352915,0.13734448284790335,0.36485681031952866,0.03964231980370836,0,0.021429904223658758,0.10073039686365814,5.0,0.06626459518044375,0.09082918368927889,0.41567744617167823,0.1040147794737345,False,0,34.77699530516432,654
1000037,CTSH,COGNIZANT TECHNOLOGY SOLUTIONS CORPORATION,Technology,IT Consulting & Other Services,screen,28370080000.0,28879080000.0,-0.12425640185535347,-0.3486270946957055,2023-10-01,0.15,ev_ebitda,60,0,0.18929912317342032,0.16059649061948286,6.556230715110866,6.219430031304649,0.12448915112929959,0.05005928855492758,0.056624733342586,-0.004007336556003271,0.019621102148182912,0,-0.0021503009807727347,-0.01002269624069907,21.0,0.13222972654518778,0.1361438579300012,0.8516487915762853,-0.036443910581380856,False,1,56.068075117370896,124
1004526,CTVA,Corteva Inc,Materials,Agrichemicals,screen,52009970000.0,54519970000.0,0.15894685495724103,-0.140255151691704,2023-10-01,0.5166666666666667,ev_ebitda,60,0,0.24065393257272377,0.1896687102533196,12.097322403390246,11.400199661736936,0.6086789676032099,0.03372604399500245,0.06514864964645395,-0.00847500873614504,0.011001379020928015,0,0.009825646455254855,-0.012412420177399408,15.0,0.06604072512677094,0.06599714966916514,0.762135310415494,-0.017537113525746384,False,0,39.94131455399061,458
1000618,CUBE,CUBESMART,Financials,Specialized REITs,screen,8526403170.0,11985833170.0,-0.02284254627458049,-0.24790631207760805,2023-10-01,0.1,ev_ebitda,60,0,0.637630469109448,0.5947918579931929,16.541212114776084,15.980907864254313,4.894671148368674,0.027156647325139005,0.03019861957308856,-0.02443768626044418,-0.0622838584126606,0,-0.011867621779208748,-0.0023730959043710698,11.0,0.06413157074303616,0.06703507585270829,0.7546348258496282,-0.0002012959730097741,False,0,,
1003431,CUBI,"Customers Bancorp, Inc",Financials,Diversified and Regional banks,screen,2584071265.93,,0.132017745143032,-0.11536162582187692,2023-10-01,,,,,,,,,,0.07910541054007836,,0.0749074685999811,,,,-0.0016719225683273775,,,,,0.034083835246085936,False,0,,
1004433,CURA,Curaleaf Holdings Inc,Health Care,Cannabis,screen,2790392628.461842,3307345628.461842,0.24830492584787667,-0.44975660910873516,2023-10-01,0.41509433962264153,ev_ebitda,53,0,,-0.019071755096409612,,,1.8449036684950293,,,-0.0572896355988447,,,,0.012054815945436781,,-0.049746290375613005,0.0,,0.04815866534442881,False,0,,
1005750,CURB,Curbline Properties Corp.,Financials,Retail REITs,screen,3043615250.0,3484717250.0,0.28111284849110874,,2024-09-26,,ev_ebitda,28,,0.7666798270877402,-1.544259514202725,15.12247887336848,12.342470331820136,2.815902412772983,0.14273277253740146,0.2848986394541628,0.4281918435953551,0.27185988980138376,0,0.061100470271391316,0.04437240969297229,5.0,-0.16407879897709637,-0.15252293004288756,-2.167193358671628,0.04001343746497832,False,0,,
1000619,CUZ,COUSINS PROPERTIES INC.,Financials,Office REITs,screen,4567017960.0,8292382960.0,0.0023115356812832832,-0.1442724458204333,2023-10-01,0.45,ev_ebitda,60,0,0.6347596038978787,0.6347596038978786,11.983563189343759,11.507291876794714,5.677001209465322,0.02737998016723764,0.04189765573290272,0.06588829068271407,-0.0007346324806619675,0,0.0015499355838426432,0.0024079397393677038,3.0,0.114379667591735,0.12154877124358619,0.7548978166508772,0.04103640745905035,False,1,,
1003280,CVBF,CVB Financial Corp.,Financials,Diversified and Regional banks,screen,3679773170.2300005,,0.20075788762851188,-0.06399982625659684,2023-10-01,,,,,,,,,,0.0995792306454304,,0.3960644255712964,,,,,,,,,0.08219640710285225,False,0,,
1005702,CVC,CVC Capital Partners Plc,Financials,Asset Management & Custody Banks,screen,14871866209.320786,16661291811.696028,-0.15062241697371104,-0.4074461302157011,2024-04-26,,ev_ebitda,34,,0.5648974397431479,0.5648974397431479,11.58846693475824,8.224434120344851,1.396284200000184,0.1970677741665774,0.2500970705340304,-0.04334315631203334,-0.14649849177358976,0,0.019728243291579073,0.04252615737196086,6.0,0.09491806530091529,0.13702202529061724,0.9818195202206177,0.01958594927267998,False,1,,
1003406,CVI,CVR Energy Inc,Energy,Oil & Gas Refining & Marketing,screen,5463180000.0,6497180000.0,0.406445899495675,-0.058182489841152596,2023-10-01,0.7166666666666667,ev_ebitda,60,0,0.10884975572505223,0.08892080358160186,6.997340099117172,11.498624097346282,1.394397334985272,0.011794499140843628,-0.18815250535841332,0.07091063600130831,1.1001682576700875,0,0.3592108614052516,0.14673036716313792,2.0,0.11827768702509803,0.0459754893766696,0.6959153517613209,0.0,False,1,,
1000621,CVLT,COMMVAULT SYSTEMS INC,Technology,Systems Software,screen,6186982130.0,6139071130.0,-0.2058480771268143,-0.23279258993910246,2023-10-01,0.5833333333333334,ev_ebitda,60,0,0.21818984168947372,0.18175282147927396,21.545094575937505,18.817021670147632,-0.17917409471142043,0.10765348710356859,0.14335820025454593,0.0006080546638047579,-0.01979089332762085,0,0.025150747685970698,0.0003766276167664895,14.0,0.04232542905984362,0.051490856581117336,0.919022132456589,-0.003458210754390234,False,0,39.237089201877936,480
1000004,CVNA,Carvana Co,Consumer Services,Automotive Retailers,portfolio,71046080000.0,73652080000.0,-0.1710847206022691,-0.3464311840317692,2023-10-01,0.20689655172413793,ev_ebitda,58,0,0.10610502916437703,0.07925255319101081,19.237571762136422,15.999153707585299,0.9427590266654943,0.21777548538291547,0.24981679552112146,0.2295611230148329,0.07755849683635896,0,-0.021644687279789077,0.04575709887123658,16.0,0.034660310479867146,0.044870522811752,0.6431878115736097,0.006563581195294654,True,0,62.26525821596244,89
1000088,CVS,CVS HEALTH CORPORATION,Health Care,Health Care Services,screen,109652400000.0,157104400000.0,0.17269908877846163,-0.22042945941624226,2023-10-01,0.35,ev_ebitda,60,0,0.04998539897142903,0.03928313356779069,7.327425493219726,6.6401963723660575,2.418111484761413,0.037924609483178884,0.07507237843045789,-0.013183782231110053,0.05069179012451741,0,0.003227015986413395,0.006868785926961607,17.0,0.12625741092082793,0.14240294333463188,0.6457108494990694,0.009922594248976901,False,1,36.30281690140845,580
1000594,CVSA,Covista Inc.,Consumer Services,Educational and Vocational Training Services,screen,4286973160.0,4538407160.0,-0.20880543865328582,-0.20880543865328582,2023-10-01,0.5,ev_ebitda,60,0,0.26416060429976507,0.21102183410063818,8.28677573997743,7.554388225948584,0.4758911639104085,0.06925246129418383,0.07306659627864343,0.01483558001983254,0.011183229006776596,0,-0.0024920701807631396,0.002111684344582976,3.0,0.09463369521878026,0.10583015933228639,0.7407619960955409,-0.05868476101780873,False,1,45.45774647887324,283
1002977,CVTI,"Covenant Transportation Group, Inc.",Industrials,Trucking,screen,879564120.0,1166015120.0,0.5061394140984843,-0.35072293584985725,2023-10-01,0.5333333333333333,ev_ebitda,60,0,0.13695292164478984,0.015504551679911039,6.087935313665765,5.73056432488597,1.8297714130988725,0.08445658710304094,0.07947599486101842,0.06419754087061857,0.2574698276478069,,,,4.0,0.010904986122036945,-0.06568708044401926,0.05007932531999494,-0.023042511159165446,False,0,,
1000449,CVX,Chevron Corporation,Energy,Integrated Oil & Gas,screen,409040517700.0,437585517700.0,0.36684171363720686,-0.062267529962804824,2023-10-01,0.7666666666666667,ev_ebitda,60,0,0.2956612198435217,0.21240593544608985,6.792017530506801,7.513883874248606,0.45126962228662865,-0.06022121906956146,-0.0892467456050875,0.11364292554858801,0.015971062886422027,0,0.08477030413274278,-0.0062750110898632805,16.0,0.11047183617236796,0.09440347008505724,0.70138061725257,0.04053157737764601,False,1,37.7112676056338,532
1000581,CW,CURTISS-WRIGHT CORP,Industrials,Aerospace & Defense,screen,20228172800.000004,20708410800.000004,0.0032138100596510455,-0.31369761994571366,2023-10-01,0.6,ev_ebitda,60,0,0.2286147976969565,0.19408531973546744,22.086121624141843,20.097598617147657,0.5763073504756169,0.07832771866717714,0.09946323042309602,0.05975569531043923,0.06424981935293084,0,0.004831758664001429,0.005627466183504071,7.0,0.03754854692258602,0.04102087843371779,0.810069867393764,-0.017504483886957467,False,0,29.448356807511736,872
1000823,CWEN,Clearway Energy Inc,Utilities,Renewable Electricity,screen,3525940000.0,12043940000.0,0.09034706262917935,-0.2798219010986517,2023-10-01,0.6833333333333333,ev_ebitda,60,0,0.8174625518374946,0.6426865584726924,8.199013551313831,7.876820712861359,6.589855091919147,0.08642041244585452,0.07721097799456822,0.03859812810821328,0.02129828918083332,0,-0.08565184629694311,-0.06507401194659101,9.0,0.21501290606146153,0.27792692132871216,0.5160983465658102,0.01189213872476369,False,1,42.640845070422536,357
1006676,CWH,Camping World Holdings Inc,Consumer Services,Automotive Retailers,screen,321516750.0,1502742750.0,-0.6781906780730784,,2025-07-27,,ev_ebitda,16,,0.05563845815125617,0.02111918185925209,4.22030423724648,3.394201190369968,3.967879191170564,0.05149106435902673,0.23535050510139133,-0.10582790338474712,-0.2949153147901049,0,-0.11931520416930863,-0.06862255788262217,7.0,-0.15239602771691826,0.08732970183400829,-0.1376056825270544,0.05227788356403629,False,0,,
1004245,CWK,Cushman & Wakefield PLC,Financials,Real Estate Services,screen,2849778000.0,5007478000.0,-0.2581658291457286,-0.31337209302325575,2023-10-01,0.16666666666666666,ev_ebitda,60,0,0.06881414149074505,0.04704279333996757,6.141697612843898,5.580726145134432,3.004223297535374,0.061536606477063716,0.10203297803020428,0.05601462981569583,0.02905600476546466,0,0.03342306307941212,0.007999887675461004,8.0,0.12864673771020235,0.16190283575909803,0.44965475177766895,0.007193936029153969,False,1,,
1003640,CWST,"Casella Waste Systems, Inc.",Industrials,"Waste, Disposal & Environmental Services",screen,4971887950.0,4971926950.0,-0.1531408094435076,-0.3324748691534436,2023-10-01,0.016666666666666666,ev_ebitda,60,0,0.22284966153704514,0.11080862183098333,9.903760264789154,9.103531639662098,8.86412384596731e-05,0.0694047593277356,0.09611095791934887,0.06009302306700959,0.03575396019766286,0,0.006773763109243935,0.015600054335307867,8.0,0.03682762419495418,0.038468579740325415,0.3647291001760329,0.032352241453001085,False,0,40.17605633802817,450
1003898,CWT,California Water Service Group,Utilities,Water Utilities,screen,2722551700.0,4151054700.0,0.037333586940509145,-0.12568431091225885,2023-10-01,0.13333333333333333,ev_ebitda,60,0,0.36136967276299153,-0.21303976691911192,9.892418666719486,8.99910210925069,4.008329903504347,0.06129394530560761,0.11622559636327678,-0.031146989970116,0.0037469886849594847,0,-0.030564331893843,0.003936070116930646,3.0,-0.12162779821513726,-0.12097077181164853,-0.7891381011663643,0.02523664965510508,False,0,,
1005129,CXM,Sprinklr Inc,Technology,Application Software,screen,1241524800.0,829973800.0,-0.35880829015544036,-0.70412432755529,2023-10-01,0.0,ev_ebitda,56,1,0.18329991544628507,0.026354347912385324,5.220007770510059,4.6038646444248705,-2.5545597698052904,0.023210245804038854,0.0443253135912951,-0.015426080570360434,-0.041648154931916426,0,0.0011821938962370826,-2.428042256941154e-05,8.0,0.03091873975949163,0.15471983742472578,0.24142595024770364,-0.052085664435237655,False,1,50.551643192488264,169
1005527,CXT,Crane NXT Co.,Technology,Electronic Equipment & Instruments,screen,2787480000.0,4009980000.0,-0.2873002810385432,-0.30633042880939043,2023-10-01,0.1111111111111111,ev_ebitda,36,0,0.24063376751906068,0.18167433312903955,8.212205768252058,7.115561683834868,2.7681764892102674,0.03996729750559114,0.11345708072618588,0.12325934850217579,-0.05019155517434115,0,0.015916866387566175,-0.008426786143827414,4.0,0.10448651515907051,0.1671268073615939,0.5964713949088092,0.0007643490364297456,False,1,28.5093896713615,901
1003462,CXW,"CoreCivic, Inc",Industrials,Safety and Alarm Services,screen,3230675640.0,4468761640.0,0.5847665847665846,-0.09257175014068653,2023-10-01,,ev_ebitda,33,,0.16305206273595166,0.16305206273595163,9.271140442172644,,2.9008434564644867,,,0.07778091191200831,-0.1432736324699696,0,-0.025484067566519553,0.09156092300017082,3.0,0.13323905387072693,,0.8930399074174343,-0.08242342711879436,False,1,,
1003450,CYTK,"Cytokinetics, Inc.",Health Care,Biotechnology,screen,8667483320.0,8621526320.0,0.19923580786026185,-0.3900610771793449,2023-10-01,0.06666666666666667,ev_sales,60,0,-1.3967112618546087,-1.5554822128941244,-14.802032743354223,-28.532949020641475,,1.366161378625343,,-0.031397598039128116,0.3072125572532587,,,0.07362151007275086,15.0,-0.07578263760169462,-0.047980250291455626,1.1277164966884523,0.09739819371940506,False,0,,
1003571,CZR,Caesars Entertainment Inc.,Consumer Services,Casinos and Gaming,screen,6042480000.0,29837480000.0,0.09713228492136916,-0.39686737184703014,2023-10-01,0.3333333333333333,ev_ebitda,60,0,0.30919785762936525,0.2540751892002834,7.930724958083313,7.888156089391523,6.778788564785535,0.019075804870492208,0.026708043984807084,0.008274188873498955,-0.062179632174039656,0,-0.006309089643993904,0.00168070785141472,8.0,0.14942970268609373,0.15819462351323832,0.23999539114215665,-0.025925296862498004,False,1,34.237089201877936,673
1000582,D,"Dominion Energy, Inc.",Utilities,Multi-Utilities,screen,53587575000.0,106715575000.0,0.03161674822405214,-0.14728772037724835,2023-10-01,0.5666666666666667,ev_ebitda,60,0,0.4548499517548579,-0.12261052882536302,11.847485615805047,10.855855295459206,6.796134428453391,0.0607308343524664,0.11635844740662327,0.1377314473519018,0.08326102563618076,0,0.01919276043117346,0.03686349818962942,10.0,-0.09482813395092142,-0.10840015315148852,-0.5641566219571428,0.026808164128400813,False,0,,
1000231,DAL,DELTA AIR LINES INC,Industrials,Airlines,screen,55357540000.0,64644540000.0,0.4867166192616048,-0.10670431267191638,2023-10-01,0.8333333333333334,ev_ebitda,60,0,0.13618594113072682,0.07681109741101898,6.254346507319437,5.438795735146036,1.1087575041420372,0.03682533516560338,0.1883802437408142,0.12225485210250131,0.030089280471424784,0,0.012231271021271528,0.03266533225350998,16.0,0.0968353225871555,0.13052031564034555,0.5186336310558998,0.006692631549443329,False,1,45.24647887323944,289
1000202,DAN,Dana Inc,Consumer Goods,Auto Parts,screen,3025485000.0,4038485000.0,0.38475658604269136,-0.2929344490714315,2023-10-01,0.05,ev_ebitda,60,0,0.1189029098817165,0.0667259454886867,3.543330777635874,3.179754531688439,1.2988452123120986,0.1412999115833149,0.2322996355955982,0.19412022379927674,0.4233507957873377,0,-0.2673699165560488,-0.17786618280554256,2.0,0.17603531973773626,0.21542013382128727,0.4672916706896803,-0.14169613736214015,False,1,50.64553990610329,168
1003033,DAR,Darling Ingredients Inc,Consumer Goods,Agricultural Products,screen,9904260820.0,13673337820.0,0.9666342727567216,-0.11164764413227979,2023-10-01,0.25,ev_ebitda,60,0,0.1967284532625548,0.13318507012426767,9.79698375307594,10.344043618588216,3.1628920645605,0.024880711421553903,0.015821911323247173,0.08856087977185201,0.2762470387340319,0,0.11667354253677353,0.02811669823234264,6.0,0.07625089551544328,0.0730627779545009,0.5411091292671892,-0.00251005176536534,False,0,21.889671361502348,1047
1000005,DASH,DoorDash Inc,Technology,Application Software,pipeline,80037675375.0,77417675375.0,-0.32515901319901463,-0.34851281323205796,2023-10-01,0.06666666666666667,ev_ebitda,60,0,0.2271387600653239,0.2040728926398012,15.791570509341733,12.424863101681522,-0.7532658926004443,0.19175600585521213,0.29587743444902537,0.09221411491944265,-0.04432595373546511,0,0.02289249855424602,0.014700375841008917,32.0,0.05745051548743367,0.07151940258893497,0.9379368382455224,0.013699903435751004,True,0,72.89906103286386,35
1005568,DAVE,"Dave, Inc.",Financials,Consumer Finance,screen,4645524300.7699995,4676098300.7699995,0.6127915726109856,-0.2734729848823808,2023-10-01,,ev_ebitda,21,,0.44954037092302473,0.43517692591967716,11.575085137982997,8.550363970706597,0.10292756269852929,0.24069454854086536,0.30646878901586927,0.4272516661325829,0.7648062784096235,0,0.0631764114817881,0.04332760801034152,10.0,0.08457193353408092,0.11718390874385184,0.972526754586121,0.0018834508270748618,True,1,,
1003323,DBD,"Diebold Nixdorf, Inc.",Technology,"Technology Hardware, Storage and Peripherals",screen,2230254000.0,2890754000.0,0.07347010345432214,-0.32539944903581264,2023-10-01,0.23333333333333334,ev_ebitda,60,0,0.1459979192715568,0.13051072413541814,4.94715261662087,4.129695079414807,1.2841745544080823,0.015733259611002692,0.15563179682433126,0.0017725540020303576,0.02840652850486447,,,,2.0,0.20697592766800635,0.262915779184675,0.7899840771350429,-0.034355368227410144,False,1,49.28403755868545,193
1003927,DBX,Dropbox Inc,Technology,Application Software,screen,7729344000.0,9915744000.0,0.12048990400529624,-0.10307366189719136,2023-10-01,0.4,ev_ebitda,60,0,0.46187939657304233,0.46550013877401525,8.516978558694516,8.640211826682707,1.8733243113253752,-0.00026666918498496894,-0.006380927930541125,0.010926909360418513,0.030315441207028337,0,0.002433606939050259,0.005121003509598765,6.0,0.12707247686283601,0.1175283194485849,0.8436345930113625,-0.16042534579432421,True,1,56.86619718309859,118
1000257,DCH,Dauch Corporation,Consumer Goods,Auto Parts,screen,1331979000.0,5477079000.0,-0.1314475873544093,-0.42000000000000004,2023-10-01,0.03333333333333333,ev_ebitda,60,0,0.13721661578484476,0.0839893902472968,3.592711728523723,3.3802602961833306,3.357995837992766,0.02400881272510258,0.07675918468204102,0.8465022935291469,1.0120820895959306,0,0.005607303701815836,0.007591428205135253,9.0,0.4797684646418786,0.6083077005924821,0.4191818235731396,0.3782781695778341,False,1,46.913145539906104,248
1000583,DCI,"Donaldson Company, Inc.",Industrials,Machinery Tools and Components,screen,10346904000.0,11421304000.0,0.0772793647711636,-0.20507928366533146,2023-10-01,0.48333333333333334,ev_ebitda,60,0,0.20103864368430205,0.17713019407293282,13.556477859340433,12.655444677170568,1.4049663829014643,0.06232934403246149,0.09783285274022901,0.05545263224648167,0.07739398777389073,0,0.03129500972516586,0.013460005933947139,6.0,0.06617662720364813,0.07082100211771238,0.8127298790740834,-0.019355340708105406,False,0,29.800469483568076,863
1003533,DCO,Ducommun,Industrials,Aerospace & Defense,screen,2674526700.0,2911147700.0,0.7844585457193385,-0.17122427287660646,2023-10-01,0.8085106382978723,ev_ebitda,47,0,0.18339813956653728,0.12868009448688356,16.37743075797884,14.535755346000373,1.5793287050073435,0.09483672989185865,0.1383258314026341,0.020413218470602734,0.039608765453175154,0,0.018751404117389958,0.0042344092371757736,4.0,0.042046494147578564,0.04767242119907606,0.6326423479452322,0.019298225638314292,False,0,28.204225352112672,912
1003347,DCOM,"Dime Community Bancshares, Inc.",Financials,Diversified and Regional banks,screen,1707999822.88,389591822.8800001,0.36193970471360926,-0.055582175371346465,2023-10-01,,,,,,,,,,0.07302363575929927,,-0.0038884048886649314,,,,,,,,,0.05073221276671003,False,0,,
1003609,DD,"DuPont de Nemours, Inc.",Materials,Industrial Chemicals,screen,17674560000.0,19059560000.0,0.3522337617083797,-0.14934060526429227,2023-10-01,0.13333333333333333,ev_ebitda,60,0,0.2554946089367917,0.19532127357584947,10.213790781135119,9.6206271402056,0.8041527390945982,0.04041268293240008,0.06288329927504388,-0.4555651980764793,-0.4974198669368346,0,0.0018133767952130952,-0.0005920004012839319,12.0,0.07345501243198985,0.08042292073433514,0.6957354532229384,-0.014622119227038599,False,0,32.194835680751176,764
1004640,DDOG,Datadog Inc,Technology,Application Software,screen,102573018580.0,98573125580.0,0.9231039325842698,-0.04962693041818478,2023-10-01,0.75,ev_ebitda,60,0,0.25596121557368756,0.2505832649635938,70.058609951266,54.64400847835956,-3.8583287890234828,0.2297153660138298,0.27631172649052127,0.14594849448621794,0.14190834899080063,0,0.059683901618654334,0.0395212787554422,38.0,0.013297810800988087,0.017155580739429337,0.9694295967290147,0.023066827269914603,True,0,70.71596244131456,53
1000584,DDS,DILLARDS INC,Consumer Services,Broadline Retail,screen,10095340650.0,9260296650.0,0.13949622396336392,-0.04178336772678304,2023-10-01,0.9,ev_ebitda,60,0,0.1377395646318445,0.11523493431072986,10.123482507270396,10.187069485335474,-0.9287362795637616,0.014084843311283901,0.023350015194041562,0.03210154498811679,0.39813086582889845,0,0.05150382059299208,-0.003753776737058123,2.0,0.07657439604515577,0.07832004118264467,0.8451029069896459,-0.026443968799917172,False,0,39.04929577464789,486
1000335,DE,Deere & Company,Industrials,Agricultural & Farm Machinery,screen,180627282000.0,234185282000.0,0.4853970624453805,-0.05120298169825388,2023-10-01,0.6666666666666666,ev_ebitda,60,0,0.2668962383952948,0.2383070632018707,16.99451878911287,13.670623605607085,4.535756241723758,0.08763847301050642,0.20377389642165644,0.02368680620312391,0.1935504142869029,0,0.00889347957377229,-0.0037371041403354566,3.0,0.050855232088776424,0.062289775604435056,0.6666045322668451,-0.012163470664245946,False,0,25.856807511737088,987
1000585,DEA,"EASTERLY GOVERNMENT PROPERTIES, INC.",Financials,Office REITs,screen,1084820511.14,2788525511.1400003,0.09444099468507194,-0.25700172448865133,2023-10-01,0.08333333333333333,ev_ebitda,60,0,0.6232092640659105,0.5766021471992955,11.881404797913243,11.438031380891552,7.569614833769883,0.02081433575484848,0.03261492328408311,0.043598341703024124,-0.004442102848230878,0,0.002216645398144035,0.005858136020497451,6.0,0.12185855973680006,0.12706272983010933,0.5632576504798644,0.0694495540507758,False,1,,
1006565,DEC,Diversified energy company PLC ,Energy,Oil & Gas Exploration & Production,screen,1006042698.2921699,3928401698.29217,0.04545210204000427,,2025-07-09,,ev_ebitda,15,,0.5381100135394853,0.3919886447679115,2.636587688563573,2.9761699111572693,2.8506131868356985,0.12798198765671653,0.12254830980538656,0.5635471421988896,1.0068459050496843,0,0.5517896896803349,0.4039394888996337,4.0,0.7482936084681019,0.7119957862050391,0.5052598383499366,0.24552647815616968,True,1,56.13849765258216,123
1001290,DECK,Deckers Outdoor Corp,Consumer Goods,Footwear,screen,11025139630.0,9894884630.0,-0.22916050113445796,-0.6497691721572318,2023-10-01,0.0,ev_ebitda,60,1,0.23103690892085815,0.20302726919853087,7.27435525638031,6.7604091031013285,-0.8368189754596935,0.07406122727898845,0.0447652999326269,0.002621591378487498,0.0377377258135243,0,0.0027607524854260657,-0.0020221834549024598,16.0,0.11336523305165638,0.12273430781404898,0.9188566345060843,-0.03411024399088436,False,2,45.363849765258216,287
1000586,DEI,"DOUGLAS EMMETT, INC.",Financials,Office REITs,screen,1626279350.0000002,6993882350.0,-0.33758562325650165,-0.47850577586968723,2023-10-01,0.0,ev_ebitda,60,0,0.6094068165578248,0.2906686597933809,10.815266091338225,10.31577325375511,8.840687375091065,0.03651233758773054,0.05162503088550463,-0.0077081765676348946,-0.003097942084271499,0,0.023098800791767404,0.022788172174185828,9.0,0.001383287833054983,0.0475437493106389,0.0034787770085083986,0.0014202831950174133,False,0,,
1003892,DELL,Dell Technologies Inc,Technology,"Technology Hardware, Storage and Peripherals",screen,353064520000.0,375961520000.0,2.8428799453838773,-0.08574099252209366,2023-10-01,0.8166666666666667,ev_ebitda,60,0,0.1267505194968721,0.11001056980241024,15.20089533412419,12.981297627147423,1.1087194981650372,0.44445546025309635,0.5207522036854324,0.6737547738058118,0.881944499137558,0,0.2914187048419925,0.12981297768965883,16.0,0.056231653529670786,0.06312601867053154,0.8027137517010351,-0.03630040765963494,True,0,62.33568075117371,88
1004976,DFH,Dream Finders Homes Inc,Consumer Goods,Home Building,screen,994713476.13,2421547476.13,-0.5871913580246915,-0.755316716213126,2023-10-01,0.85,ev_ebitda,60,0,0.06669741613635548,0.019189663290431185,8.062956625814808,5.914086134534827,4.161682499859041,0.05498875567013428,0.14354297889788614,-0.09598670175472579,-0.5057194586367131,0,-0.1935683821463995,-0.005025229359716721,3.0,0.0033211378591384787,0.2994122870504747,0.010999836767952161,-0.04418432076189993,True,0,,
1006396,DFIN,Donnelley Financial Solutions Inc,Financials,Financial Data and Information Services,screen,1201497000.0,1380197000.0,-0.08244215438460045,-0.324892703862661,2023-10-01,0.06896551724137931,ev_ebitda,58,0,0.32598665321947357,0.32598665321947357,5.233177949405777,4.946887607888405,0.731935410948823,0.02400882594037501,0.06585538360964938,-0.010115296540304963,0.015501824388746366,0,0.004921375462808797,0.0022086465658739396,2.0,0.20785994804877192,0.23376581061214285,0.9469301156812443,-0.08210177859004997,False,1,,
1004872,DFTX,"Definium Therapeutics, Inc",Health Care,Biotechnology,screen,4161745472.0,3114333472.0,2.228159457167091,-0.21444788441692464,2023-10-01,,ev_sales,16,,-6.426485001494083,-0.0,-12.238960706663816,-36.58619852663801,,,,0.6944873680481127,0.45690046621910185,,,0.04801067532349812,12.0,0.006234324970127417,0.007576378537330277,-0.1019634165595076,0.3340654954581066,False,0,,
1001284,DG,DOLLAR GENERAL CORPORATION,Consumer Services,Hypermarkets & Supercenters,screen,26343589650.0,29324814650.0,0.18053625959691355,-0.22708760951104945,2023-10-01,0.11666666666666667,ev_ebitda,60,0,0.08084819926124293,0.04838585697812699,8.146263123655066,7.886194566077631,0.8559685563865078,0.041004856001898515,0.06965357986872789,0.00649066078589744,0.10519370147435558,0,0.03943476887961439,0.002924351016215132,20.0,0.07460767891064114,0.0799593917615231,0.5459861670862355,0.0019894912856668334,False,0,32.75821596244131,734
1003540,DGII,Digi International Inc.,Telecommunications,Communication Equipment,screen,2856265410.0,2936423410.0,1.0907844212835984,-0.10570154856874692,2023-10-01,0.85,ev_ebitda,60,0,0.28938735556311623,0.27313554171943827,17.680339393015164,16.077461942392908,0.5451565889543946,0.06499226214862497,0.11471817817355978,0.1842348071158686,0.28557683744384654,0,0.0910381271306322,0.025317809006507153,2.0,0.05364667852076912,0.060564792926155846,0.9225997200990265,0.022068503871487177,False,0,,
1000106,DGX,Quest Diagnostics Incorporated,Health Care,Life Sciences Tools & Services,screen,25882080000.0,31078080000.0,0.24441413526027778,-0.058112750050515194,2023-10-01,0.8833333333333333,ev_ebitda,60,0,0.2178345575061558,0.17277558880586322,11.342245761837436,10.784117997681944,2.121913110073647,0.04511916811433858,0.07613318308725403,0.08020081520598277,0.0906883580293949,0,0.007007693460287845,0.016593405934673955,9.0,0.07582077342126453,0.08492675721650704,0.7161966057205275,-0.005323664646245896,False,0,31.396713615023476,793
1000958,DHC,Diversified Healthcare Trust,Financials,Health Care REITs,screen,1863397260.0,4130035260.0,0.7917370208957522,-0.18568464730290468,2023-10-01,0.5666666666666667,ev_ebitda,60,0,0.21467210940782563,0.12246898846925006,12.437534922399914,10.486206612210232,8.022061125295338,0.040735987114722594,0.1624637378732363,-0.08446389395746912,0.11356091312797534,0,0.042149372015301445,-0.02795152456762029,3.0,0.023060978561244967,0.13407102884402422,0.12940877863350805,0.0034239963220730196,False,0,,
1000295,DHI,HORTON D R INC,Consumer Goods,Home Building,screen,38787980000.0,44352680000.0,-0.1839841869660752,-0.2924913525026429,2023-10-01,0.65,ev_ebitda,60,0,0.12387325856328696,0.11135103314786844,10.436411360931672,9.628828803228126,1.3975880111052983,0.05405156871356076,0.07567750612166901,-0.08133727233978494,-0.20671213379280884,0,-0.024242136432883532,-0.04321150981402633,7.0,0.10461870274745774,0.11040375302848922,0.9548558547665049,-0.07143143569075516,False,1,36.18544600938967,588
1000232,DHR,DANAHER CORP,Health Care,Life Sciences Tools & Services,screen,149827224000.0,172037224000.0,0.1257222512492031,-0.20088009633938064,2023-10-01,0.4166666666666667,ev_ebitda,60,0,0.3330242935301801,0.276108462054467,18.170519798205632,16.649216970343794,2.6480730800783387,0.07139270281201071,0.09492083252866679,0.016487942271492084,0.038620490648614725,0,0.04916726154869133,0.050978225890199624,20.0,0.05006477684930963,0.056573096186863465,0.7922603888979861,-0.019543087983876495,False,0,23.2981220657277,1034
1000382,DHT,"DHT Holdings, Inc.",Energy,Oil & Gas Storage & Transportation,screen,3799423190.3999996,4072544190.3999996,1.1693774788865037,-0.030081650193382048,2023-10-01,0.9333333333333333,ev_ebitda,60,0,0.8414609742165017,0.780625950965291,7.933254066626334,10.521520861895068,0.41850232233804346,-0.2561739159748513,-0.294151457760073,0.01114858140788022,0.023087357857443314,0,0.14240288855953565,0.12200094950843221,4.0,0.12219328790675775,0.07644204544673754,0.9043792251921976,-0.0007871526586309407,False,1,37.429577464788736,540
1000674,DINO,HF Sinclair Corporation,Energy,Oil & Gas Refining & Marketing,screen,20220295900.0,20730295900.0,1.117325598961079,-0.07974618418796098,2023-10-01,0.4,ev_ebitda,60,0,0.12687000367258353,0.10887120369194739,5.287650886732681,7.2932544812417985,0.11343173160801259,-0.06160283283468648,-0.2624695888991302,0.12724901342366812,0.9547622670615203,0,0.4842472747519011,0.0645600171201195,11.0,0.163175594456045,0.11025771188965164,0.8415888684145615,-0.040887161619985846,False,1,42.26525821596244,373
1004572,DIOD,Diodes Inc.,Technology,Broadline Semiconductors,screen,4528020540.0,4126880540.0,0.8190189813944748,-0.21155099380905829,2023-10-01,0.8,ev_ebitda,60,0,0.18841603041763139,0.1274050264306236,10.061074953218094,,-1.366377456249076,,,0.2827074227378914,0.4384932937228272,,,,1.0,0.0633993098101252,0.0,0.6998668208345351,0.00022826414877341605,False,0,,
1000041,DIS,The Walt Disney Company,Consumer Services,Studio Entertainment,screen,176670480000.0,217526480000.0,-0.07057666709998356,-0.14185169246793095,2023-10-01,0.13333333333333333,ev_ebitda,60,0,0.226832414385255,0.1410135354816186,9.031517754146343,8.446789799680857,1.7902265104116715,0.043896150194006944,0.062354163966898746,0.008319772926291824,-0.014980585878065944,0,-0.010989897944689186,-0.0013872781120698452,9.0,0.07852201643306084,0.08814933110422389,0.575975539862903,-0.02049296665761058,False,0,32.71126760563381,736
1000587,DK,DELEK US HOLDINGS INC,Energy,Oil & Gas Refining & Marketing,screen,4645234218.24,7206334218.24,1.2611641693748221,-0.12483139178418134,2023-10-01,0.016666666666666666,ev_ebitda,60,0,0.17223475792029352,0.15440588956236462,3.1378886759371762,4.071274086598311,1.2027366558253172,-0.03035379603664956,-0.13874059403074313,0.17989444609958616,1.4004675842035588,0,1.1987929558395818,0.11757999743351277,4.0,0.37673040413557907,0.2621369150635842,0.7620113142946849,-0.017572306663570902,False,1,37.171361502347416,551
1000588,DKL,"DELEK LOGISTICS PARTNERS, LP",Energy,Oil & Gas Storage & Transportation,screen,2899992659.07,5259004659.07,0.27386651562393927,-0.11316666666666664,2023-10-01,0.7166666666666667,ev_ebitda,60,0,0.3908977449407539,0.27673720254440487,8.97533905096533,8.419138272468091,4.573254502462023,0.05858206732134463,0.06018654357518893,0.4831144043840687,0.06596293297056155,0,0.03699368053156116,0.2676025379001985,4.0,0.11198133398077117,0.1270430978245068,0.554229761406682,0.07412653614924336,False,1,29.894366197183096,860
1000006,DKNG,DraftKings Inc,Consumer Services,Casinos and Gaming,portfolio,9809172900.0,10265255900.0,-0.4919786096256684,-0.6447934193307161,2023-10-01,0.0,ev_ebitda,53,1,0.1503421783452597,0.13148863813689568,9.03638626064783,6.490497514140359,0.6653973719724715,0.12632037837941668,0.4944784740330155,-0.12745290513583796,-0.3858125982783418,0,-0.0077515875245560695,-0.0036570140889488068,24.0,0.09943841147949299,0.1442484844637181,0.8586409044551467,0.026274317328399466,True,2,72.10093896713614,44
1001287,DKS,"DICK'S SPORTING GOODS, INC.",Consumer Services,Specialty Stores and Retailers,screen,11973903350.0,12966515350.0,-0.3790499628668017,-0.44358496406424686,2023-10-01,0.18333333333333332,ev_ebitda,60,0,0.09580345465730901,0.04784931154471958,6.133075742954337,5.5700521422550535,0.4777576525945761,0.14689528859244594,0.07755821335177338,-0.021562709131329072,-0.16977528034951994,0,-0.12778428773130945,-0.012410710437158134,17.0,0.08221424917062131,0.07381341325059164,0.4656267184882822,-0.004555035214508729,False,1,36.77230046948357,564
1003441,DLB,DOLBY LABORATORIES INC,Technology,Systems Software,screen,5582233080.0,4890145080.0,-0.16912639555543496,-0.31185859419564677,2023-10-01,0.08333333333333333,ev_ebitda,60,0,0.3917173003780549,0.36296219483214337,8.46823979889687,7.816238208419511,-1.2439329686175025,0.044134773969850105,0.0604798756455629,-0.027278960989807755,-0.009377777033571122,0,-0.011248669714030712,0.006655151621369537,3.0,0.09834132474626309,0.10291815897467826,0.9506385552541133,-0.010668916485687574,False,1,49.54225352112676,183
1000589,DLR,DIGITAL REALTY TRUST INC.,Financials,Specialized REITs,screen,63808547580.0,80579100580.0,0.044407471316444846,-0.12749759899801383,2023-10-01,0.23333333333333334,ev_ebitda,60,0,0.5549842836979647,-0.09136577417832929,18.31962065335894,15.985505716576842,4.504280355956788,0.12870893671004047,0.1441189493717372,0.07559285960876916,0.0842240604155422,0,0.05736369119959761,0.05760937243317521,21.0,-0.019005873812537717,-0.01324956499357263,-0.27571523335222303,0.05355621712691461,False,0,,
1002957,DLTR,DOLLAR TREE INC,Consumer Services,Hypermarkets & Supercenters,screen,21844687000.0,23720087000.0,0.20822295220938858,-0.23996800426609788,2023-10-01,0.21666666666666667,ev_ebitda,60,0,0.13566440302442476,0.079708112631804,8.452104587083896,8.471938785670211,0.7100497784224513,0.06293454445385338,0.10040875191902887,0.004744895075929678,0.11810590919132236,0,0.07574660338810979,0.0018492134104639568,19.0,0.07207586945470004,0.06995658330690355,0.5610276956864866,-0.03135796381216105,False,0,35.92723004694835,601
1006536,DLX,Deluxe Corp.,Technology,Internet Services and Infrastructure,screen,1050286359.0,,,,,,,,,,,,,,,,,,,,,,,,,,False,0,,
1004917,DMRA,"Damora Therapeutics, Inc.",Health Care,Biotechnology,screen,1236398063.1100001,825880063.1100001,4.720430107526882,-0.3766842413591095,2023-10-01,,,,,,,-4.78238401882848,-3.9658282830872205,,,,0.0,1.3388472567947627,,,,6.0,0.015396648061245162,0.018671941464138603,-0.11023308527500723,6.419997910265231,False,0,,
1006627,DNA,"Ginkgo Bioworks Holdings, Inc.",Health Care,Life Sciences Tools & Services,screen,776179450.0,878129450.0,-0.12002743484224965,-0.8227900552486188,2023-10-01,0.9152542372881356,ev_sales,59,0,-1.859146630087876,-1.8000476381238968,-5.421978594938235,,,0.05687115472141513,,-0.6268065018933687,-7.959993589663195,,,-0.2514604043992119,1.0,-0.16136164637458272,0.0,0.773324399291146,0.06588032163664126,False,0,,
1003783,DNLI,Denali Therapeutics Inc,Health Care,Biotechnology,screen,3845566705.53,3157121705.53,0.42355371900826455,-0.3454718176060797,2023-10-01,0.43333333333333335,ev_sales,60,0,-3.5070716252094267,0.0,-6.799221044804142,-9.496032958042278,,1.0748802550601555,,-0.3299930089922687,-0.045776501207616116,,,0.1224888186502684,13.0,0.009956597812714936,0.010481866935054164,-0.0824592062597265,0.08361357931537405,True,0,,
1003108,DNOW,DNOW Inc.,Industrials,Industrial Distribution,screen,2780960000.0,3140960000.0,0.016393442622950838,-0.11881750994883455,2023-10-01,0.8333333333333334,ev_ebitda,60,0,0.0620899681125138,0.0539347315650979,9.347784722672925,8.112448918105041,1.6311812849125074,0.059343362947434475,0.31300219136229956,1.0072394467654147,0.7691057774589536,0,0.06546477903273207,0.021862873660364768,5.0,0.096205660104762,0.10928013972147256,0.7962357307148182,0.3089432225322395,False,1,35.45774647887324,622
1005562,DNTH,"Dianthus Therapeutics, Inc.",Health Care,Biotechnology,screen,4948492231.679999,4062966231.6799994,1.2376111817026683,-0.2406864436012418,2023-10-01,0.7142857142857143,ev_sales,42,0,-107.8728374615388,-107.12186564978045,-13.746748918388768,-11.626944936365906,,1.7444224764991678,,-0.32391012578765666,0.6136165627670809,,,0.5768578679393015,9.0,-0.05284752139983879,-0.06514004594530554,0.8848187227960557,0.2804393707019104,False,0,,
1000672,DOC,"Healthpeak Properties, Inc",Financials,Health Care REITs,screen,13411364400.0,21816723400.0,0.11406786292368176,-0.11616325407112238,2023-10-01,,ev_ebitda,5,,0.5411706737659757,0.21855834442989708,12.637794577654045,11.696550559151794,5.090933008636133,0.055837456266703445,0.051553514650330756,0.09751713154172181,-0.000660570969185148,,,0.028274661943390456,11.0,0.02913418222043839,0.05515815924130948,0.226338045529351,0.01505006238904838,False,0,,
1005013,DOCN,DigitalOcean Holdings Inc,Technology,Internet Services and Infrastructure,screen,17240275800.0,17394302800.0,2.9048594847775178,-0.2642175519885267,2023-10-01,0.8833333333333333,ev_ebitda,60,0,0.40475259099725325,0.21512571827044977,23.8334217623508,15.489938686289863,0.35124278877781057,0.4818594220129486,0.5629693064702572,0.5298677077446301,0.5131745117578299,0,0.04697956808480641,0.04658193916910203,13.0,0.01785018517248609,0.03162086641632697,0.42166378934547766,0.09299568525010438,False,0,40.129107981220656,452
1005131,DOCS,Doximity Inc,Health Care,Health Care Technology,screen,5448316500.0,4770200500.0,-0.6125768967874231,-0.6591291796968968,2023-10-01,0.21666666666666667,ev_ebitda,60,0,0.4760314258082837,0.4553060978165137,14.786399626476923,13.558667902796902,-1.9940661211291235,0.05700253160069235,-0.00841504941873672,-0.0376728654693298,-0.1702626205318689,0,-0.027904337008109792,0.008411322408794053,18.0,0.056701681517913216,0.062482674594601516,0.9575998572117516,-0.01641102049163945,True,0,64.3075117370892,82
1004067,DOCU,DocuSign Inc,Technology,Application Software,screen,13467979579.999998,12873400579.999998,-0.06852545429324453,-0.37237124964949986,2023-10-01,0.2,ev_ebitda,60,0,0.35996767788470757,0.294641315778321,10.204158083570816,9.42509526249656,-0.4945621846208659,0.0840682203516896,0.1224978571568549,0.024445947107688326,0.09149588451505064,0,0.025275372289324416,0.002268928829193495,14.0,0.07904643153257132,0.09588760243597615,0.8438565251787347,0.00042584854641680714,False,0,48.41549295774648,212
1005167,DOLE,Dole plc,Consumer Goods,Packaged Foods & Meats,screen,1209685920.0,1887101920.0,-0.031403832977155655,-0.22665372865303424,2023-10-01,0.03333333333333333,ev_ebitda,60,0,0.0427587092088893,0.0310406591956027,4.4403764245416815,4.484697798106271,1.7573754252067901,0.01595314513526569,0.026097848377711896,0.06607894855339191,0.04583814166304112,0,-0.007339220109429112,-0.0010022643415616983,2.0,0.2136180596403499,0.2117167351568253,0.6080440224088038,-0.000631892526293254,False,1,,
1000590,DORM,Dorman Products Inc,Consumer Goods,Auto Parts,screen,3686085550.0,3641877550.0,-0.2134975622273544,-0.2629553925694361,2023-10-01,0.23333333333333334,ev_ebitda,60,0,0.18547493087553912,0.1168180288049612,8.496702157972212,8.07335471136598,-0.10812818671234785,0.05477615016506987,0.0538589690981357,-0.038874009261623654,-0.1141268743124606,0,-0.03067257874854379,-0.03863848454591323,6.0,0.06786026200273909,0.07713912646102694,0.5835875226154577,-0.013974892275946726,False,0,,
1000272,DOV,DOVER Corp,Industrials,Industrial Machinery and Equipment,screen,25492097180.0,26996114180.0,0.13267854954489122,-0.1923320349503298,2023-10-01,0.18333333333333332,ev_ebitda,60,0,0.24047637826576984,0.20378596908171606,12.296510293688902,11.513695298486006,0.7552226525821066,0.049249177722563875,0.07346379330166997,0.016187864585569534,0.03385157375024339,0,0.007456709196451694,0.0058623666584527445,11.0,0.07096352013361051,0.07434428213638043,0.8239888542825863,-0.011756772324289955,False,0,32.359154929577464,755
1004471,DOW,Dow Inc,Materials,Commodity Chemicals,screen,20005509000.0,34027509000.0,0.260325053330954,-0.4744951938887343,2023-10-01,0.2,ev_ebitda,60,0,0.12370620087662668,0.06377404950523241,6.338792080177396,5.942033408298452,2.605274893855184,0.0012089973796984843,-0.03016051460587854,-0.013214251656593734,0.05274527290068587,0,-0.17638040065215754,-0.06309192683901432,15.0,0.10423397447324328,0.11015269806357285,0.38845011341238334,0.01544350477759715,False,1,30.269953051643196,845
1000418,DOX,Amdocs Limited,Technology,IT Consulting & Other Services,screen,6168126760.0,6609043760.0,-0.27728738990975055,-0.3682059234668329,2023-10-01,0.1,ev_ebitda,60,0,0.27535869945235497,0.2239406717599877,4.955786102340855,4.6808104063717035,0.3462255081126683,0.03067711798856787,0.053023478887115116,-0.012439827710609697,0.08840092710057856,0,-0.005835281370626499,-0.0009330146403095929,3.0,0.16871680234676542,0.18336042256613774,0.7803430234056338,-0.04192336584880152,False,1,41.913145539906104,385
1000078,DPZ,"Domino's Pizza, Inc.",Consumer Services,Restaurants & Bars,screen,9828881980.0,14359804980.0,-0.29097699881057315,-0.4191307439161226,2023-10-01,0.03333333333333333,ev_ebitda,60,0,0.21638627418024564,0.1947315038510087,12.497785273289518,11.97559021923656,4.13597936908424,0.03183934687834267,0.03795961414142912,-0.03570183657350323,-0.029006988604998396,0,-0.007979588451644926,-0.015339217491305623,22.0,0.0856766225744867,0.09021113081626428,0.7329105533069725,-0.025184284892953435,False,1,22.664319248826292,1040
1000591,DRH,DIAMONDROCK HOSPITALITY COMPANY,Financials,Hotel & Resort REITs,screen,2586142260.0,3579200260.0,0.6144994455780028,-0.06801195815583738,2023-10-01,0.7833333333333333,ev_ebitda,60,0,0.2757457867595457,0.20253381664844286,11.085157322205482,10.713712976609784,3.1588696026932492,0.02694926153681143,0.02184677242255595,-0.005116132813013818,0.08748442269925549,0,0.05876157028988005,0.009229988800937727,9.0,0.0712035031937842,0.07410441133502736,0.5703082252480637,-0.010092531146330241,False,0,,
1000083,DRI,"DARDEN RESTAURANTS, INC.",Consumer Services,Restaurants & Bars,screen,22588280000.0,24983580000.0,0.04738259971437442,-0.15122101194659177,2023-10-01,0.23333333333333334,ev_ebitda,60,0,0.16566418660228213,0.10416663951625905,11.008353800222894,10.268132627190338,1.0896823982962651,0.04913921378547692,0.060873984905463585,0.011476318809184871,0.002223204021661651,0,-0.0018309965451961396,0.0008718446682616232,17.0,0.05416766231560602,0.06187767424404664,0.539126853918169,-0.01879866890554671,False,0,28.532863849765256,900
1005479,DRS,"Leonardo DRS, Inc.",Industrials,Aerospace & Defense,screen,9886050600.0,9765050600.0,-0.18618156414595766,-0.2613578186384795,2023-10-01,0.2619047619047619,ev_ebitda,42,0,0.1425046116819546,0.0886813427475016,18.058378647064156,15.156438759978718,-0.23508642833685506,0.0651746474355468,0.09718960295221302,-0.06438289630198646,-0.06426924709737702,0,-0.07200393730193566,-0.10129598099520676,6.0,0.03304705518794465,0.046878385508062156,0.6041709669732628,0.0027995355708627656,False,0,41.84272300469483,388
1006463,DRTS,Alpha Tau Medical Ltd,Health Care,Biotechnology,screen,1319752914.65,1223328914.65,2.305986696230599,-0.03806451612903228,2023-10-01,,ev_sales,15,,-4.863407410028951,0.0,-24.9792880594088,-490.6189903952611,,9.49463379821193,,-0.8857145463990821,-2.709110040277758,,,0.0,2.0,2.991903036769289e-05,0.000828079253836079,-0.0008062634263173434,0.13988607096602235,False,0,,
1004971,DRVN,Driven Brands Holdings Inc,Consumer Services,Specialized Consumer Services,screen,1914906960.0,3416034960.0,-0.26691495965238976,-0.3852160333159813,2023-10-01,0.016666666666666666,ev_ebitda,60,0,0.22470017771233394,0.14155182320116447,6.947427682874046,6.457944659346757,3.3976547999362228,0.07716288852046826,0.09720721348831574,-0.12141879826509572,-0.23461328430232287,0,0.004673133689286013,0.0069835952531345225,7.0,0.1225899454313151,0.14531258146880874,0.4774240114819882,0.011821544346198642,False,1,34.471830985915496,668
1003075,DSGR,"Distribution Solutions Group, Inc.",Industrials,Industrial Distribution,screen,1622352947.6,2276370947.6,0.1602393617021276,-0.14565483476132202,2023-10-01,0.7222222222222222,ev_ebitda,36,0,0.08816879359069252,0.06872193632525375,11.570796024339508,,3.8228748631517164,,,0.04292506201813229,-0.06748663930101173,0,0.037417578245406036,0.044679743383942094,2.0,0.06344588444331486,,0.5232015254016349,0.00013021106892807666,False,0,,
1004574,DT,Dynatrace Inc,Technology,Application Software,screen,17398457120.0,16448866120.0,0.19174406604747163,-0.074975969240628,2023-10-01,0.26666666666666666,ev_ebitda,60,0,0.30501980510103294,0.31843376869784096,23.233539131741413,19.43708776847251,-1.4396941353600596,0.15154426752157057,0.17748129384313893,0.02494334053080416,0.001109793034758777,0,-0.010446426629439065,-0.0033737875635149184,28.0,0.044395167827416114,0.05117518787592312,1.0910027460331646,0.005630200939938934,False,0,44.49530516431925,316
1002923,DTE,DTE ENERGY,Utilities,Multi-Utilities,screen,25640160000.0,53140160000.0,-0.1091299305566753,-0.20407832183899288,2023-10-01,0.0,ev_ebitda,60,0,0.3244613807082796,-0.1088856332564374,10.058260854626427,9.215705024532808,5.959332292070195,0.03448134790436086,0.10210381670950808,0.1093973489782043,0.055406387690808634,0,0.010123779603377958,0.01979791094674166,8.0,-0.11665475213142494,-0.11489108004054664,-0.566139168944286,0.005621772980342943,False,0,,
1005107,DTM,DT Midstream Inc,Energy,Oil & Gas Storage & Transportation,screen,12320208000.0,15474208000.0,0.08500249841866436,-0.20186278759632803,2023-10-01,0.65,ev_ebitda,60,0,0.9066217815876009,0.29796823361112407,12.03971009056619,10.971890159425932,2.625148414680476,0.06357498543216611,0.07407253784877499,-0.023601397827683557,-0.015957048276592833,0,-0.009628412911664053,0.001512447826943708,12.0,0.021117137153464333,0.018454854075631518,0.20242338354294345,0.02055219070353531,False,0,17.5,1058
1000593,DUK,DUKE ENERGY CORP,Utilities,Non-Renewable Electricity,screen,88603460000.0,176838460000.0,-0.046374135047620446,-0.13077883408202373,2023-10-01,0.016666666666666666,ev_ebitda,60,0,0.5016774491949023,-0.044403324245719425,10.017405294146618,9.352446684739414,5.244938063523442,0.04729957193349721,0.06269692372204427,0.04217523254967026,0.029334152034193206,0,0.004539099424836879,0.009813384277552517,12.0,-0.0640995207074456,-0.07177635038437234,-0.3217243890392888,0.006562582839635622,False,0,,
1005178,DUOL,Duolingo Inc,Consumer Services,Educational and Vocational Training Services,screen,7431099000.0,6203369000.0,-0.5575441213025105,-0.7366279499889028,2023-10-01,0.35,ev_ebitda,60,0,0.2661226361726174,0.28758860396636876,17.01947017949456,14.866801516401642,-3.9477994935464666,0.127722391646788,0.155177395446225,-0.13063830143090893,-0.3160820508213168,0,0.03159005446298302,-0.0019117922064600945,19.0,0.05973894834849776,0.06557959083840254,1.2179488256041,0.0337876245368991,True,0,71.63145539906102,47
1005063,DV,DoubleVerify Holdings Inc,Consumer Services,Advertising,screen,2129949590.0,2031605590.0,0.12604340567612682,-0.6825882352941177,2023-10-01,0.2833333333333333,ev_ebitda,60,0,0.3411591384714642,0.27891702161910664,6.864573038633498,6.437826968640135,-0.36649242966807966,0.07389817835077817,0.06951622245811273,-0.09195923420384466,-0.08223881344925255,0,-0.04200892316180527,-0.034580999522829114,12.0,0.11527921815986258,0.12422290701955759,0.8296491613242264,-0.04449224187592771,False,1,47.852112676056336,227
1000463,DVA,Davita Inc,Health Care,Health Care Facilities,screen,11655324200.0,21664565200.0,0.3164747497553999,-0.2740703851261621,2023-10-01,0.4666666666666667,ev_ebitda,60,0,0.20413669538580284,0.15903801972798845,7.3029975713990405,7.060215816688927,3.4756567934372407,0.03191113567069559,0.02802380840403096,0.014643656884811174,-0.01677919633744429,0,-0.017142600717409695,0.001068692653736436,6.0,0.14800987691300593,0.15494086361957202,0.5815221138775882,-0.1297586558093996,False,1,31.161971830985916,806
1000595,DVN,DEVON ENERGY CORP,Energy,Oil & Gas Exploration & Production,screen,44330400000.0,54709400000.0,0.34664911524374276,-0.10374949861505334,2023-10-01,0.55,ev_ebitda,60,0,0.5270053422263095,0.3253186530324672,3.7160851318233092,3.69877876348748,0.9172398456807,0.06490480552782119,0.0824236458278389,0.6282454356172877,0.7952016962009727,0,-0.027604557702173627,-0.011763484302059202,20.0,0.1938868333350804,0.1975599371157038,0.5838128777119965,0.23627776414187251,False,1,41.60798122065728,398
1000596,DX,"DYNEX CAPITAL, INC.",Financials,Mortgage REITs,screen,2477527843.68,24325634843.68,0.0577893610854352,-0.160632674834834,2023-10-01,,,,,,,,,,0.2920725707994887,,1.9532874609288933,,,,0.0015943291202913379,,,,,0.8211401259169777,False,0,,
1003863,DXC,DXC Technology Co,Technology,IT Consulting & Other Services,screen,1935382800.0,3482382800.0,-0.20542920029347034,-0.5673192169396724,2023-10-01,0.05,ev_ebitda,60,1,0.13097209971171367,0.07579265038563605,2.1857364756544375,2.180434319361223,0.917369295063654,-0.02559169007900075,-0.05303311914372011,-0.018019937901667338,-0.13828034333685035,0,0.0009540380122197156,-0.0018874167354988591,6.0,0.4692774382701982,0.5694067039413487,0.5700564221550334,-0.05198509145285657,False,2,42.96948356807512,352
1000597,DXCM,DEXCOM INC,Health Care,Health Care Equipment,screen,32974352000.0,32270152000.0,0.28235993461138365,-0.38561765752936983,2023-10-01,0.26666666666666666,ev_ebitda,60,0,0.3279423089515177,0.24446573124498877,16.969563263018085,14.525349804105485,-0.44649852881873997,0.11039090820547703,0.159288736874867,-0.05474324451399515,-0.062155344740535634,0,0.010045228244223381,-0.0020681769263226624,18.0,0.04490639436330998,0.05411509120982275,0.7786711959522443,-0.027768137315417385,False,0,42.00704225352113,381
1006844,DXPE,"DXP Enterprises, Inc.",Industrials,Industrial Distribution,screen,2979856950.0,3578183950.0,0.5218778869572522,,2025-08-27,,ev_ebitda,5,,0.12000806072754336,0.10451999587342738,12.158116641510352,10.830786236770855,2.337635260942515,0.07608003368596772,0.11416924810506623,0.13734977964399508,0.15429125955116985,0,0.06797163446452115,0.07749123420654902,2.0,0.06403046047958846,0.0703205184710776,0.648314422809942,-0.010518767537935014,False,0,,
1003966,DY,Dycom Industries Inc,Industrials,Construction & Engineering,screen,8197016577.24,10676669577.24,-0.07773512476007682,-0.4972346786248132,2023-10-01,0.36666666666666664,ev_ebitda,60,0,0.14252420526007678,0.10646691830708659,9.868832974364532,8.436932908047195,2.564706420746809,0.24322457837800937,0.30970725136111743,0.3098575924593616,0.3869827314323282,0,-0.004055155694453139,-0.005174017084186078,9.0,0.08027561594550611,0.08530487307593078,0.6082322676180897,-0.004650493105887166,False,1,35.082159624413144,643
1004846,DYN,Dyne Therapeutics Inc,Health Care,Biotechnology,screen,2617440958.16,1918293958.1599998,0.2735177865612648,-0.6575255102040816,2023-10-01,,ev_sales,23,,-10.035549357214839,0.0,-2.9809696289277507,-4.023202912928419,,,,-0.24528037054844154,0.37555464875374645,,,0.03217570821043503,8.0,0.013178760414151294,0.019110926857545042,-0.053603586594577535,0.3709215619148494,False,0,,
1000259,EA,Electronic Arts Inc.,Technology,Online Gaming,screen,53263800000.0,52345800000.0,0.3176799337949565,-0.0010004287551808044,2023-10-01,0.8333333333333334,ev_ebitda,60,0,0.364951883271021,0.0,17.278007030515926,16.17887855215542,-0.31661839011550347,,0.0813396647817839,0.0005729259471842774,-0.005110262600479865,0,0.0035217080332430317,-0.013364521894602133,7.0,0.0005306363070765157,0.0008932069354690559,0.00932912503528512,-0.03463855313614461,False,0,31.34976525821596,796
1000084,EAT,"BRINKER INTERNATIONAL, INC.",Consumer Services,Restaurants & Bars,screen,8531087000.000001,8840787000.0,0.527707609725292,-0.23789084035598962,2023-10-01,0.7333333333333333,ev_ebitda,60,0,0.15184103312747238,0.11107884680827171,9.270443952800496,8.800356362690298,0.3542166566190817,0.05658777364071077,0.08893601235159165,0.04703774821788742,0.04600050013869428,0,0.0271453600307765,0.02061608385258329,15.0,0.07829690351161124,0.078315767460872,0.7004200396094679,-0.010172085773905049,False,0,34.683098591549296,656
1000032,EBAY,eBay Inc.,Consumer Services,Broadline Retail,screen,48179950000.0,51607950000.0,0.18088514890327034,-0.1033344577011821,2023-10-01,0.8333333333333334,ev_ebitda,60,0,0.2895071918553857,0.23847046150784942,13.322723538278852,11.9405464625226,1.0224894192042444,0.06180885482683207,0.10276644528966261,0.1174107889939544,0.025850123006796677,0,0.00465149416724997,0.040393483523697205,20.0,0.06445570596890994,0.07553339283771554,0.801685672753141,-0.05035399687432429,False,0,37.03051643192488,557
1004847,EBC,Eastern Bankshares Inc.,Financials,Diversified and Regional banks,screen,4620736000.0,,0.1859173797404372,-0.1090011360554689,2023-10-01,,,,,,,,,,0.05623106331037975,,-0.02710679715426767,,,,-0.016626735214784527,,,,,0.09475654762656371,False,0,,
1005772,ECG-W,"Everus Construction Group, Inc.",Industrials,Construction & Engineering,screen,6127448600.0,6225277600.0,0.3704956268221573,,2024-10-28,,ev_ebitda,21,,0.09011633631463323,0.06735515128251192,13.28883185555277,12.35509487859635,0.2461424837853771,0.09343771429574343,0.0910805036282436,0.2743811354088932,0.3965820989462303,,,,7.0,0.055695549294233704,0.05819471961356507,0.7284978128695732,0.0014928510863136957,False,0,33.039906103286384,721
1000303,ECL,ECOLAB INC,Materials,Industrial Chemicals,screen,76476200000.0,84517100000.0,0.013567863023381088,-0.10231989327183766,2023-10-01,0.2,ev_ebitda,60,0,0.258107253609123,0.18377726492105376,17.01657495152903,15.630763411855131,1.8794539661933012,0.06803266430328359,0.10709709061320938,0.08095057390886562,0.07357360568021964,0,0.018315530077694486,0.01537380479641337,16.0,0.03991118613461927,0.04539796962614913,0.6145376556339617,-0.007502844917612883,False,0,27.992957746478872,920
1000606,ECPG,ENCORE CAPITAL GROUP INC,Financials,Specialized Finance,screen,2149191300.0,6145774300.0,1.2625778629611881,-0.08964719491035278,2023-10-01,0.23333333333333334,ev_ebitda,60,0,0.38489250858929785,0.3593119302198218,8.246165177684391,7.449355504733042,5.523104805464976,0.03807577056351663,0.0514359797569135,0.0659496199414884,0.036596295209764484,0,0.030149535167135477,0.021877890910298792,3.0,0.18359328174298806,0.23696133199529995,0.5294284576709128,-0.031713875791179125,False,1,,
1003624,ECVT,Ecovyst Inc,Materials,Industrial Chemicals,screen,1103965344.24,1509154344.24,0.1221461187214612,-0.3433533734134937,2023-10-01,0.21666666666666667,ev_ebitda,60,0,0.21483799186079655,0.15096729596888886,6.517556842193931,6.038611737378653,2.0729709612273615,0.04084757317167642,0.10886136954793812,0.36180858035703634,-0.014910729497713882,0,0.019592541630785165,0.0679973177052502,4.0,0.12710886454179082,0.13205447096336745,0.6060137089858637,-0.029796882223276255,False,1,,
1000645,ED,CONSOLIDATED EDISON INC,Utilities,Multi-Utilities,screen,38295000000.0,64639000000.0,0.050522979848673266,-0.1000304275472419,2023-10-01,0.06666666666666667,ev_ebitda,60,0,0.34677086768469817,-0.02216335807384412,9.965856046146651,9.263407249575666,4.347696622222263,0.04461589760337037,0.0703220319718183,0.06307668085296658,-0.024236438690012352,0,0.0017932549262216213,0.0408851486806896,8.0,0.02768634394345545,0.03563717654393561,0.16346608604524415,0.028494871748681705,False,0,9.565727699530516,1061
1005362,EE,Excelerate Energy Inc,Energy,Oil & Gas Storage & Transportation,screen,1039174388.72,1749077388.72,0.28805993598140023,-0.24572057217688548,2023-10-01,0.75,ev_ebitda,60,0,0.31279301337142135,0.1312884446749708,3.002429879511157,2.6904210118928282,1.4509395367566704,0.1810255090529178,0.1373980760511393,0.26244977273515246,0.03450649531242456,0,0.01656064409449165,0.06976564413209085,8.0,0.1495578439532945,0.34420995592071785,0.2667850433741202,0.1316658748984454,False,1,,
1003428,EEFT,Euronet Worldwide Inc,Technology,Payment Processing,screen,2485805447.0,2918905447.0,-0.28402232092016855,-0.46071367301423916,2023-10-01,0.0,ev_ebitda,60,0,0.1759699035427566,0.15755198407500454,3.5430911177379243,3.365980782860541,0.5737931028458609,0.05393115400268189,0.06925091049787868,-0.06684328680330398,-0.08484647232002873,0,-0.026857731664544304,-0.0200756650088465,8.0,0.27282871912873163,0.3284252215289007,0.8232268252507035,-0.06518446567387182,True,1,83.53286384976526,3
1000646,EFC,ELLINGTON FINANCIAL INC,Financials,Mortgage REITs,screen,1468696530.0,19706535530.0,0.02649894256912244,-0.11938088091374033,2023-10-01,,,,,,,,,,-0.0012339578149556107,,0.37690122255375313,,,,0.09770732980651742,,,,,0.2085349448371816,False,0,,
1006517,EFOR,"Everforth, Inc.",Technology,IT Consulting & Other Services,screen,1483790000.0,2768990000.0,-0.3051742344244984,-0.6859488354333716,2023-10-01,0.2833333333333333,ev_ebitda,60,0,0.09882298404445464,0.09133007658971144,6.911749590879159,6.268289649811295,3.3022127306657025,0.0314760470023534,0.08089509251116911,-0.05994889115616919,-0.16317692108308157,0,0.005380644828899106,0.0035382658422653535,6.0,0.19986015008441094,0.22727384014568824,0.7402275712097106,-0.05425639648742331,False,1,36.208920187793424,584
1006843,EFR,Energy Fuels Inc.,Materials,Uranium,screen,2765138184.6127815,2506068184.6127815,-0.2778663569041445,,2025-08-27,,ev_sales,5,,,0.02728306038949289,,,-6.763902323184805,0.662375038303815,,-0.2940497737556561,0.0,,,,,0.0032653810644119943,-0.02137022959827997,,0.240557792890145,False,0,,
1003438,EFSC,Enterprise Financial Services Corp,Financials,Diversified and Regional banks,screen,2183471500.0,,0.03995152822482728,-0.13494681680909004,2023-10-01,,,,,,,,,,,,0.049486436105238285,,,,-0.0046257200290179545,,,,,-0.012544078604903697,False,0,,
1002924,EFX,EQUIFAX INC.,Financials,Financial Data and Information Services,screen,16655815999.999998,21952816000.0,-0.45889891452928744,-0.5455778689323203,2023-10-01,0.0,ev_ebitda,60,1,0.3269078302260615,0.24408077490960908,9.1361150779603,8.09328008732389,2.5391930438441728,0.09512419115308934,0.12685367774972423,0.004118052318788701,-0.04987637068631712,0,-0.007284498681315643,-0.008404804329478766,18.0,0.09362560490119445,0.1113461114469791,0.6489808397369764,-0.024327481667908768,False,2,,
1000918,EG,Everest Group Ltd.,Financials,Reinsurance,screen,14306336000.000002,16778336000.000002,0.06798547113684705,-0.07911829246907243,2023-10-01,,,,,,,,,,-0.04161070083965179,,-0.25754877644383456,,,,-0.07344505924582234,,,,,-0.04885140997724424,False,0,,
1000648,EGP,"EASTGROUP PROPERTIES, INC.",Financials,Industrial REITs,screen,10479079720.0,12048523720.0,0.2059870973932343,-0.10838057239478338,2023-10-01,0.2833333333333333,ev_ebitda,60,0,0.7236013903898445,0.12776460842472204,19.701780000237346,18.02771121162486,2.887334961653557,0.07862046545767498,0.09647935596758561,0.0001373070093884099,-0.000521368859008775,0,0.00466205735067704,0.0025730096202793984,13.0,0.005764808785590326,0.010683769668503427,0.09878242403167589,0.04979291761400151,False,0,,
1000680,EHC,Encompass Health Corp,Health Care,Health Care Facilities,screen,11906000000.0,14432300000.0,-0.03668645607759713,-0.039337499834934286,2023-10-01,0.5833333333333334,ev_ebitda,60,0,0.21384273271582865,0.09071338132230297,9.648502512821423,8.917114423780781,1.864171489089158,0.08161639016008371,0.08133430295885358,0.0038291524744016314,0.021404633061077538,0,0.012058952124831546,0.006973924612632576,11.0,0.041784994987450134,0.04556111777017388,0.3325910812882951,-0.010371047432957359,False,0,30.481220657276996,835
1000649,EIX,EDISON INTERNATIONAL,Utilities,Non-Renewable Electricity,screen,20820600000.0,62981600000.0,0.025493444351095462,-0.3315501368499627,2023-10-01,0.05,ev_ebitda,60,0,0.45430641585035364,0.024533239408069903,7.086261286480526,6.7156809082459645,4.820063130036673,0.03431407820066679,0.0541220702759968,-0.008169192187841623,0.007640214478566332,0,0.016058379908558296,-0.021291500520941864,7.0,-0.05906507760211342,-0.07273808316437255,-0.13836539649567367,-0.0023585769838052606,False,0,,
1000013,EL,The Estee Lauder Companies Inc.,Consumer Goods,Personal Products,pipeline,32747989000.0,36555989000.0,0.0677449269449184,-0.38535894121809033,2023-10-01,0.4166666666666667,ev_ebitda,60,0,0.18098047089583527,0.11623883776085683,12.843149394960768,11.395293089973787,1.4802197170555964,0.04437424022320702,0.1366536720415319,0.0170391087408035,0.09362724264852407,0,0.012739663408277702,0.009937992638914706,19.0,0.04853957727494306,0.06826727583896632,0.5584619932650989,0.005527958090230545,False,0,26.631455399061032,964
1004257,ELAN,Elanco Animal Health Inc,Health Care,Pharmaceuticals,screen,11013443000.0,14401443000.0,0.11171797418073481,-0.1657973174366617,2023-10-01,0.5666666666666667,ev_ebitda,60,0,0.21164599015507848,0.15357362551225695,12.59934305269481,11.514557729496115,3.3743366966750226,0.05012002086557055,0.09754789180770973,0.07956205722486542,0.1177139004517207,0,0.06279763939187943,0.014053248347092984,11.0,0.06057097335061156,0.07108884380562563,0.583619174873709,0.011175469888704548,False,0,28.06338028169014,916
1004439,ELF,Elf Beauty Inc,Consumer Goods,Personal Products,screen,6217043281.75,6704798281.75,-0.2378472222222222,-0.5368348623853212,2023-10-01,0.25,ev_ebitda,60,0,0.2073519955588041,0.15268313751050183,16.43460044630782,15.508363985175551,1.3116561331761092,0.14118365920568188,0.1357577742968148,0.0007281754779131511,-0.050924304560928335,0,0.08553712776861855,0.0588135397278855,14.0,0.04232880098279278,0.05521191153280746,0.6450498688831605,0.01343319405019594,False,0,26.514084507042252,968
1000650,ELS,"EQUITY LIFESTYLE PROPERTIES, INC.",Financials,Residential REITs,screen,11536042580.0,14813154580.0,-0.004959341712339582,-0.1842083255511694,2023-10-01,0.0,ev_ebitda,60,0,0.5198659610446952,0.3589335696820446,18.32854075783447,17.492262512100407,4.189713558165153,0.042363417218402866,0.0312681606929055,0.00695703242620116,0.0008313016941321472,0,0.006063279970068836,0.002191656599558778,9.0,0.038175302580697894,0.04012458215690078,0.544903594951024,0.00906873153249621,False,0,,
1000304,ELV,"Elevance Health, Inc",Financials,Life & Health Insurance,screen,83165893000.0,103977893000.0,0.22725842865892387,-0.28283106823974324,2023-10-01,0.55,ev_ebitda,60,0,0.0521504613142992,0.043970956505185815,9.906988691585385,9.230403380614826,2.1670237478746364,0.03618428342678315,0.10084461071336293,-0.08869561568195339,-0.11102859093716155,0,0.012689647349479083,0.013807848400599898,8.0,0.10697476344669439,0.11474207679375326,0.8476708417924689,-0.03145765044152671,False,1,,
1004682,ELVN,"Enliven Therapeutics, Inc.",Health Care,Biotechnology,screen,3057788758.01,2922283758.01,1.2393746946751345,-0.25036794766966464,2023-10-01,,ev_sales,28,,-30541.798217556294,0.0,-15.309033147001479,-12.336626193305378,,,,-0.375,0.01945849942845812,,,-0.125,6.0,0.008032664515108182,0.009112061961187403,-0.12867449952331675,0.22535623236528268,False,0,,
1003085,EME,Emcor Group Inc,Industrials,Construction & Engineering,screen,34262512072.82,33340601072.82,0.16388030579189983,-0.20012742137893158,2023-10-01,0.5666666666666667,ev_ebitda,60,0,0.10903062232119921,0.09729461461254686,13.58011355119156,12.548358601936256,-0.44198546263406346,0.09321713190399072,0.1000280453334561,0.19002106317714418,0.2589587607835304,0,0.13204395309652694,0.10115285846602995,8.0,0.0634678782450413,0.07151161499396771,0.8857336773310922,-0.02514695197325123,False,0,43.485915492957744,336
1000394,EMN,EASTMAN CHEMICAL CO,Materials,Diversified Chemicals,screen,7384965000.0,11910965000.0,0.07982125106334692,-0.3845466172946608,2023-10-01,0.06666666666666667,ev_ebitda,60,0,0.17550866342673682,0.11378782368217692,7.179213607372738,6.780473572992894,2.92035564588432,0.026501304088333955,0.05266402055338104,-0.01078387166829553,-0.0790795762032952,0,-0.012513491440495184,0.001092145583644566,11.0,0.1171999498842479,0.12089171984255631,0.5216819303639306,-0.012689090346623244,False,1,33.955399061032864,684
1001058,EMR,Emerson Electric Co.,Industrials,Electrical Components and Equipments,screen,88956794000.0,99889794000.0,0.20091501762637987,-0.05325472933480935,2023-10-01,0.9166666666666666,ev_ebitda,60,0,0.3018604711864973,0.2601208594274124,16.610558231061848,15.368473310780553,1.9585042038680656,0.05520592783275258,0.07915511200970138,-0.0013618408628952583,-0.004173696223148449,0,0.023314222781041893,0.004198600943930764,16.0,0.05527648563703828,0.060422644560954336,0.8176786472805663,-0.010763101481169213,False,0,22.124413145539904,1045
1000550,ENOV,Enovis Corp,Health Care,Health Care Equipment,screen,1046827800.0,2318772800.0,-0.3978246539222149,-0.7136363636363636,2023-10-01,0.0,ev_ebitda,60,1,0.1817040676318139,0.0800749398830525,5.197973920570399,4.672067380543383,3.010237817822329,0.04849584454959466,0.0755496598801868,-0.047908961022125274,-0.13808339768993216,0,-0.05801398852631712,-0.0052411179762899,11.0,0.15793536520090468,0.16353996395664927,0.37062143675870696,0.028795120615320746,False,2,28.62676056338028,897
1000652,ENPH,ENPHASE ENERGY INC,Industrials,Electrical Components and Equipments,screen,4368473280.0,4003601280.0,-0.06781576716586601,-0.7597932139216543,2023-10-01,0.23333333333333334,ev_ebitda,60,0,0.1650376548997323,0.08384159059579074,19.632260934533118,15.782580767885774,-1.8192699385212823,0.06244465575280245,0.2677845491362072,-0.1164079504286546,-0.2359415608944334,0,-0.166628755620979,-0.054589338737033755,16.0,0.035649892632169736,0.042268159956917684,0.7636729506481627,-0.007643729950481348,False,0,45.78638497652582,275
1000461,ENR,"ENERGIZER HOLDINGS, INC.",Consumer Goods,Consumer Electronics,screen,1467732000.0,4628332000.0,-0.08551884557106859,-0.41086243187502347,2023-10-01,0.21666666666666667,ev_ebitda,60,0,0.20590723758385968,0.16935934211704992,7.565823961774435,7.524804437196994,5.323284646516866,0.007541032089968258,0.017859460384070047,-0.03299038133471488,-0.056625637575507426,0,-0.007812387364985907,-0.025464985308609744,2.0,0.3479378847564106,0.36142757038615314,0.8347957122237134,-0.025955834798333632,False,1,28.720657276995304,893
1003824,ENS,EnerSys,Industrials,Electrical Components and Equipments,screen,7133640554.89,7641909554.89,0.6347966605532227,-0.24367950900601865,2023-10-01,0.55,ev_ebitda,60,0,0.19316258974724654,0.16876642242739295,10.146007564631542,9.331090520447555,0.7220914604831776,0.04438717853538421,0.1192477686344009,0.027801982821742177,0.16044354054238918,0,0.06094412085952583,-0.0013012462666806002,3.0,0.08538262619386555,0.08972885295925062,0.808675004724472,-0.03979492094946857,False,1,33.485915492957744,702
1003089,ENSG,"Ensign Group, Inc.",Health Care,Long Term and Alternative Care,screen,10090101290.0,9909001290.0,-0.002988651181564217,-0.2021948129545047,2023-10-01,0.4,ev_ebitda,60,0,0.1169055017346688,0.08082283260350293,12.32714143080023,11.239929209316614,-0.2593126902809665,0.10278155433215086,0.09872407867023858,0.011966639790501166,0.1069695277819207,0,0.04236923015703731,0.00929602005640806,5.0,0.056902821496354686,0.06349432521398501,0.7142690315775906,0.01099511498513972,False,0,38.41549295774648,503
1000653,ENTG,ENTEGRIS INC,Technology,Semiconductor Equipment,screen,24342528000.0,27444928000.0,0.6720087443466984,-0.16200819037214254,2023-10-01,0.8,ev_ebitda,60,0,0.30600045233125084,0.2268102636314245,22.114210338280127,18.973573799467736,3.128614658111976,0.11949593770599698,0.18699488991748026,0.08073293232099066,0.05756762118800851,0,0.06039703001444652,0.04743822290084432,9.0,0.0312696351427878,0.03958325534137759,0.613335118549476,0.005918185541741394,False,0,25.269953051643192,999
1003234,ENVA,"Enova International, Inc",Financials,Consumer Finance,screen,4505728260.0,9054417260.0,0.4519940915805023,-0.37046524769259737,2023-10-01,0.5833333333333334,ev_ebitda,60,0,0.26090559743940817,0.2634958561384383,7.632203531623231,,4.68765537551868,,,0.032746729931800944,0.13317944708551077,0,0.018069478804183747,0.02672484743998127,5.0,0.16830387633851385,0.007470426314739126,0.6392173487928572,-0.03688179061034802,False,1,,
1005138,ENVX,Enovix Corporation,Industrials,Electrical Components and Equipments,screen,607435832.4399999,584287832.4399999,-0.7091273821464393,-0.841616602949208,2023-10-01,0.0,ev_sales,49,1,-1.1972929687987985,-1.8637834243945985,-6.10470901681846,-13.193329812165981,,1.5504855849872148,,-0.7823026297964362,-3.5477830990274275,,,-0.1670051020471739,7.0,-0.2581291902895469,-0.13457907230438407,1.6382329318338245,0.11503587032435814,False,1,,
1001019,EOG,"EOG RESOURCES, INC.",Energy,Oil & Gas Exploration & Production,screen,74752990000.0,77771990000.0,0.2713956543831435,-0.1039417197866529,2023-10-01,0.2,ev_ebitda,60,0,0.5577129886729989,0.3295216890972384,5.06088601851488,5.131800741000897,0.1897842529120097,-0.0453623052856339,-0.06113083283614651,0.06264212968174898,0.09155726430166466,0,0.004692165356063205,0.014641751036539086,13.0,0.1179680446579621,0.11051056449533844,0.5738472357383608,-0.03865057944514083,False,1,40.22300469483568,448
1005128,EOSE,Eos Energy Enterprises Inc,Industrials,Electrical Components and Equipments,screen,1066969274.48,1378596274.48,-0.7309043020193152,-0.8402813965607088,2023-10-01,0.2777777777777778,ev_sales,54,0,-0.07881429551929978,-0.2175711396338477,-30.946297154516788,8.324001291220704,,0.8465237640549375,,-0.4269118014571692,-1.1821788219244675,0,-2.217495630554793,0.055414048441473795,7.0,-0.14761559618747772,0.025191380358850317,3.5355399506725926,0.3797377780392086,False,0,,
1000509,EPAC,Enerpac Tool Group,Industrials,Machinery Tools and Components,screen,1803332960.0,1872445960.0,-0.14818412797645908,-0.3227758240650538,2023-10-01,0.32142857142857145,ev_ebitda,56,0,0.2498392703088243,0.21706424322509849,11.120378505467299,,0.4416538259967047,,,-0.0070606687319637595,-0.06282231411286332,0,-0.03505483233643669,-0.006720032020900879,2.0,0.07767117910545737,0.0,0.8318520585530317,-0.02449771492995456,False,0,,
1000317,EPAM,"EPAM Systems, Inc.",Technology,IT Consulting & Other Services,screen,5976731450.0,5212334450.0,-0.2813847072087008,-0.655595461335537,2023-10-01,0.11666666666666667,ev_ebitda,60,1,0.16459693149140273,0.13171892596180063,5.414810164221103,5.121425759243043,-0.8366571874440887,0.04164104016887249,0.049981842929485376,-0.08100513288708144,-0.05153310188815541,0,-0.031586762804662216,-0.03593663657367463,14.0,0.12998448944850044,0.14270749495563967,0.8070607673023469,-0.05148009262565889,False,2,50.129107981220656,177
1000460,EPC,EDGEWELL PERSONAL CARE COMPANY,Consumer Goods,Personal Products,screen,1242822000.0,2090722000.0,0.36330555012706367,-0.31305678649966884,2023-10-01,0.4166666666666667,ev_ebitda,60,0,0.12530995561184613,0.09275884163136418,8.24879524598877,8.073100268713118,3.5755777447008223,0.01492410132438482,0.04512883384259303,-0.12317314417209502,-0.24855112660307166,0,0.008014526928272536,-0.004298568112846457,6.0,0.1110446945955753,0.1123166414609343,0.5445038824517633,-0.035750405432263155,False,1,24.8943661971831,1007
1000405,EPD,Enterprise Products Partners LP,Energy,Oil & Gas Storage & Transportation,screen,77938950000.0,110920950000.0,0.2125326452110936,-0.0952743902439025,2023-10-01,0.6,ev_ebitda,60,0,0.1774556727241858,0.12340519153106771,9.71595369818349,9.255103958406911,3.0818014834949157,0.03465210815184916,0.046313304105768394,0.1589965979481862,0.04132518325662082,0,0.00629220881093806,0.001879590630965211,17.0,0.08295803132527237,0.0940217958515566,0.5663499205219646,-0.0031460381316279484,False,1,30.434272300469484,841
1000654,EPR,EPR PROPERTIES,Financials,Specialized REITs,screen,4498629790.0,7771057790.0,0.03348397258810709,-0.11369208820407584,2023-10-01,0.6333333333333333,ev_ebitda,60,0,0.93794635267118,0.2524237753147609,11.885148156795463,11.133222666996078,5.485214164801278,0.03648933763734874,0.0667343856804028,0.09833204379739913,0.08466262095725252,0,0.025107315042669276,0.036056880480913156,8.0,0.001640061637484992,0.005628139827205246,0.01128404699679068,0.007482200688125884,False,0,,
1004169,EPRT,Essential Properties Realty Trust Inc,Financials,Diversified REITs,screen,5578725248.0,8374496248.0,-0.09437069727583758,-0.228856261285185,2023-10-01,0.0,ev_ebitda,60,0,1.013977838368083,-1.0818762413343366,12.262990717367504,10.477101179797573,5.059439066259644,0.09045329365564148,0.17699216503561388,0.14297648767257032,0.039889867487016284,0,-0.007738319877750421,0.03157412474838095,13.0,-0.15189862238072538,-0.13785625440988317,-1.2408706580893623,0.11456722349708603,False,0,,
1006389,EQBK,"Equity Bancshares, Inc.",Financials,Diversified and Regional banks,screen,988792081.1199999,,0.17742089937850114,-0.08448609525573814,2023-10-01,,,,,,,,,,0.12168923301778123,,0.13529693517239316,,,,0.14351535694853434,,,,,0.15959041467878543,True,0,,
1004114,EQH,Equitable Holdings,Financials,Life & Health Insurance,screen,14457685000.0,1113685000.0,0.03675777826793403,-0.06250279188375985,2023-10-01,,,,,,,,,,0.13527226482590882,,0.024260793740873643,,,,0.010525597015435206,,,,,-0.0798220821020379,False,0,,
1000166,EQIX,"EQUINIX, INC.",Financials,Specialized REITs,screen,100358346880.0,118019346880.0,0.31916795471462245,-0.08918794399968977,2023-10-01,0.36666666666666664,ev_ebitda,60,0,0.5205425069578204,-0.028796645176942717,19.91377517441108,17.586220801520824,3.472745035252098,0.11148811002184211,0.1284434449992975,0.04999158753259758,0.07798299358011551,0,0.018165131720339955,0.012010768059271149,23.0,-0.009783956215707672,-0.006504377600865552,-0.16567935386545948,0.01745381926564704,False,0,,
1005952,EQPT,EquipmentShare.com Inc.,Industrials,Equipment Rental and Leasing,screen,3880560000.0,7074560000.0,-0.4665233415233415,,2026-01-23,,ev_ebitda,14,,0.1791408011030734,-0.3038475675574229,5.94520748831727,4.418755759186171,3.798790710902896,0.18420485377418228,0.3450962629280281,0.035807765033460726,0.05007796956461652,,,,9.0,-0.5986067737451299,-0.5139259947924505,-1.9521069677370828,0.7312754482729826,True,0,,
1000655,EQR,EQUITY RESIDENTIAL,Financials,Residential REITs,screen,23097939260.0,30999861260.0,0.03757540267830395,-0.11582378568282214,2023-10-01,0.2833333333333333,ev_ebitda,60,0,0.6055947176523439,0.5147652265043089,15.72951692610174,15.221665789832496,4.157517609651425,0.027884985750256996,0.033293390643989174,-0.019483742298067708,-0.04277295084878452,0,-0.0008199380317963634,-0.00286729138498254,7.0,0.05922509548705022,0.06151998939770528,0.6941201300595703,-0.008616860465990861,False,0,,
1000656,EQT,EQT CORP,Energy,Oil & Gas Exploration & Production,screen,31505919165.0,37048770165.0,-0.09732813448673172,-0.2808835983059993,2023-10-01,0.4666666666666667,ev_ebitda,60,0,0.7097669079662039,0.3976032864911656,6.00167723557691,5.059713471964742,0.8916231572159529,0.04899277036941041,0.07634542906687058,-0.09445183705093485,-0.1212558700053713,0,-0.08368543380421278,-0.056472702647147544,17.0,0.10115888855343398,0.14056778315043952,0.5162915808581295,0.10737308733852924,False,1,42.47652582159624,366
1005168,ERAS,Erasca Inc,Health Care,Biotechnology,screen,4539290631.4800005,4315266631.4800005,5.724770642201834,-0.347574543836226,2023-10-01,,,,,,,-18.685283383275546,-15.412033898538237,,,,-0.987012987012987,0.23594531931461904,,,-0.14285714285714302,8.0,0.008554142446601569,0.0068020385733099905,-0.1681343779364761,0.20141483436994911,True,0,,
1006514,ERIE,Erie Indemnity Co,Financials,Investment Banking & Brokerage,screen,10259061001.0,,,,,,,,,,,,,,,,,,,,,,,,,,False,0,,
1000657,ES,EVERSOURCE ENERGY,Utilities,Non-Renewable Electricity,screen,24244797908.49,51537097908.490005,-0.05646631991223772,-0.13894574988720165,2023-10-01,0.0,ev_ebitda,60,0,0.3831146049560119,0.027363537392094506,9.393129785038441,8.879039560652263,5.632837565158192,0.04845598071583268,0.08386427033621491,0.03369498001169702,0.08056034502630172,0,0.027384814255864143,0.031011483153387198,4.0,-0.041458667225952865,-0.03681140808439934,-0.18319949352722453,0.026685946482825074,False,0,,
1005369,ESAB,ESAB Corp,Industrials,Industrial Machinery and Equipment,screen,4136029566.0,6315828566.0,-0.40802749547980255,-0.5102368734454503,2023-10-01,0.0,ev_ebitda,50,1,0.2056093103809166,0.1741790295955108,8.832479114985228,8.539413423029606,3.637574305905725,0.06225497806668967,0.09898320823997242,0.4852924143828996,0.18250513071247787,0,0.03942043943526308,0.037238998498120734,6.0,0.1154363343400536,0.1267831677063592,0.6676954979749233,0.016231962227831076,False,2,30.316901408450704,842
1006343,ESE,ESCO Technologies Inc.,Industrials,Construction & Engineering,screen,6992871424.0,,,,,,,,,,,,,,,,,,,,,,,,,,False,0,,
1000842,ESI,Element Solutions Inc,Materials,Industrial Chemicals,screen,8980776000.0,10910576000.0,0.4551779906237743,-0.25928193172568914,2023-10-01,0.6833333333333333,ev_ebitda,60,0,0.1982866814970043,0.16362672481105925,13.824204737236364,12.278192019857542,2.895564577131531,0.07898401101686847,0.12194361231460871,0.42996298151452383,0.21834812676522297,0,0.03625915732112173,0.08332301906314044,8.0,0.08245543354176989,0.09633211902292406,0.9382652287476339,0.0033790556546742234,False,1,34.07276995305165,681
1000658,ESNT,ESSENT GROUP LTD,Financials,Mortgage Insurance,screen,5379156540.0,5800795540.0,-0.06844505890242114,-0.16831825362631048,2023-10-01,,,,,,,,,,0.06938285154343582,,0.07192400358822204,,,,0.04432726244115148,,,,,-0.07689021372859561,True,0,,
1006431,ESQ,Esquire Financial Holdings Inc,Financials,Diversified and Regional banks,screen,1031367897.4499999,,0.1483969691316056,-0.12317873261026135,2023-10-01,,,,,,,,,,,,0.6659649968975085,,,,,,,,,0.0964682889132995,False,0,,
1000659,ESS,"ESSEX PROPERTY TRUST, INC.",Financials,Residential REITs,screen,17338620696.88,23878611696.88,0.04637921217890151,-0.09170099838677359,2023-10-01,0.36666666666666664,ev_ebitda,60,0,0.6543856008917719,0.4306496534888852,18.06631745026534,17.452036528884445,5.2250252915660695,0.032999846457934634,0.04829293532302592,0.002571436673121097,-0.019290615780422016,0,-0.0022612308345937304,0.003381368059085288,16.0,0.035609635053717656,0.03393698226806695,0.4671352416852337,0.001683527113959693,False,0,,
1004195,ESTA,Establishment Labs Holdings Inc,Health Care,Health Care Equipment,screen,1898871022.3999999,2089416022.3999999,0.5655037814101,-0.3291165708311553,2023-10-01,,ev_ebitda,17,,0.1116018217361122,0.04325180702471176,55.26762325527049,27.188118265578083,,0.24565544034095255,4.073340179664686,0.04986858961181406,0.9094707879445607,0,0.016679478725954766,0.009069644644899899,6.0,-0.006096714572051077,0.013958553430222889,-0.30622257071584474,0.03583146220973488,False,0,,
1004306,ESTC,Elastic NV,Technology,Application Software,screen,9755927553.630001,8866080553.630001,0.08533554266777132,-0.3146999476870189,2023-10-01,0.2,ev_ebitda,60,0,0.20051292895706796,0.172860047721229,22.04810517759759,17.79448002442198,-2.6061637663730624,0.1490414740603041,0.2949016363394059,0.05520219518922187,0.1834869374743502,0,0.039291908730020086,0.006015526665859028,26.0,0.03296303051099636,0.04465937541219251,0.7997151035502269,0.016886876004213347,False,0,48.20422535211267,221
1000661,ET,ENERGY TRANSFER LP,Energy,Oil & Gas Storage & Transportation,screen,69608310000.0,136993310000.0,0.2383167647367075,-0.0901978831109066,2023-10-01,0.4666666666666667,ev_ebitda,60,0,0.15454254346703158,0.09855202354804363,7.079913531306671,6.86744341334915,3.650600875166402,0.019419599984566993,0.017169677520086024,0.3166932614572062,0.10198126392148787,0,0.026304131798037034,0.11542247311946974,13.0,0.12211255354330268,0.1298549094097198,0.4392886650012757,-0.004120252005880398,False,1,28.438967136150236,904
1006546,ETD,Ethan Allen Interiors Inc.,Consumer Goods,Home Furnishings,screen,539347240.0,408360359.9999999,-0.12431190641632639,-0.2930550078518239,2023-10-01,0.8,ev_ebitda,60,0,0.09417390133854156,0.05312619429365806,7.746434695393608,7.682706861006174,-2.1993820900540983,-0.010844288226016796,-0.07330488427581083,-0.1235819361180962,-0.35886857741048017,0,-0.11700181352715233,-0.048775239584598284,2.0,0.06614477864792863,0.08093707445782053,0.6767407277898646,-0.0011705493886773333,False,0,,
1000292,ETN,Eaton Corp plc,Industrials,Electrical Components and Equipments,screen,170320560000.0,188134560000.0,0.16092688183058956,-0.06576658839899119,2023-10-01,0.55,ev_ebitda,60,0,0.25376607547541946,0.20308332661603695,20.17081380334228,18.16544120458457,2.2703520945563094,0.10571730330309181,0.129283053536853,0.1239566291414147,0.13682203995771824,0,0.06028386428665078,0.03501147107931368,16.0,0.0400259060628171,0.04740755035139059,0.7309086246350064,-0.012315227039681909,False,0,25.22300469483568,1002
1000662,ETR,ENTERGY CORP,Utilities,Non-Renewable Electricity,screen,46817412556.0,77590689556.0,0.09166375249172987,-0.14917738805445313,2023-10-01,0.5666666666666667,ev_ebitda,60,0,0.47931023473170653,-0.5046027568790868,10.685062895424139,9.425084112215773,4.970625853768239,0.08743786413412957,0.13367651347785836,0.07455325460910944,0.03472876243248746,0,-0.0034695525361509993,-0.0019745253226925996,10.0,-0.2037592092607109,-0.1770729747967518,-1.3136876767339298,0.03826778431074129,False,0,,
1000663,ETSY,ETSY INC,Consumer Services,Broadline Retail,screen,8737959240.0,10601176240.0,0.07681879801174873,-0.178559117545674,2023-10-01,0.2833333333333333,ev_ebitda,60,0,0.30146343623437294,0.29084823995240766,11.780772923889433,11.068561991628762,2.287176909135495,0.0500021997423743,0.06701284115094341,-0.016563402378057757,0.12067180921653597,0,0.06288960588033854,0.03237328052397381,24.0,0.10115133876328382,0.11171649778845653,0.9822032800493549,-0.05561328785120567,False,1,30.481220657276992,836
1005147,EVCM,EverCommerce Inc,Technology,Application Software,screen,1749834485.75,2137280485.75,-0.22192273135669371,-0.35373134328358213,2023-10-01,0.0,ev_ebitda,60,0,0.29704807922620885,0.24026254686096796,11.183340831979544,11.147175756228688,2.1631384383898262,0.04668492253848466,0.03597234511230929,-0.040084803474833564,-0.0636188531308145,0,-0.019242096625634364,-0.016052629143644026,7.0,0.06867525819017672,0.07517748476487406,0.6287924417338369,-0.018229033710490228,True,0,,
1005155,EVLV,Evolv Technologies Holdings Inc,Technology,Electronic Equipment & Instruments,screen,848286354.6,814391354.6,-0.3841059602649006,-0.4691780821917808,2023-10-01,,ev_ebitda,5,,,-0.16614043016493135,,,,,,-0.051496651689301065,-0.6870405248247083,0,-0.6870405248247083,0.0016616659532058264,,-0.04466863984189914,0.0,,0.05607485448541394,False,0,,
1000664,EVR,EVERCORE INC.,Financials,Investment Banking & Brokerage,screen,11320890000.0,10604270000.0,-0.22830731757472345,-0.32235786617687656,2023-10-01,,ev_ebitda,25,,0.24447238187669776,0.2444723818766977,7.9160601599645775,7.282091247517946,-0.6587827312474547,0.09222536275706772,0.11996954507573121,0.10641601802474776,-0.023726876887228077,0,-0.05704232677079191,-0.007100802521037286,8.0,0.11840439790484032,0.13169719111519793,1.0006373591766484,-0.00369574576772036,False,1,,
1004122,EVRG,Evergy Inc,Utilities,Non-Renewable Electricity,screen,18633835000.0,34754035000.0,0.0678126858046848,-0.10251943203840086,2023-10-01,0.4166666666666667,ev_ebitda,60,0,0.49686076679409075,-0.19813712654594853,10.642580329275434,9.579283309002355,5.587135042125,0.06266077290562433,0.10933141267937918,0.013033487923339582,0.048784523452688244,0,-0.01744598544385023,-0.007982531306973017,4.0,-0.11109930147831219,-0.09069132042448746,-0.6339503948366313,0.01638596079124266,False,0,,
1000665,EVTC,EVERTEC INC,Technology,Payment Processing,screen,1683016183.8600001,2709062183.86,-0.19638224383530278,-0.35171745465683635,2023-10-01,0.03333333333333333,ev_ebitda,60,0,0.3970906238701087,0.3517283953636447,5.7815923657987325,5.338353074224322,2.4702827385884345,0.0774337888470289,0.08724559500566209,0.1766573901551698,0.15775769291906583,0,0.008059901781174661,0.009509954573849289,6.0,0.2094274716693959,0.22247186762095406,0.7522296301298421,-0.02816649919604519,False,1,,
1000158,EW,EDWARDS LIFESCIENCES CORPORATION,Health Care,Health Care Equipment,screen,49205744000.0,45551744000.0,0.10993956538510985,-0.09669317706153213,2023-10-01,0.1,ev_ebitda,60,0,0.32334816819036755,0.26046847356269226,18.91771166265108,16.955887322165765,-1.769902963763922,0.09985230367033426,0.11721557007279748,0.03060917562007681,0.07302772439270422,0,0.017334806398834557,0.0030482653901984236,17.0,0.042163353799589916,0.04763893670704464,0.8616175655160969,-0.018315787015922735,False,0,43.65023474178404,332
1000622,EWBC,EAST WEST BANCORP INC,Financials,Diversified and Regional banks,screen,17290391020.0,,0.19420872505019293,-0.09275256222547579,2023-10-01,,,,,,,,,,0.06406497093395824,,0.08190276628592597,,,,0.012121387412393991,,,,,-0.006068197598345759,False,0,,
1005048,EWTX,Edgewise Therapeutics Inc,Health Care,Biotechnology,screen,4358472451.5199995,3901353451.5199995,1.5030826140567202,-0.16028955532574973,2023-10-01,,ev_sales,26,,-4.372459255664406,-0.0,-17.684355174353467,-15.705624033258074,,-0.2874258371456361,,1.5606521241430444,-0.15032423954491447,,,0.28693478957009666,11.0,0.010899685578339225,0.009711694460137239,-0.21533875915127873,0.09508398633822623,False,0,,
1000623,EXC,EXELON CORP,Utilities,Multi-Utilities,screen,41603160000.0,92463160000.0,-0.06946705534004605,-0.18138338412023025,2023-10-01,0.0,ev_ebitda,60,0,0.383388115401067,-0.019118207658009315,9.259742127110936,8.654868726789836,5.515748113109734,0.02743847249909126,0.07111637106518098,0.023034425214059073,0.031054933362574033,0,-0.004719591893584063,0.0009256224331557483,10.0,-0.06847848237579067,-0.06440669647233042,-0.2853058039253334,0.011844753234706129,False,0,,
1001016,EXE,Expand energy corporation,Energy,Oil & Gas Exploration & Production,screen,20489167720.0,23410167720.0,-0.19064925052914838,-0.3036736293531793,2023-10-01,0.26666666666666666,ev_ebitda,60,0,0.5950137317160373,0.2871911903075892,4.041292189649483,3.7294659344786583,0.48684806049983187,0.013919612983921192,0.007653613842971918,-0.04854876489717619,-0.11212624059534793,0,-0.04240527083214618,-0.033804556390411133,16.0,0.12871851067832074,0.1498965730021235,0.4552825971454992,0.2186417705675161,False,1,40.43427230046948,438
1000624,EXEL,EXELIXIS INC,Health Care,Biotechnology,screen,15045569500.0,14206184500.0,0.41428571428571437,-0.012176560121765712,2023-10-01,0.6166666666666667,ev_ebitda,60,0,0.4343349181696728,0.40656620662781306,11.308693035665717,9.115638461206249,-0.7828643790881673,0.13680781936209407,0.19493249629692744,-0.031872569627636405,-0.05939596477150055,0,0.008983884440169732,-0.013025581291007282,12.0,0.08190897970990817,0.10073330411081591,0.9810137903245632,-0.06098832140749022,False,1,50.26995305164319,174
1006688,EXFY,Expensify Inc,Technology,Application Software,screen,224663170.40000004,164281170.40000004,0.21621621621621623,,2025-07-27,,ev_ebitda,8,,0.18581271990907794,0.07973256658058876,6.496871992454372,6.681064458085699,-2.6387057124827558,0.022754432887806875,-0.005948820913930897,-0.12177531546356679,-0.47578143270587614,0,0.04280133433214428,0.009292017797235985,2.0,0.05203346618630227,0.08058525692460207,0.46230773750902293,0.04202634352940149,False,0,,
1000417,EXLS,"ExlService Holdings, Inc.",Technology,IT Consulting & Other Services,screen,5575311141.12,5672642141.12,-0.21916874858051327,-0.3362934362934362,2023-10-01,0.08333333333333333,ev_ebitda,60,0,0.2133342281140857,0.1748606233928936,9.890527725925319,8.896819239338248,0.19601830364098788,0.11469341887586348,0.11677620537046551,0.05281879567424075,0.028930018245375777,0,0.029401099199790393,0.04444228355458413,7.0,0.08273896092656419,0.09407812383917263,0.8042910747902303,-0.03196708822915506,True,1,69.02582159624413,65
1003031,EXP,"Eagle Materials, Inc.",Materials,Building and Construction Materials,screen,5380482195.179999,6903954195.179999,-0.26248681294546616,-0.4531980016583166,2023-10-01,0.2833333333333333,ev_ebitda,60,0,0.31063165860454195,0.10389233605946777,9.492897890774689,8.792891479683556,2.0294588975778325,0.028809782385813554,0.006887140579731277,-0.03443674029192334,-0.15429466028635042,0,-0.027899854830430115,0.00476047446963479,11.0,0.055121010399851796,0.10456390727772072,0.4077925398460438,-0.04096280018479426,False,0,39.11971830985916,483
1000625,EXPD,"Expeditors International of Washington, Inc",Industrials,"Delivery, Air Freight & Logistics",screen,24663779280.0,24199616280.0,0.5218977417178776,-0.0477565755544096,2023-10-01,0.6166666666666667,ev_ebitda,60,0,0.10569625250091129,0.09646907551390475,17.07187354811301,16.768322729229073,-0.35127342444644016,0.010986901256076376,0.018288834374653007,0.19881102785931448,0.3011508859942513,0,0.15910759038468836,0.10219394573636409,13.0,0.05396629132141456,0.05482472402007881,0.9389768913420277,-0.037682981281390915,False,0,37.54694835680751,535
1000061,EXPE,Expedia Group Inc,Consumer Services,"Hotels, Resorts & Cruise Lines",screen,32190733840.000004,30522733840.000004,0.24124074032478382,-0.2222936568795093,2023-10-01,0.43333333333333335,ev_ebitda,60,0,0.26263531771144005,0.26322296301199877,6.678016353456734,6.018134710430361,-0.4195912693485047,0.07546846397715701,0.10779029366345161,0.06461838844799428,0.17371904015462447,0,0.028275235108232044,0.013084151162055413,26.0,0.14261658367076985,0.15456047914498489,1.0044422095546266,-0.04586846724130644,False,1,47.805164319248824,230
1003171,EXPO,Exponent Inc,Industrials,Research & Consulting Services,screen,3424191300.0000005,3438283300.0000005,-0.04143869481580276,-0.41639104274250627,2023-10-01,0.08333333333333333,ev_ebitda,60,0,0.3291464896993222,0.3083593586147167,16.433922542919422,15.365019245475205,0.07494511687196709,0.07372442331543128,0.07566555944052,0.05225458634662994,0.07757618907955277,0,0.012521131309282563,0.011195708148133976,3.0,0.058323279681684534,0.05983239671555452,0.954551874780129,-0.025499360771232826,False,0,33.532863849765256,699
1000626,EXR,"EXTRA SPACE STORAGE, INC.",Financials,Specialized REITs,screen,29341327458.25,42292776458.25,-0.022837032646384148,-0.22367357848795688,2023-10-01,0.125,ev_ebitda,48,0,0.6823457210548542,0.6718307616724051,16.881164434047832,16.342136441831332,5.3574965926279035,0.027090266393673845,0.03135814061236486,-0.005254866782311907,-0.018276701249422933,0,0.014188743294817341,0.00909756678011897,13.0,0.0680822898410201,0.07035615713889307,0.7973520511237616,0.006182392313564433,False,0,,
1003786,EXTR,Extreme Networks Inc,Telecommunications,Communication Equipment,screen,2936773840.0,2888738840.0,0.03874092009685226,-0.36369029961435784,2023-10-01,0.26785714285714285,ev_ebitda,56,0,0.18382177126747037,0.19801296602112667,11.230954754231286,9.856682504430104,-0.21664624242454747,0.0930085354005592,0.1825176236533399,0.059975965535407294,0.09649379533543989,0,0.01932461347557468,0.008308226028150845,3.0,0.09130952729272031,0.10524271680440625,1.0425454430283025,0.014682371299397978,False,1,47.94600938967136,223
1003684,EYE,National Vision Holdings Inc,Consumer Services,Specialty Stores and Retailers,screen,1321790800.0,1523531800.0,-0.4388489208633094,-0.44399185336048885,2023-10-01,0.0,ev_ebitda,60,0,0.1127315649492765,0.07797866946507734,6.245969765755216,5.4833011409140395,0.9442731234504156,0.061029094282064156,0.12247787587231085,0.008936090357234638,0.08262526495198474,0,0.0067853549241330136,-0.008613121418669767,11.0,0.11766952771936451,0.15060586488133784,0.6376393189882328,0.014512996704971748,False,1,49.54225352112676,183
1004622,EYPT,"EyePoint, Inc.",Health Care,Biotechnology,screen,279533890.0,118875890.0,-0.7703651685393258,-0.8899360484685291,2023-10-01,0.26666666666666666,ev_sales,60,0,-12.935302605248593,-13.135731769888894,-0.29867898840472956,-0.3341620696263757,,10.150357034450462,,-0.5406072583413297,0.48614525816556386,,,-0.3787224299669334,5.0,-1.4086068557373304,-1.386840403144354,0.9893162811512515,0.2717127220302764,False,0,,
1000627,EZPW,EZCORP INC-CL A,Consumer Services,Specialty Stores and Retailers,screen,2505741480.0,2714209480.0,0.5630252100840338,-0.16381005900533863,2023-10-01,0.7450980392156863,ev_ebitda,51,0,0.16315990591197632,0.13644981247197127,9.071221284195977,8.028208135523423,0.7467446865278051,0.08301128641278432,0.10057988879025959,0.25311675506056,0.3052291350110272,0,0.03067533162905245,0.005828815989141312,5.0,0.0926890724826108,0.08898956848731228,0.7762242330316468,-0.006440287516034537,False,1,41.701877934272304,393
1000296,F,FORD MOTOR CO,Consumer Goods,Auto Manufacturers,screen,49930480000.0,179563480000.0,0.05537450155367418,-0.30099691982594534,2023-10-01,0.5,ev_ebitda,60,0,0.0802939149296648,0.017683064453089918,11.326659867045876,11.10119789160747,7.479670320978617,0.02038457640638769,-0.0735322817207611,0.06397941921594352,0.009165546008365055,0,0.018534292797183216,0.006342080877027589,2.0,0.045169461109196285,0.05365892023743756,0.1422638297982116,0.004544672476396672,False,0,,
1005127,FA,First Advantage Corp.,Industrials,Human resource training and employment services,screen,3176949617.8,4975845617.8,0.15659519168291092,-0.2620232172470979,2023-10-01,0.45,ev_ebitda,60,0,0.29352901156510114,0.2594951353407169,9.329826616866223,8.384841535099444,3.8047313415468387,0.0690703768569274,0.10816907062852921,0.04051329176516094,0.030465248673239076,0,0.024660904715577026,0.016767047925305922,8.0,0.10978598741056575,0.13353010814663263,0.6539791695788015,0.08090165802353133,False,1,35.38732394366197,625
1003429,FAF,First American Financial Corp,Financials,Specialty Insurance,screen,6335530000.0,5257230000.0,-0.021574640571889847,-0.22556478261724566,2023-10-01,,,,,,,,,,0.031097882245683106,,0.07057540334294021,,,,0.008393618809422021,,,,,-0.008112465506330158,False,0,,
1000628,FANG,DIAMONDBACK ENERGY INC,Energy,Oil & Gas Exploration & Production,screen,52165783020.0,64317783020.0,0.3154258193141095,-0.13102470157191826,2023-10-01,0.4166666666666667,ev_ebitda,60,0,0.7232485514137663,0.49004983238217137,5.087875606499866,5.070980725933344,1.0165814688325467,-0.012658048588811144,0.006936733763744485,0.1318385437089702,0.12116700802938651,0,0.018470345560829937,0.020040336393063907,15.0,0.15978227201808878,0.1612291548996685,0.6593556642667354,0.14726441306521032,False,1,38.41549295774648,503
1002978,FAST,Fastenal Company,Industrials,Industrial Distribution,screen,57773817500.0,57689117500.0,0.031930715269304244,-0.05441008018327609,2023-10-01,0.7666666666666667,ev_ebitda,60,0,0.2280705383769596,0.17609450938120225,24.825431023260755,22.696031673951467,-0.04161957861135794,0.08681249396842894,0.09976026395773863,0.05863172016254947,0.036991608427053846,0,0.023216247979530147,0.02413836360174515,13.0,0.03104751595880517,0.03442206769231145,0.7718996185985008,0.0007063618624227885,False,0,32.26525821596244,762
1003197,FBIN,"Fortune Brands Innovations, Inc.",Industrials,Building Products,screen,4603140000.0,6944940000.0,-0.2704200713414655,-0.5626860529388322,2023-10-01,0.15,ev_ebitda,60,1,0.1793021187884322,0.14175440977385748,8.693673853163213,8.096114488423542,2.8531709735829134,0.02736016403592112,0.034447742790725266,-0.0934405787992334,-0.23256755970651766,0,-0.045358850257006034,-0.007031387375958764,13.0,0.11735130638626136,0.12743508095149292,0.6762027891022332,-0.02430153449610495,False,2,30.269953051643192,846
1003258,FBK,FB Financial Corporation,Financials,Diversified and Regional banks,screen,2692724207.92,1894880207.92,-0.05908344102661511,-0.16720360824742264,2023-10-01,,,,,,,,,,0.06001214280906697,,0.02700669981666315,,,,-0.010688918747090104,,,,,0.04360152196873557,False,0,,
1003589,FBNC,"First Bancorp,Southern Pines NC",Financials,Diversified and Regional banks,screen,2547481961.89,,0.17453371881701973,-0.07527452423704106,2023-10-01,,,,,,,,,,0.10583625315789114,,0.038800439482780114,,,,,,,,,0.001605203532681898,False,0,,
1000629,FBP,FIRST BANCORP,Financials,Diversified and Regional banks,screen,4109958920.0,,0.2352147510166671,-0.10677838560501984,2023-10-01,,,,,,,,,,0.028794622654496616,,0.021396097094303235,,,,0.022427001439134786,,,,,-0.03691763843767526,False,0,,
1003625,FCEL,"FuelCell Energy, Inc.",Industrials,Heavy Electrical Equipment,screen,1166622316.44,649106316.44,1.1051282051282052,-0.6925096684829133,2023-10-01,0.55,ev_sales,60,0,-0.11548165433112301,-0.6964396294252705,-23.149183585551594,25.77106878883244,,0.6694107208485574,,0.04065226550600154,5.6527841732829796,,,-0.0023886580083272158,4.0,-0.15511778214054042,-0.09089103457228553,6.453743643738742,0.9401051442273012,False,0,,
1003284,FCF,First Commonwealth Financial Corporation,Financials,Diversified and Regional banks,screen,2059613538.8400002,2143008538.8400002,0.2226027951345142,-0.07230502327975175,2023-10-01,,,,,,,,,,0.06519862011489441,,-0.012403906130019737,,,,,,,,,-0.004967730632594147,False,0,,
1000630,FCFS,"FirstCash Holdings, Inc.",Consumer Services,Specialty Stores and Retailers,screen,9166093400.0,11339834400.0,0.34512629252748117,-0.10658545869813485,2023-10-01,0.7166666666666667,ev_ebitda,60,0,0.2104746692772224,0.2104746692772224,11.345140776941568,9.89007395412332,2.567722946377859,0.08761917742930381,0.13136860037265197,0.19058292416510358,0.17511995801023894,0,0.03269376255083145,0.013203354172105275,4.0,0.11148656419688688,0.13031332851110988,1.0223744477464276,-0.013939841394362107,False,1,35.97417840375587,599
1002925,FCN,FTI CONSULTING INC,Industrials,Research & Consulting Services,screen,4115265360.0,4970838360.0,-0.16789359727806996,-0.4177056277056277,2023-10-01,0.0,ev_ebitda,60,0,0.11498094023829838,0.08380666714378303,10.08157552506994,9.425231108852962,1.9258664846918214,0.06504379596952625,0.09753756992854035,0.026687408558241588,-0.0015037835238904673,0,-0.0024743325440432784,-0.005678547155823721,3.0,0.0968914887360253,0.12305336143211894,0.8086903118354826,-0.10022422308299206,False,1,,
1004981,FCNCA,First Citizens Bancshares Inc.,Financials,Diversified and Regional banks,screen,23919464712.0,32719464712.0,0.15629626983904799,-0.11827881584640809,2023-10-01,,,,,,,,,,0.033445284022262545,,-0.014421921326674192,,,,0.009817926484005035,,,,,-0.10694391900278266,False,0,,
1003456,FCPT,"Four Corners Property Trust, Inc.",Financials,Retail REITs,screen,2351794077.36,3592004077.36,-0.05220781146072562,-0.20611036849908804,2023-10-01,0.0,ev_ebitda,60,0,0.8400914097498723,0.8400914097498723,12.864076378343187,11.841094401194164,5.0780981909605245,0.03205439938198307,0.10026185333756432,0.001405178343422131,-0.0017476455476725938,0,0.01208014956141068,-0.0014229080933559901,6.0,0.08966576386022243,0.09934132536444065,0.7552100033453063,0.08031577621298003,False,1,,
1000341,FCX,FREEPORT-MCMORAN INC,Materials,Copper,screen,99999900000.0,105305900000.0,0.8039906146879117,-0.12401451633087224,2023-10-01,0.6666666666666666,ev_ebitda,60,0,0.4936665532102702,0.3634259045101197,6.034815054245985,5.409209764023286,0.4435933014976253,0.13512769968118743,0.241429054060325,0.13507033419814296,0.22037820058380042,0,0.025923418621712324,0.013864064155776568,14.0,0.13292385421675867,0.15868906853398185,0.7617522611029556,-0.0008583625716330756,False,1,51.09154929577465,162
1000129,FDS,FactSet Research Systems Inc.,Financials,Financial Data and Information Services,screen,10046983510.0,11132448510.0,-0.040859820097169264,-0.44237759523554765,2023-10-01,0.18333333333333332,ev_ebitda,60,0,0.40605037255874643,0.347806333328695,10.478308524562578,10.004059150914232,1.0726480034594597,0.05861113989132849,0.051079632655170126,0.01727433049149152,0.0023829435587485737,0,-0.0035630385360994055,0.005151283128970174,15.0,0.08559014119177923,0.09061586558638395,0.8093938848479354,-0.025462143854106944,False,1,,
1000223,FDX_US,FEDEX CORPORATION.,Industrials,"Delivery, Air Freight & Logistics",screen,79230800000.0,91633800000.0,0.8466790266509427,-0.023161927213791067,2023-10-01,0.7166666666666667,ev_ebitda,60,0,0.1145772134500777,0.05511372883576014,8.573441191209398,8.0849763005742,1.1398104549326815,0.009193434422121172,0.015985015693287252,-0.021543103914467454,-0.046180996745805114,0,0.004033752980924676,-0.00031184940415662776,10.0,0.05829933215575717,0.07025758720692535,0.4321724688809407,-0.024197133095131274,False,0,38.46244131455399,502
1000631,FE,FIRSTENERGY CORP,Utilities,Non-Renewable Electricity,screen,25122810000.0,53914810000.0,-0.01635051151414546,-0.14831654249756399,2023-10-01,0.11666666666666667,ev_ebitda,60,0,0.32505939532786104,-0.08409026429413662,9.828622221966006,9.01660768769823,5.7660990930974645,0.04782516108573853,0.0980987182732822,0.12085262798583107,0.0037861127013860685,0,0.008294232213864161,0.038549638835581934,7.0,-0.11257227631027962,-0.12951517267327758,-0.5155659479752089,0.0047053366817113584,False,0,,
1004018,FELE,Franklin Electric Co,Industrials,Machinery Tools and Components,screen,4312209000.0,4457734000.0,0.018168295591785455,-0.12644620574341925,2023-10-01,0.0,ev_ebitda,48,0,0.1607697089115158,0.13514755074813567,11.659186109496348,11.465849411656611,0.41410924648332736,0.05073640738295615,0.0424538909072143,0.07066495568449693,0.07363557861189451,0,0.02067385332732008,0.025076060901091157,2.0,0.071982622750752,0.0729116407752813,0.8118607638824491,-0.01748306894412288,False,0,33.36854460093897,709
1005950,FERG,"Ferguson Enterprises, Inc.",Industrials,Industrial Distribution,screen,42969060000.0,46988060000.0,0.006546527603763952,-0.1621117222188576,2023-10-01,,ev_ebitda,24,,0.1067541937486257,0.08748947865169034,12.477267418640377,11.612606490490307,1.1802616716376857,0.06045748022974262,0.081561413133308,0.015629707480934174,0.02117444253639822,0,0.01868397715244785,0.023186964260172083,11.0,0.06647889126405274,0.06992326875212246,0.7585279519586746,-0.01943940705704672,False,0,30.62206572769953,829
1000632,FFBC,FIRST FINANCIAL BANCORP,Financials,Diversified and Regional banks,screen,3306556708.9100003,,0.28484316927144393,-0.12737517232235418,2023-10-01,,,,,,,,,,0.08487353511540885,,0.0654583451344588,,,,0.061699993270419196,,,,,0.04745243409207789,False,0,,
1003268,FFIN,"First Financial Bankshares, Inc.",Financials,Diversified and Regional banks,screen,4562424866.75,,-0.03215183639847896,-0.23314884683157266,2023-10-01,,,,,,,,,,0.0603433122837298,,0.02635748155241413,,,,,,,,,0.0017980316110357553,False,0,,
1000255,FFIV,"F5 Networks, Inc.",Technology,Internet Services and Infrastructure,screen,25533784000.0,24146702000.0,0.3774559856431201,-0.0237066602337771,2023-10-01,0.9666666666666667,ev_ebitda,60,0,0.3716443497298258,0.3485337350766974,17.884104417523336,16.243179633159958,-1.075460486373396,0.07352157696403827,0.07366178946262547,0.10199829774966673,0.04568063916593679,0,0.02591383251341184,0.028447115871166773,9.0,0.05147709114527348,0.05505612447631752,0.9735058207117858,-0.014776550300222291,False,0,37.21830985915493,549
1003235,FHB,First Hawaiian Inc.,Financials,Diversified and Regional banks,screen,3046261916.3999996,,0.032145249108955776,-0.18082991304263762,2023-10-01,,,,,,,,,,0.2584503057889527,,0.6124229902973992,,,,0.5432748947870216,,,,,-0.0041079098746638065,False,0,,
1000635,FHI,"Federated Hermes, Inc.",Financials,Asset Management & Custody Banks,screen,4040543519.9999995,4234655519.9999995,0.11454226799782408,-0.13794158128154155,2023-10-01,0.4,ev_ebitda,60,0,0.27194430887435517,0.2719443088743552,7.421296613922456,,0.3435286585525158,0.0620542167244762,,0.09535695345228112,0.054897424180127885,,,0.01640965394346683,2.0,0.1467416559435067,0.009196995187544063,1.039094167502212,-0.05092722024320484,False,1,,
1000633,FHN,FIRST HORIZON NATIONAL CORP,Financials,Diversified and Regional banks,screen,11064000000.0,13196000000.0,0.046723026428765246,-0.11597459972611035,2023-10-01,,,,,,,,,,0.04759151768919123,,0.023772849780740124,,,,-0.00307051766369304,,,,,-0.06270949089902256,False,0,,
1003289,FIBK,"First Interstate BancSystem, Inc.",Financials,Diversified and Regional banks,screen,3462035220.0000005,3046835220.0000005,0.18122376627870618,-0.10042548137935259,2023-10-01,,,,,,,,,,0.03052606471547281,,-0.06431046729813605,,,,-0.02984112265487948,,,,,-0.03855746245127789,False,0,,
1003538,FICO,Fair Isaac Corp,Technology,Application Software,screen,15023710250.0,20357655250.0,-0.6041041609590185,-0.751313801208865,2023-10-01,0.0,ev_ebitda,60,1,0.6238694569947052,0.6002083207239729,11.427324302155249,10.034349574970175,3.4387869100692257,0.12423339415211188,0.14389523589750164,0.09839025477557328,0.13542152323309375,0,-0.04099310904594933,-0.031809371203603054,15.0,0.09634505671195398,0.11408793551737427,0.812500118518697,-0.039731158152268575,False,2,31.842723004694836,777
1005873,FIG,Figma Inc,Technology,Application Software,screen,11703515310.0,10104128310.0,-0.5947561210719106,,2025-07-31,,ev_ebitda,22,,0.12141921545639675,0.11486848891608742,45.69401830681157,31.132101729584036,-10.602582572484309,0.24649745624089725,0.4491708135803132,0.23182664738068448,0.44420211924761643,0,0.04939650786359939,0.03180623083025469,11.0,0.022899826646804317,0.034111493060852566,1.2120178642956105,0.6708841071026304,True,0,74.04929577464789,28
1005931,FIGR,"Figure Technology Solutions, Inc.",Financials,Specialized Finance,screen,7048522344.46,6481723344.46,-0.2067638163321418,,2025-09-11,,ev_ebitda,18,,0.5406468012157716,0.10628187289460687,9.746132562539902,7.75636819341357,-1.3579354977719609,0.266406526937621,0.3286948393390905,0.8840576366653297,0.9210515044098828,,,,4.0,0.018548365982893122,0.05042896116386883,0.19658282016208561,0.8488340463685289,False,0,,
1005088,FIGS,Figs Inc,Consumer Goods,Clothing and Accessories,screen,2747566159.36,2508945159.36,1.0717488789237666,-0.19042056074766367,2023-10-01,0.6833333333333333,ev_ebitda,60,0,0.15227251562201152,0.12027287559702936,19.825964920656155,18.07659562676353,-2.299132919376912,0.07888691629203382,0.10574053831437702,0.34001006763169905,0.9942566339603398,0,0.13257859548808293,0.05655945443068844,8.0,0.03906671564414305,0.04548217679795273,0.8481999157233884,0.04194719292863058,True,0,67.64084507042253,72
1000195,FIS,"Fidelity National Information Services, Inc.",Technology,Payment Processing,screen,17120455000.000002,37550455000.0,-0.48199932096189224,-0.6210014951056082,2023-10-01,0.0,ev_ebitda,60,1,0.4280607138315281,0.3004275428755157,6.14818817945083,5.854794648013061,3.784718771705689,0.04237819732398029,0.05588034934376207,0.2443972256501643,0.2601445304338821,0,-0.01381010000226579,-0.013717055502263986,19.0,0.21070147794280492,0.23296860014895568,0.5906290886599311,-0.035410947718128916,False,2,38.20422535211267,510
1000087,FISV,"Fiserv, Inc.",Technology,Payment Processing,screen,24219306000.0,51478306000.0,-0.6495772900023269,-0.8100004205391311,2023-10-01,0.06666666666666667,ev_ebitda,60,1,0.42138347979801966,0.28777815422396774,6.037795274724321,5.754549217679341,3.2387554999245833,0.03549365675005256,0.04844809138021744,-0.1637712725865338,-0.2941781152578862,0,-0.06443898706586015,-0.03038887764129139,24.0,0.1844318566238831,0.206526595221902,0.5239040655461101,-0.044172560652081305,False,2,37.382629107981224,544
1000636,FITB,FIFTH THIRD BANCORP,Financials,Diversified and Regional banks,screen,46173512194.57,68701512194.57,0.17319670270438592,-0.14097609465656746,2023-10-01,,,,,,,,,,0.07271174879391973,,0.4259957386896214,,,,0.00954920502420431,,,,,0.13946645716946193,False,0,,
1001288,FIVE,"Five Below, Inc.",Consumer Services,Specialty Stores and Retailers,screen,12269311310.41,13120045310.41,0.41932773109243704,-0.16424330085261885,2023-10-01,0.16666666666666666,ev_ebitda,60,0,0.16305021402068764,0.1082046988161693,14.074716668061736,12.840313113411334,1.0095128209106194,0.14619457020924287,0.2399903817808906,0.15377671853136232,0.5135409309498165,0,0.09708115363499537,0.03712364773378907,16.0,0.05343051703404919,0.058524615568975584,0.703256716947945,-0.0017156429748612645,False,0,33.46244131455399,704
1000637,FIVN,FIVE9 INC,Technology,Application Software,screen,2719395250.0,2810945250.0,0.40537190082644625,-0.6020826020826021,2023-10-01,0.26666666666666666,ev_ebitda,60,0,0.260835583848935,0.08870429711032571,7.7357152142034735,6.584152985613792,0.304011436948478,0.09797933810330961,0.17054761555890208,0.005816926482836493,0.027738808770032097,0,0.018168258540275595,0.0021671385281010203,16.0,0.04962073545044594,0.07081616152476548,0.3713501620790041,0.007706128211393715,False,0,45.48122065727699,282
1003587,FIX,Comfort Systems USA Inc,Industrials,Construction & Engineering,screen,59413213660.0,57612483660.0,1.0086248097128108,-0.19915868407303206,2023-10-01,0.7,ev_ebitda,60,0,0.18989484312375543,0.1583744602655076,19.741925913191352,16.617856630015805,-0.8319692079916404,0.18186773662411526,0.20184856134495943,0.5549509280274452,1.0734901397966574,0,0.15846880323251056,0.11142697777892963,8.0,0.04173105906331091,0.05498792850885081,0.8496016952643919,-0.0075190195206239485,False,0,36.044600938967136,594
1006810,FIZZ,National Beverage Corp.,Consumer Defensive,Beverages - Non-Alcoholic,founder-led,,,,,,,,,,,,,,,,,,,,,,,,,,,True,0,,
1000095,FLEX,FLEX LTD.,Technology,Electronic Manufacturing Services,screen,42179720000.0,44558720000.0,0.8973607038123166,-0.3213426297278954,2023-10-01,0.8166666666666667,ev_ebitda,60,0,0.09211417907138537,0.039882055401372865,13.95686125984815,9.760903046986918,0.8609088093464454,0.266795791722078,0.400629154942834,0.2503670564889826,0.34459080811798115,0,0.04125953123321713,0.0434272648613081,4.0,0.0287051264660495,0.05706525752976727,0.37924355733676957,-0.07417990022744858,False,0,39.28403755868545,478
1000822,FLG,"Flagstar Financial, Inc.",Financials,Diversified and Regional banks,screen,5536656751.08,,0.013445945775223844,-0.6494028976479667,2023-10-01,,,,,,,,,,0.1816445612105173,,-0.10074968514824134,,,,-0.04141003807141941,,,,,0.18705134026751202,False,0,,
1005322,FLNC,Fluence Energy Inc,Industrials,Electrical Components and Equipments,screen,1408892334.154375,1436098334.154375,-0.288888888888889,-0.761712690040335,2023-10-01,0.13333333333333333,ev_sales,60,1,0.007401160196329076,-0.011877452699517914,57.271054105159685,10.737850288146692,,0.27137093180633376,,-0.07040767750232468,-0.7657144404618259,0,-0.8025615788512592,-0.1805890278825757,17.0,-0.032316813311588005,0.03840094776691944,-1.8157553552705583,0.010394816685554531,False,1,,
1003743,FLNG,FLEX LNG Ltd,Energy,Oil & Gas Storage & Transportation,screen,1694173216.32,3090459216.3199997,0.3560878367993756,-0.0541205412054121,2023-10-01,0.9166666666666666,ev_ebitda,60,0,0.7456751313026558,0.7456751313026557,12.44058194246032,12.470639829447066,5.262661394310449,-0.03102381648810637,-0.04201243035977731,-0.04882546272321486,-0.07096687782422961,0,-0.06100545649062494,-0.045082395578098455,2.0,0.10360859701191212,0.10471101088031565,0.7065961777562505,0.0005867724190791179,False,1,23.97887323943662,1023
1003013,FLO,"Flowers Foods, Inc.",Consumer Goods,Packaged Foods & Meats,screen,1181461080.0,2814941080.0,-0.5360074257233143,-0.7491153888792117,2023-10-01,0.016666666666666666,ev_ebitda,60,1,0.08719878652234762,0.06674784122913235,6.377428730019497,6.079692695422759,3.4129054491243656,-0.0006830876050195611,0.003462564746922414,-0.03769515839485105,-0.17934388833195103,0,-0.06615322043664007,-0.02511586215230288,3.0,0.2284843371868435,0.22902853655686825,0.611578428473018,0.002348977945537012,False,2,29.02582159624413,881
1006588,FLOC,Flowco Holdings Inc.,Energy,Oil & Gas Equipment & Services,screen,803790647.76,1083008647.76,0.2461142180942104,,2025-07-09,,ev_ebitda,15,,0.3934277652402239,0.2410326474155735,2.6938724031037804,2.518273412316999,0.7937920440481351,0.0758745744712388,0.08809980974799059,0.15256826389502387,0.11880343277131145,0,-0.0211232243020284,0.02295720330441986,4.0,0.28732327715290196,0.3265170526166923,0.5744587605562256,0.07940286639073046,False,1,53.01643192488263,140
1000264,FLR,FLUOR CORP,Industrials,Construction & Engineering,screen,6955530000.0,4984530000.0,0.13810316139767065,-0.18751060580349566,2023-10-01,0.1,ev_ebitda,60,0,0.03389268432186653,0.022466953550872772,8.057583392163963,6.963236802365146,-5.937435642048871,0.0810962602142482,0.1497449766609238,-0.024906872325733298,-0.04894262811370542,0,0.02115659237126577,0.05607856446271664,6.0,0.06860824982144047,0.08392610181761632,0.7714133733551644,-0.11170426672172151,False,0,51.490610328638496,157
1000638,FLS,FLOWSERVE CORP,Industrials,Machinery Tools and Components,screen,9377835480.0,8659569480.0,0.3923323707472959,-0.19849354438578237,2023-10-01,0.43333333333333335,ev_ebitda,60,0,0.186105686599522,0.1570032607377843,8.939170882736857,8.545944440413033,-0.8377326015222667,0.05552362131759536,0.07429296331740787,-0.00026296132042613607,0.10627879152944142,0,-0.0003631420066583235,-0.004520733067628568,9.0,0.0784076491016003,0.08600601277522907,0.7590353112842868,-0.015498003189455711,False,0,41.490610328638496,404
1001261,FLUT,Flutter Entertainment Plc,Consumer Services,Casinos and Gaming,pipeline,13382250000.0,21806250000.0,-0.7065354330708662,-0.7584575502268308,2023-10-01,0.15,ev_ebitda,40,1,0.16891996160965211,0.13127733194567923,6.640651497216169,5.53523655668366,3.128057005805608,0.08734401732808483,0.22149763079971163,-0.11580065939976547,-0.3713329010566664,0,-0.09336176850978128,-0.023971099857129197,22.0,0.14420000087553514,0.19450723119166652,0.5876572575893249,-0.012193405843334282,False,2,43.532863849765256,334
1005860,FLY,Firefly Aerospace Inc.,Industrials,Aerospace & Defense,screen,3696764400.0,3088498400.0,-0.2104365620736699,,2025-08-07,,ev_sales,20,,-0.3165939861593737,-0.4423085260245433,-14.112163890905377,-91.63325344172617,,0.566700640575988,,-0.11134323667090551,-3.5764838090574895,,,-0.025872273587650207,7.0,-0.08066530643331485,-0.027131830733768965,1.3625573538299223,2.5654391514327415,False,0,,
1005091,FLYW,Flywire Corp,Technology,Payment Processing,screen,2227754984.08,1933570984.08,0.292466765140325,-0.4512386328002509,2023-10-01,0.16666666666666666,ev_ebitda,60,0,0.2495020137167137,0.251545675585968,8.820777555383122,7.148395312760694,-1.8236098174984665,0.1561548807702242,0.24380223827001624,0.1480730328963038,0.19603128587653362,0,0.030498558081859306,0.021441246830280924,12.0,0.1004180221181393,0.12119557435924495,1.0205301430113045,-0.023859277265348644,False,1,54.28403755868545,132
1003883,FMBH,"First Mid Bancshares, Inc",Financials,Diversified and Regional banks,screen,1311083755.52,,0.31724735721781605,-0.06836893231289809,2023-10-01,,,,,,,,,,0.05712059304878725,,0.21319001698322837,,,,0.0015901505818411987,,,,,0.04551651845849447,False,0,,
1002942,FMC,FMC CORP,Materials,Agrichemicals,screen,1073424000.0000001,4877424000.0,-0.7276907373840369,-0.8557626285857725,2023-10-01,0.11666666666666667,ev_ebitda,60,1,0.18749258866893195,0.11917387729718722,6.962130980946232,6.370832477839063,5.489138083984216,0.04839293424920377,0.09092322236297745,-0.2092701027057614,-0.3558904246816279,0,-0.08590978074924749,-0.03531678376600744,13.0,0.18199464041832655,0.30803976047763426,0.27885701768142485,0.014983943293440882,False,2,30.199530516431924,848
1004662,FMCC,Federal Home Loan Mortgage Corp,Financials,Thrifts & Mortgage Finance,screen,12677280000.0,3426748280000.0,-0.6677994902293968,-0.7237334840669822,2023-10-01,,,,,,,,,,0.018039282642560384,,0.03055613657191114,,,,0.02263200194362458,,,,,2.104653550105695e-06,False,0,,
1003100,FN,Fabrinet,Technology,Electronic Manufacturing Services,screen,16413455520.0,15538400520.0,0.1635949755910262,-0.4316315458089408,2023-10-01,0.43478260869565216,ev_ebitda,46,0,0.12264824972043943,-0.02756046821608358,20.805047773109923,17.769211371621402,-1.4273356536744677,0.23958713477945626,0.24151827928299263,0.3508532234462547,0.3645454146579892,0,0.06203867787117878,0.06745311091017614,4.0,-0.00831100149728838,0.023316160017212022,-0.1826483649473099,-0.004275632146237607,False,0,,
1000639,FNB,FNB CORP,Financials,Diversified and Regional banks,screen,6161817359.999999,8469817359.999999,0.09965625304517478,-0.11064095766096549,2023-10-01,,,,,,,,,,0.05203659362771407,,-0.01580446585878803,,,,-0.028093482584728657,,,,,-0.00889774762405049,False,0,,
1000015,FND,"Floor & Decor Holdings, Inc.",Consumer Services,Home Improvement Retailers,pipeline,4976763600.0,4851477600.0,-0.3784260515603799,-0.6574953271028037,2023-10-01,0.0,ev_ebitda,60,1,0.11585862550081819,0.05557412250103385,8.191084735808353,7.3625793511953805,-0.225803541684612,0.06673760201134082,0.08413737695934742,-0.09480808585633549,-0.1416822482911274,0,-0.013818997400699029,-0.0037266075513209262,16.0,0.05626757392852093,0.06663564924061749,0.472794690001066,-0.004384382913978135,False,1,39.894366197183096,460
1003379,FNF,Fidelity National Financial,Financials,Specialty Insurance,screen,10442370000.0,11238370000.0,-0.3079060124536869,-0.36786323858536163,2023-10-01,,,,,,,,,,0.05270164410339584,,0.003664541426183332,,,,-0.039034758391509494,,,,,-0.011017517946342092,False,0,,
1004661,FNMA,Federal National Mortgage Association,Financials,Thrifts & Mortgage Finance,screen,25280970000.0,4202125970000.0,-0.6506224066390042,-0.7250163291966035,2023-10-01,,,,,,,,,,0.009002303869398709,,-0.003953169729580153,,,,0.008383020327036972,,,,,-1.7800327589689857e-07,False,0,,
1004407,FOR,Forestar Group Inc,Financials,Real Estate Holding & Development,screen,1335339000.0,1734239000.0,-0.03159082361790144,-0.36809815950920244,2023-10-01,0.65,ev_ebitda,60,0,0.11650924076769115,0.13202156723747357,8.874960513590137,9.227571418689909,2.0474422953078077,0.007717078250763176,-0.017830692103519508,-0.08768956534045225,-0.29773161289767136,0,-0.09610389510125006,-0.03980909659604048,3.0,0.172296207015009,0.1471724950458155,1.1774018965237205,0.004518051941649004,False,1,,
1000640,FORM,FORMFACTOR INC,Technology,Semiconductor Equipment,screen,11816863080.0,11472376080.0,3.0996705107084015,-0.06640405177265052,2023-10-01,0.8166666666666667,ev_ebitda,60,0,0.3276457003912486,0.22608108032821633,29.16254853156032,,-1.3001499137597734,,,0.2561798629605567,0.7418537344155676,,,,5.0,0.02409912638832754,,0.7238950418539685,0.007938376811729153,False,0,,
1004769,FOUR,Shift4 Payments Inc,Technology,Payment Processing,screen,3202200000.0,6604200000.0,-0.532687338501292,-0.7121597962756645,2023-10-01,0.0,ev_ebitda,60,1,0.22790201422066383,0.16691612973935904,4.992759661966236,4.468250008355835,3.063054623189641,0.12558005335725042,0.13002104396779313,-0.04501431531366795,-0.09578505131345261,0,-0.02517408221100914,-0.004642540408289042,21.0,0.21967899080516703,0.28888784924827965,0.531811129596876,-0.010090039084453495,True,2,68.97887323943662,66
1000031,FOX,Fox Corporation,Consumer Services,Broadcasting,screen,23505760000.0,25906760000.0,0.0027826020832946163,-0.1691568665435219,2023-10-01,0.45,ev_ebitda,60,0,0.232791778883818,0.22445721508732916,6.310553915108241,6.7447478971300585,0.6068061943514993,0.013101767658374897,-0.00835193053066885,0.0610048256865221,0.17837070570838187,0,0.039057474608454656,0.016942025206786893,13.0,0.15721459392937784,0.13260720203143506,0.9001637829016911,-0.043412352659027875,False,1,47.52347417840376,236
1005934,FPS,"Forgent Power Solutions, Inc.",Industrials,Electrical Components and Equipments,screen,11376541480.0,11861239480.0,0.29103448275862065,,2026-02-05,,ev_ebitda,13,,0.24092010477139603,0.1455538790612021,19.46295599207412,13.773250459334939,1.2242682197322599,0.5382534091353182,0.633089935370543,0.36770808276323774,0.29598955384164616,,,,8.0,0.029171086113532013,0.06726250325459548,0.5445547870162355,-0.0008029215973812676,False,0,36.443661971830984,572
1003010,FR,"First Industrial Realty Trust, Inc.",Financials,Industrial REITs,screen,7810165160.0,10261173160.0,0.19510584833265887,-0.12821886239469948,2023-10-01,0.13333333333333333,ev_ebitda,60,0,0.6963659897771449,0.46612660193390704,17.62242354229773,16.453516602451394,4.671852357820457,0.058808989914548526,0.08045498579741661,0.026663909386787088,0.019388157298831032,0,0.0021206855876763075,-0.007513464333954278,11.0,0.036073288799044576,0.042883367244421856,0.4838542667410078,0.009360361111961923,False,0,,
1006604,FRBK,"Republic First Bancorp, Inc.",Financials,Diversified and Regional banks,screen,704110.0,,,,,,,,,,,,,,,,,,,,,,,,,,False,0,,
1003439,FRME,First Merchants Corporation,Financials,Diversified and Regional banks,screen,2476678920.0,,0.09505477656292571,-0.11269709747085421,2023-10-01,,,,,,,,,,0.05343515355012651,,-0.007928824201515416,,,,-0.007041375942958283,,,,,0.03099671436899487,False,0,,
1005911,FRMI,Fermi Inc.,Financials,Specialized REITs,screen,2581168015.7999997,3009528015.7999997,-0.8705810021518599,,2025-10-01,,ev_ebitda,18,,0.536442832100575,-5.432262439259275,6.207317785961328,1.456754131952796,,1.7503700974335308,56.139464716260285,-0.5658343657136791,-0.5843091516767818,,,,3.0,-1.9071767495461587,-0.8930057843819467,-10.153430673345863,,False,0,,
1000641,FRO,FRONTLINE LTD,Energy,Oil & Gas Storage & Transportation,screen,11473983699.06,13587401699.06,1.5051944496409502,-0.041812524309607135,2023-10-01,0.9166666666666666,ev_ebitda,60,0,0.8353839607128909,0.7609261447970495,8.821720723469648,12.577706211777235,1.061824384624312,-0.26197631058102633,-0.32103897220598776,0.2960791047476532,0.3643000058422978,0,0.18564729226515908,0.06990577814972854,6.0,0.10923274341437993,0.07077887235822732,0.8137368051883619,0.0,False,1,27.711267605633804,931
1004816,FROG,JFrog Ltd,Technology,Systems Software,screen,12459998430.0,11650081430.0,1.0502852313543207,-0.06719215610881468,2023-10-01,0.7833333333333333,ev_ebitda,60,0,0.2198694873285264,0.2763385664467836,69.08980804678978,54.44129836383322,-6.024335049192833,0.1781350599758622,0.2346675379289822,0.11339319758798805,0.09686809454206702,0,0.03197633505284814,0.03359569656320116,17.0,0.019362936814595853,0.02341716153973925,1.4307845471390015,0.05766763987693957,True,0,72.61737089201878,37
1003002,FRPT,Freshpet Inc,Consumer Goods,Packaged Foods & Meats,screen,3221410920.0,3269044920.0,0.04445654146252953,-0.6459806876191647,2023-10-01,0.05,ev_ebitda,60,1,0.20035098888239425,0.06873535356218577,12.271499984371953,10.695752955996005,0.22629384785684686,0.08396156698012991,0.19116484902904118,-0.05343397170134301,-0.11362293474347551,0,0.024729118818761497,0.00912253238681271,13.0,0.023906262640735174,0.032659649255015674,0.28909100299519025,0.06003207394542742,False,1,40.41079812206573,440
1005224,FRSH,Freshworks Inc,Technology,Application Software,screen,3589792200.0,2950096200.0,0.086661002548853,-0.47753267973856217,2023-10-01,0.21568627450980393,ev_ebitda,51,0,0.2646689757762701,0.05980712144795315,10.115469515601102,8.511890214967638,-2.663016694983999,0.1480158199065318,0.1720690935661533,0.03630452150834573,0.17393292632333024,0,0.033074099546652524,0.0030372757516581306,13.0,0.023337394391811407,0.04246230867200409,0.2872576099269312,-0.051868789443278995,False,0,54.98826291079812,128
1000642,FRT,FEDERAL REALTY INVESTMENT TRUST,Financials,Retail REITs,screen,9377328090.0,14037994090.0,0.11517414479281052,-0.14819476126799336,2023-10-01,0.11666666666666667,ev_ebitda,60,0,0.6488821008462801,0.394073889361762,15.286744756360775,14.519209857325727,5.394789793083144,0.03762969781243064,0.05242753680069501,0.040315752708867114,0.026078687251774202,0,0.008379152500808562,0.005828865625426616,13.0,0.03783667778863378,0.04744881500122333,0.3863688157371546,0.018669587178724356,False,0,,
1006494,FRVO,Fervo Energy Company,Utilities,Renewable Electricity,screen,4147989267.0,2270036267.0,-0.6280788177339902,,2026-05-13,,ev_sales,6,,-0.45086806848352723,-19.173957552318058,-70.32509812069908,33.15359030630503,,4.626701771200572,,-0.0835945599614949,5.751612778970725,,,,7.0,-0.3378700231321051,-0.4115760601444706,43.41750236250595,3.721614047230368,True,0,,
1006449,FSBC,Five Star Bancorp,Financials,Diversified and Regional banks,screen,915865716.76,,0.3469823448468079,-0.1425994279625744,2023-10-01,,,,,,,,,,0.15720637433145335,,0.11197704555055732,,,,,,,,,0.059379492137551004,False,0,,
1003620,FSK,FS KKR Capital Corp,Financials,Asset Management & Custody Banks,screen,3111469566.37,9473469566.369999,-0.12726278364880428,-0.4178036170115125,2023-10-01,,,,,,,,,,-0.07390524437190649,,-0.24665166636807412,,,,0.02570124778690075,,,,,-0.0072045109364774484,False,0,,
1000316,FSLR,"FIRST SOLAR, INC.",Technology,Solar Energy Solutions,screen,18541754520.0,16852425520.0,-0.20573164648800624,-0.4496150824823252,2023-10-01,0.4166666666666667,ev_ebitda,60,0,0.2097796053778185,-0.019318995281177635,13.607715532412389,10.42979485468053,-2.4089628819625286,0.13419283685414385,0.45648502528022616,-0.1515264059513346,-0.344672449761114,0,0.0782839127624293,0.002245314261964948,18.0,-0.0018733522418089602,0.036558073740213276,-0.028047430258023295,0.0006812783703078473,False,0,,
1004532,FSLY,Fastly Inc,Technology,Internet Services and Infrastructure,screen,4758222560.0,4744682560.0,2.00233918128655,-0.23373134328358203,2023-10-01,0.36538461538461536,ev_ebitda,52,0,0.22571559034450633,0.0825561798470288,24.662292090484055,17.635139840488833,-0.10499736417301006,0.15696176369462767,0.3570979583067073,0.265794833163858,1.1832387205692685,0,0.3557467205973992,0.06678976230767053,8.0,0.015003321045386582,0.027086714862893362,0.37107220917392303,0.12610852926515204,False,0,,
1003026,FSS,Federal Signal Corporation,Industrials,Heavy Transportation Equipment,screen,6898455000.0,7289255000.0,-0.06405785807001108,-0.17133416488006215,2023-10-01,0.13333333333333333,ev_ebitda,60,0,0.21243498374350606,0.17463324573062575,12.190386371324381,11.215229755593267,0.749302679767031,0.0751400565566347,0.08805461056984765,0.11894119527715596,0.13829501903376307,0,0.03382202991281624,-0.0022812914775632853,5.0,0.06852254020593629,0.07265876250187349,0.7905322963962871,-0.0018528651402848206,False,0,,
1005726,FSUN,FirstSun Capital Bancorp,Financials,Diversified and Regional banks,screen,1810933933.9999998,,-0.004640371229698403,-0.12190129633841251,2023-10-01,,,,,,,,,,0.08554022542406226,,-0.02932473310742756,,,,,,,,,0.2069046130472214,False,0,,
1000643,FTAI,FTAI Aviation Ltd.,Industrials,Aerospace & Defense,screen,17408660987.16,20681627987.16,0.008791866884145794,-0.4582383678186541,2023-10-01,0.31666666666666665,ev_ebitda,60,0,0.33178860239711405,0.21661260475503358,9.493375755217826,7.343098944049565,2.544148358330948,0.4623410186861352,0.4617120010442075,0.8792417276503031,0.2630704116318128,0,-0.0567802899934704,0.1458668089258066,8.0,0.06916734777228092,0.11499809954449794,0.5527165131683287,0.012601643277912356,False,0,32.7112676056338,737
1004409,FTDR,Frontdoor Inc,Consumer Services,Specialized Consumer Services,screen,5364495000.0,5897495000.0,0.08663991677812444,-0.19497963228008364,2023-10-01,0.36666666666666664,ev_ebitda,60,0,0.26565450293883663,0.26173064664050827,9.514550413134153,8.959861985907207,0.9180491884120421,0.06611798906883304,0.05646095690902797,0.003324869953423404,0.12458561593857786,0,0.03188340835195658,0.009668826643651984,5.0,0.10296551566081508,0.11240614485452995,0.8911305527840063,-0.047207526130629285,False,1,43.086854460093896,348
1000177,FTNT,"FORTINET, INC.",Technology,Systems Software,screen,132234928000.0,128662228000.0,1.126070409134158,0.0,2023-10-01,0.9666666666666667,ev_ebitda,60,0,0.38328663642704464,0.3795794485173165,37.188631167499665,33.05099327557096,-1.2036277636908683,0.11591661790002794,0.12018720517451631,0.08232364203962916,0.16457205909578443,0,0.07694300280137911,0.04585953131182907,30.0,0.026982838526052294,0.030078361548035754,1.0313188200777348,-0.018027336183527587,True,0,59.98826291079812,99
1005548,FTRE,"Fortrea Holdings, Inc.",Health Care,Life Sciences Tools & Services,screen,1928359999.9999998,2814060000.0,1.369358669833729,-0.5047169811320755,2023-10-01,0.7619047619047619,ev_ebitda,42,0,0.08925599814135068,0.07438445316560102,11.491300351637094,9.969059888210559,4.238991346108149,0.03623762032260758,0.14512458756065105,0.01990227822117019,0.024799522038163158,0,0.020215176786883893,0.014627009151299664,8.0,0.06642171059499559,0.08453437189209591,0.5230389042862974,0.04663941784824477,False,0,29.706572769953052,865
1003172,FTV,Fortive Corporation,Technology,Electronic Equipment & Instruments,screen,17176384000.000002,20311484000.0,0.12375778417251326,-0.14861184678155737,2023-10-01,0.13333333333333333,ev_ebitda,60,0,0.30495226758698984,0.2757688301462905,14.675866426030328,13.952185280974598,2.430409598939631,0.03966171849969102,0.05446324422708715,0.03239090297750602,0.025375365268935912,0,0.006398301887630797,0.007796313679483413,10.0,0.06441911635137013,0.06809341286456892,0.799481832525345,-0.06478125752852859,False,0,21.93661971830986,1046
1004155,FUL,HB Fuller Co,Materials,Industrial Chemicals,screen,2757928380.0,4715245380.0,-0.1520138582684848,-0.41069497857833626,2023-10-01,0.0,ev_ebitda,60,0,0.18971672271135787,0.13939325989775242,6.4973830085585025,6.029610242660924,2.9864206543040464,0.05207834252881094,0.08667465694083565,0.03097783450911895,0.050015877469468784,0,-0.007634552105310166,-0.0234647320810647,3.0,0.14912215636303724,0.1749034738050971,0.5667079813462821,-0.013509734629781334,False,1,40.43427230046948,438
1000644,FULT,FULTON FINANCIAL CORP,Financials,Diversified and Regional banks,screen,4359802230.0,5748519230.0,0.25618095955110465,-0.10440651052004768,2023-10-01,,,,,,,,,,0.08234388898215927,,0.07012928308083066,,,,,,,,,0.034226365647524126,False,0,,
1003505,FUN,Six Flags Entertainment Corp.,Consumer Services,Leisure Facilities,screen,1106833280.0,5944239280.0,-0.5286091549295774,-0.8141592920353982,2023-10-01,0.03333333333333333,ev_ebitda,60,1,0.28584337209509275,0.16338636351926583,6.883068241139958,6.483333846096844,6.2184480206154,0.03528968475757499,0.0889163512625657,-0.13788921164980594,-0.2326320404692579,0,-0.07014976461207323,-0.030000307727181097,11.0,0.147257083147095,0.2167148717921888,0.1887314144659254,0.16394092847402186,False,2,41.65492957746479,396
1003564,FWONA,Liberty Formula One Group,Consumer Services,Out-of-Home Entertainment,screen,21089880000.0,24476880000.0,-0.11536620392532304,-0.14705067848241482,2023-10-01,0.1,ev_ebitda,60,0,0.2665633900697994,0.2649869391140098,17.592603627212863,16.134589387798563,2.8647485924367198,0.08590731584077416,0.1149928275135923,0.04329444651683256,0.010625218368875977,0,-0.005612617936192943,0.0035382680945901246,11.0,0.05336569649951312,0.05930663674738062,0.808928896986243,0.025301367727791124,False,0,22.26525821596244,1043
1000188,G,Genpact LTD,Industrials,Data Processing & Outsourcing Services,screen,5913775121.200001,6576645121.200001,-0.20795536053640862,-0.39907704426878543,2023-10-01,0.05,ev_ebitda,60,0,0.19541289272801196,0.1573868653048647,5.77578488530755,5.337657260534695,0.6423502853342437,0.07647646560286359,0.08410717803532175,0.003139047030818798,0.005480355232444056,0,-0.006490103552930115,-0.0033740886662343428,6.0,0.1498418011693058,0.16275112385964555,0.7782235928521068,-0.027918132323656253,False,1,51.20892018779343,160
1003490,GABC,German American Bancorp Inc,Financials,Diversified and Regional banks,screen,1833137596.0,,0.2659447309395062,-0.05877773452705337,2023-10-01,,,,,,,,,,0.06632957759929492,,0.0677324402254289,,,,0.009327128066410006,,,,,0.12534117478414197,False,0,,
1003182,GAP,"THE GAP, INC.",Consumer Services,Apparel Retailers,screen,8228260000.0,7818260000.0,0.10063896075537704,-0.2030270346854065,2023-10-01,0.18333333333333332,ev_ebitda,60,0,0.11427128705057128,0.05463069224682849,4.402834517594116,4.3476485641672395,-0.2382790286187567,0.01990595353519775,0.05652570711223115,-0.004174789670926438,0.12459593966094773,0,0.06147401237063699,-0.0018426372283646408,13.0,0.10551096891907623,0.1428830729683128,0.48890881889777577,0.006957181789497335,False,1,47.82863849765258,229
1003418,GATX,GATX Corp,Industrials,Equipment Rental and Leasing,screen,6045904000.0,17632004000.0,-0.01288156555907527,-0.14670614328596676,2023-10-01,0.15,ev_ebitda,60,0,0.5977687994610686,0.06712483016562575,12.196414918009106,12.340311839533092,9.17047789967937,-0.0007985701924140276,0.024150635484442073,0.2694364054161742,0.317858890016506,0,-0.029989989744623302,-0.022885137695999647,3.0,-0.04766068253089446,-0.04158302328500371,-0.1993205235138958,-0.0013344133662583912,False,0,,
1003277,GBCI,"Glacier Bancorp, Inc.",Financials,Diversified and Regional banks,screen,5658358408.08,,-0.08719526384703424,-0.22908906228763382,2023-10-01,,,,,,,,,,0.0679595555922996,,0.013513337945734394,,,,-0.0028591632927216226,,,,,0.07289927000088237,False,0,,
1000688,GBDC,GOLUB CAPITAL BDC INC,Financials,Asset Management & Custody Banks,screen,3294651906.15,7812197906.15,0.026428243783736427,-0.0916814725851619,2023-10-01,,,,,,,,,,-0.020615953645181984,,-0.08018102566637753,,,,0.006898756372929249,,,,,0.14014790478446137,False,0,,
1005410,GBTG,Global Business Travel Group Inc,Consumer Services,"Hotels, Resorts & Cruise Lines",screen,4943536375.0,5937536375.0,0.1670761670761669,-0.006276150627615107,2023-10-01,0.7407407407407407,ev_ebitda,54,0,0.20927581741536566,0.12213200012941845,8.277686295404424,7.913294852071776,1.6305147380596494,0.03871843132926456,0.08667498922582229,0.2436370342076224,0.08228117655311529,0,0.004030393879564942,0.0013728048499115353,2.0,0.06715371309104853,0.07446722108895575,0.4628182174800316,0.05689152778107598,False,0,,
1000689,GBX,GREENBRIER COMPANIES INC,Industrials,Heavy Transportation Equipment,screen,1272657050.0,2755457050.0,-0.1076875486450356,-0.4063125682456319,2023-10-01,0.7833333333333333,ev_ebitda,60,0,0.13185826018341779,0.011260314990568772,7.758983065769422,6.704193131875495,4.906652171957328,0.07415914411988966,0.17580110033844543,-0.1585211105418517,-0.27926848239937196,0,-0.0271441073924078,-0.003657403060607689,3.0,-0.030915881781297356,-0.00545603371810033,-0.11079092380427852,-0.009302816563600325,False,0,,
1005543,GCT,"GigaCloud Technology, Inc.",Consumer Services,Distributors for Retailers,screen,1943905196.79,2071591196.79,0.819718309859155,-0.042608373471656136,2023-10-01,,ev_ebitda,35,,0.1358344209626389,0.1444922296806819,9.054291310249116,8.505226574050681,0.6332554719373588,0.0708572795247977,0.06564287865557827,0.12294614657464864,0.012227869545900383,0,0.0407379584341343,0.029661811855693054,1.0,0.1345314322001523,0.1392645547783568,1.143007954774808,-0.049823661151212395,True,1,65.57511737089202,81
1000181,GD,GENERAL DYNAMICS CORPORATION,Industrials,Aerospace & Defense,screen,90998920000.0,94181920000.0,-0.009723986356154679,-0.16198196833093426,2023-10-01,0.2,ev_ebitda,60,0,0.12586592858374993,0.10123160487217299,12.723023782870236,11.887041272306123,0.47495242393300946,0.049980373595903904,0.07612360738221335,0.06201490000245591,0.03336702110685241,0,0.01173473228890809,0.01446770411493703,16.0,0.06259105224576336,0.06828291438233898,0.7694338526934953,-0.00693801417238904,False,0,33.83802816901409,689
1000691,GDDY,GODADDY INC,Technology,Internet Services and Infrastructure,screen,12703798120.0,15322698120.0,-0.30198055981875327,-0.5544203405644973,2023-10-01,0.35,ev_ebitda,60,0,0.3377178655653818,0.3961886632136235,8.23466588618957,7.72489983021803,1.5340728290520897,0.05084349255298082,0.06542241828243256,-0.022463349678032762,-0.029002066709430063,0,-0.016538288484222008,-0.006225643037944928,14.0,0.16107873936516331,0.16440916780677156,1.0997210626577165,-0.05117483217805274,False,1,36.208920187793424,584
1006436,GDRX,GoodRx Holdings Inc,Health Care,Health Care Services,screen,1138149660.0,1328624660.0,-0.22222222222222232,-0.6364640883977901,2023-10-01,0.23333333333333334,ev_ebitda,60,0,0.3101059849671424,0.2855165967908163,5.106957369530541,4.742947810194872,0.757254056029454,0.05648225786393701,0.06878276097444247,-0.06769039148654865,-0.1747552591074336,0,0.02564182185030006,0.024908054909908772,12.0,0.1838028248958236,0.20619255155925081,0.8041026224439308,-0.05748654630232242,False,1,46.65492957746479,258
1000373,GE,GE Aerospace,Industrials,Aerospace & Defense,screen,327072330000.0,336884330000.0,0.042127796461058464,-0.1808142280048266,2023-10-01,0.6,ev_ebitda,60,0,0.24480210344505834,0.22139995091430642,24.65414986743484,22.325497966034483,0.8435028576520113,0.10104882311537722,0.11749994455872192,0.1314166257731597,0.10307306040494701,0,0.03215015162173818,0.04284269404568519,15.0,0.03638106637536652,0.0402812435783804,0.8708201117562652,-0.02135094001315685,False,0,27.288732394366196,949
1006591,GEF,"Greif, Inc.",Materials,"Metal, Glass and Plastic Containers",screen,3767823813.0,4509723813.0,0.3760940334137062,,2025-07-09,,ev_ebitda,15,,0.15191344808558535,0.11608291276167008,6.706391702276937,6.5132613703935345,1.1788799613699,0.022424918970898045,0.04900778354705837,,,,,,,0.12708102368216073,0.13868999722413367,0.7120496241810256,,False,1,35.01173708920188,646
1005488,GEHC,"GE Healthcare Technologies, Inc.",Health Care,Health Care Equipment,screen,29046920000.0,37034920000.0,-0.12790401566781684,-0.3013318194089126,2023-10-01,0.1,ev_ebitda,50,0,0.18366793949562263,0.15155922140758737,8.868907100032873,8.299048375582581,2.097034083971202,0.046574338775108526,0.07396017932476862,0.018026569122007396,0.01516045190181936,0,-0.003909202595505867,-0.0032378211043935234,13.0,0.1048610808366153,0.11667640242694333,0.7294123517893392,-0.004555253117970559,False,1,35.786384976525824,607
1000692,GEL,"GENESIS ENERGY, L.P.",Energy,Oil & Gas Storage & Transportation,screen,1674815040.0,4734895040.0,-0.139040875886568,-0.23795529156739503,2023-10-01,0.6166666666666667,ev_ebitda,60,0,0.3501332273993398,0.2834862150851926,7.837180954157923,7.604032086424146,5.365879557235799,-0.01544163553856659,0.037119580836907806,0.03968265544844485,-0.09060049804425507,0,-0.031179890653705633,-0.04299744329733313,2.0,0.1396732354121922,0.1524642024893421,0.387194842380548,-0.0005461851370219817,False,1,35.551643192488264,617
1000101,GEN,Gen Digital Inc.,Technology,Systems Software,screen,13416750000.0,21008750000.0,-0.20889751234055587,-0.29894937917860553,2023-10-01,0.05,ev_ebitda,60,0,0.5439313008972393,0.5285101774428915,7.111948546672366,6.64346260586942,2.7525924962698167,0.0788007480122177,0.1116490883974437,0.06590668649424392,-0.010161518210209386,0,-0.006605804866966936,0.009881103293334137,6.0,0.17922010330114785,0.19813560692769516,0.8139963240336028,-0.018465544611087403,False,1,42.68779342723005,356
1005966,GENB,"Generate Biomedicines, Inc.",Health Care,Biotechnology,screen,1769717119.8000002,1361311119.8000002,0.1873517786561265,,2026-02-27,,ev_sales,15,,-13.061610232558692,-13.194383339113147,-4.373133890927988,-5.101893934566991,,0.8986984809378904,,0.0,0.04389444613277749,,,,3.0,-0.17093000595115765,-0.14333081368088557,0.9717566964733012,0.9522174131902283,False,0,,
1003460,GEO,Geo Group,Industrials,Safety and Alarm Services,screen,4065018960.0,5550207960.0,0.48706686188384585,-0.1380480905233381,2023-10-01,,ev_ebitda,33,,0.19952466994206888,0.1995246699420689,8.406989941418708,,2.79174767010964,,,-0.0029955929591164443,-0.09460470958190981,0,-0.03920184500994406,-0.047634918084569544,1.0,0.13026788892915311,,0.8021049982409943,-0.007865812878118272,True,1,,
1006557,GERN,Geron Corporation,Health Care,Biotechnology,screen,811542160.0,628936160.0,-0.10218978102189791,,2025-07-09,,ev_ebitda,15,,0.1382841220943572,0.10965160314758511,13.300088367254821,4.616196166622317,,0.49229332312670526,,-0.3288242589425423,1.5542184549088276,0,0.46444525628996747,0.027878340460907314,2.0,0.027890364522924743,0.14655806459336623,0.4786446828064825,-0.9676381982488539,False,0,,
1005675,GEV,"GE Vernova, Inc.",Industrials,Heavy Electrical Equipment,screen,266611500000.0,256285500000.0,0.549273513211296,-0.19097594607017,2024-03-27,0.3783783783783784,ev_ebitda,37,0,0.1790106392377965,0.17804947484953362,27.12463679195076,19.81090582435701,-1.8605431057775002,0.14272180798991485,0.42937606733246514,0.17438173873451812,0.35895249357673387,0,0.0321300193596199,0.01758751824216387,23.0,0.03630318576983349,0.04805840920891258,1.0243857118882513,-0.014913735867911782,False,0,36.09154929577465,592
1004275,GFF,Griffon Corp,Industrials,Building Products,screen,4205536200.0000005,5362821200.0,0.23435600741847118,-0.13031842944577443,2023-10-01,0.7142857142857143,ev_ebitda,42,0,0.2543319522794745,0.23912896475837525,11.03066718617567,10.335118095850476,2.5164392648470275,0.04096734498389387,0.06229735215087473,-0.2697427117076171,-0.18772453222474317,0,0.007841472058994992,0.025042494314224895,4.0,0.09232072509553343,0.10288334319660547,0.7985995226556963,-0.04280705458998946,False,1,30.293427230046948,844
1004706,GFL,GFL Environmental Inc.,Industrials,"Waste, Disposal & Environmental Services",screen,15149725118.887135,21782383935.780598,-0.11428120782189144,-0.18687951276708725,2023-10-01,0.0,ev_ebitda,60,0,0.3196788074275226,0.1768818483078074,10.222024021682094,9.33675259247263,4.053956477222927,0.13200218432273547,0.1664496726694853,0.21781524503032745,0.23104739659329554,0,0.22339919817847687,0.19102630475498228,5.0,0.044361565977580786,0.0579793120446262,0.3153865075643384,0.005180379805237001,False,0,27.429577464788732,944
1005261,GFS,GlobalFoundries Inc,Technology,Semiconductor Fabrication,screen,27066080000.0,25733080000.0,0.342339741574063,-0.4652128019340326,2023-10-01,0.4166666666666667,ev_ebitda,60,0,0.3611617188293713,0.16315933716621273,8.747896884002945,7.16854921635484,-0.5465895605044017,0.11787385058178934,0.20653926585097726,0.02622327556110715,0.3082276005554687,0,-0.000731447834110055,0.01839484062919916,12.0,0.05058137561555267,0.07794763319527959,0.4654016111385914,0.0016477182505241217,False,0,45.152582159624416,292
1003193,GGG,Graco Inc,Industrials,Industrial Machinery and Equipment,screen,12886698240.0,12380245240.0,-0.08277027995424358,-0.18365592062908886,2023-10-01,0.03333333333333333,ev_ebitda,60,0,0.3248001700888255,0.29285958692953856,15.450725027468694,15.082108152578476,-0.670782987904441,0.039723304193575615,0.034340506012562555,0.01724684154031131,0.02640123714740139,0,0.00363690393740157,-0.003549767736352738,7.0,0.056273977704506276,0.04711937874268528,0.9050423234983318,-0.01946606428147135,False,0,34.11971830985915,678
1004303,GH,Guardant Health Inc,Health Care,Health Care Services,screen,23218508250.0,23961238250.0,1.8546734955185662,-0.025887493173129328,2023-10-01,0.9666666666666667,ev_sales,60,0,-0.005689088409090178,-0.08147530163274501,-2293.075166517078,88.13123930952281,,0.3476631528647123,,0.2914174925088291,-0.9055019909773038,,,0.08232940923183407,17.0,-0.005490059472625063,0.005247782320218843,12.198892278700951,0.03879117886312278,True,0,,
1004494,GHM,Graham Corp.,Industrials,Industrial Machinery and Equipment,screen,1017599000.0000001,990685000.0000001,0.5721311475409836,-0.30277082155262947,2023-10-01,,ev_ebitda,15,,0.12847346819112418,0.05863061550361694,26.458879067059115,19.895886568105816,-0.8472643578694653,0.1521813193932693,0.3840163946735846,0.0170371219963128,-0.07455299073959176,,,,3.0,0.017037851345380342,0.02699951643905274,0.4630494260009546,0.01346522726519428,False,0,45.997652582159624,268
1005133,GHRS,GH Research PLC,Health Care,Biotechnology,screen,1520975515.32,1176282515.32,0.641958041958042,-0.23368146214099217,2023-10-01,,,,,,,-8.926446266839022,-6.983142263424758,,,,0.31495022347596224,0.13527763504731838,,,,7.0,0.0073744226517092,0.010643253214466306,-0.08511717499511202,0.1437636387763681,False,0,,
1003314,GIII,"G-III Apparel Group, Ltd.",Consumer Goods,Clothing and Accessories,screen,1222398660.0,1034047660.0,0.032944927199692,-0.26058679118790706,2023-10-01,0.55,ev_ebitda,60,0,0.06453553596431676,0.044914704143420775,5.912564320450351,5.79855881201715,-1.048670234612616,-0.028561386668981226,-0.02866679171891562,-0.09110167337655117,-0.16401086176377278,0,0.025701084102627725,-0.000185844335874652,3.0,0.10283622014910279,0.14122924752209137,0.7187772000088162,-0.026915411168547676,False,1,46.044600938967136,266
1000069,GILD,"GILEAD SCIENCES, INC.",Health Care,Biotechnology,screen,183342500000.0,206409500000.0,0.375977460962424,-0.026114613963021838,2023-10-01,0.8166666666666667,ev_ebitda,60,0,0.5527304801021561,0.4999605039472021,11.451287402806201,10.814441967661198,2.9124395565499355,0.05252701371985724,0.8380581522053725,0.035062527702964585,0.0670857271144154,0,0.019941998225905477,0.009465033098538855,16.0,0.0857123025942323,0.09610819122208511,0.871828263274973,-0.004555721304473348,False,1,30.762910798122064,827
1003163,GIS,"General Mills, Inc.",Consumer Goods,Packaged Foods & Meats,screen,17035293000.0,30217793000.0,-0.3224725463069179,-0.5265837024500972,2023-10-01,0.0,ev_ebitda,60,1,0.17482850152691684,0.1455844680649367,9.787067156785414,9.697054707440001,4.028116779802424,-0.020001084430056104,-0.037924315236407824,-0.04509025608368422,-0.14172804208781853,0,-0.003577038816895306,-0.012530943608732414,13.0,0.11730589852324204,0.12064939727129079,0.6472309617999297,-0.036091326434408266,False,2,24.964788732394368,1006
1000695,GKOS,GLAUKOS CORP,Health Care,Health Care Equipment,screen,9597333060.0,9311107060.0,1.0133660331085226,-0.13379055658137706,2023-10-01,,ev_ebitda,22,,0.07482122167287737,0.0005478087713830239,146.43221642025236,59.7820456360589,-32.18928344316221,0.26171883854148215,1.9195450831489218,0.1340063815974133,-0.24442024779855698,0,0.005442462563720829,0.0678391157547038,9.0,0.00046215326279519585,0.007788994251106495,0.06975444792013288,0.05610201179660246,False,0,,
1000993,GL,Globe Life Inc.,Financials,Life & Health Insurance,screen,13085504676.160002,15611074676.160002,0.1680266662098755,-0.10950435437049777,2023-10-01,,,,,,,,,,0.05684804953151201,,0.013763709069323005,,,,0.0018053023128068446,,,,,-0.06501421739774726,False,0,,
1000345,GLNG,GOLAR LNG LTD,Energy,Oil & Gas Storage & Transportation,screen,4931430000.0,6484843000.0,0.20176530236233026,-0.16334162066340374,2023-10-01,0.75,ev_ebitda,60,0,0.6425283904344311,-1.1106026382075866,21.7281781210684,8.936688795217995,5.438416271004309,0.4722803017831909,0.5498988781040521,0.033276417769809497,0.05398042590526475,0,-0.002633767991147118,0.009830550854487585,5.0,-0.1179568437580744,-0.022075691925773792,-1.9490360088754661,-0.01089071293392041,False,0,,
1000696,GLOB,GLOBANT SA,Technology,IT Consulting & Other Services,screen,1598571439.9999998,1901890439.9999998,-0.39525967235970716,-0.861027674316152,2023-10-01,0.05,ev_ebitda,60,1,0.19743419182012223,0.15026310510945784,3.847563039808779,3.702987996218305,0.6249121555869525,0.0350530111038545,0.04637389748926046,-0.07612640245044666,-0.1245670745770594,0,-0.05511543222091042,-0.04193789145965132,13.0,0.21781889090501635,0.22564333435120099,0.7044137760194853,-0.0107216623032379,False,2,46.37323943661972,262
1000697,GLPI,"GAMING & LEISURE PROPERTIES, INC.",Financials,Specialized REITs,screen,10745381620.68,18504118620.68,-0.12441407039077557,-0.19576905809636902,2023-10-01,0.0,ev_ebitda,60,0,0.9412004999047815,0.8106071015558566,10.745387083270117,10.399940574517819,4.899024667333707,0.043884915629380794,0.04718413086613893,0.051112324492073036,0.06873299603940008,0,-0.00016668792921059605,-0.0030733259968389604,18.0,0.09853208932320402,0.1226162601153576,0.6148273760961853,0.028617546552425432,False,1,,
1005130,GLUE,Monte Rosa Therapeutics Inc,Health Care,Biotechnology,screen,1142652920.7,1090535920.7,0.6099865047233468,-0.5286448044251284,2023-10-01,0.6666666666666666,ev_sales,42,0,-14.35235868679629,-14.703397131338932,-4.029149553545321,-4.320535199837476,,-0.10116994004810465,,-0.5461291616526274,0.7305468008221714,,,-0.0660889046103057,3.0,-0.22917465290955077,-0.21558734281355632,0.9675074746482343,0.18014213856784944,False,0,,
1000290,GLW,CORNING INCORPORATED,Technology,Electronic Components,screen,140428750000.0,146348750000.0,0.8907825350166043,-0.397514459276184,2023-10-01,0.8166666666666667,ev_ebitda,60,0,0.30170217797198756,0.16090511620034156,21.041463913622124,16.121824670076432,1.12492992262364,0.21791518539951427,0.2789111776808155,0.18027996746602715,0.3097924838847863,0,0.03202750239579233,0.00434788263623731,8.0,0.024437334430513442,0.034366499309835596,0.4933973318350625,0.005924199068669145,False,0,34.636150234741784,657
1005118,GLXY,Galaxy Digital Inc.,Financials,Other Diversified Financial Services,screen,4439850618.42,5058575618.42,-0.3274179236912157,-0.46943537097526833,2023-10-01,,ev_sales,24,,0.008304194028451312,0.008304194028451312,13.826592887839645,6.851188763637126,,0.17857936766179772,,-0.3129827461518473,-0.37219957066973464,0,-0.29542115330801977,-0.2813935528831978,11.0,0.04104475002405639,0.1672412800432364,0.4980958260160712,-0.22246575921605516,True,0,,
1000277,GM,General Motors Co,Consumer Goods,Auto Manufacturers,screen,72172100000.0,175150100000.0,0.27381193458406283,-0.1455233983531028,2023-10-01,0.26666666666666666,ev_ebitda,60,0,0.13816940685034082,0.08214379793055865,6.679755919636412,6.740240235904412,4.195947739410197,0.01992283667052508,0.019989639678706927,0.03561545284158418,0.27310191836477804,0,0.018634995424093415,-0.0036617798352592823,6.0,0.22194142117926238,0.22722123153954543,0.6108828161018639,-0.10422143639011683,False,1,27.453051643192488,943
1000413,GMED,Globus Medical Inc,Health Care,Health Care Equipment,screen,10222743440.0,9732990440.0,0.30784005587567664,-0.22639950423466215,2023-10-01,0.016666666666666666,ev_ebitda,60,0,0.3488868699030172,0.27966733877830874,8.22339249070938,7.586081473739724,-0.46749670369069235,0.060809593301696774,0.08486384001690195,0.04076412512330574,0.2123933505639095,0,0.026907381706124944,-0.003493401570623056,14.0,0.09556150453024165,0.10238690498220815,0.8253823209038956,-0.001068433185664075,False,1,45.43427230046948,284
1006495,GMRS,GMR Solutions Inc.,Health Care,Health Care Services,screen,590430885.96,4588037885.96,-0.31115879828326176,,2026-05-13,,ev_ebitda,8,,0.19845981183295755,0.1482107229970151,3.6303772087175954,3.340792150559715,3.4073138479407787,0.05781632964396377,0.0839042598523263,,,,,,,1.050172458582236,1.2588187378834146,0.49063039407024456,1.4211265560545057,False,1,45.41079812206573,285
1000381,GNK,GENCO SHIPPING & TRADING LTD,Industrials,Marine Transportation,screen,1213265927.02,1459186927.02,0.58657594976113,-0.06970128022759603,2023-10-01,0.5166666666666667,ev_ebitda,60,0,0.5739964751684771,0.5099795106728856,6.357067408932329,6.4012960493590265,1.2141392764309147,0.03802750222072637,-0.028033386496853385,0.3958498325430657,0.5844278679812951,0,0.17360745334945027,0.12924876177864952,2.0,0.14984498641661034,0.152719544703628,0.7920345092381564,0.010049613403711133,False,1,,
1004365,GNL,Global Net Lease Inc,Financials,Diversified REITs,screen,1741433360.0,3987638360.0,0.1084398085914191,-0.13594342839805795,2023-10-01,0.2,ev_ebitda,60,0,0.8253938403587534,0.8253938403587533,10.277322047480217,10.00762798153742,6.128944976485056,0.02195224763485104,0.054638164701857006,-0.09081870882969678,0.11250283238325398,0,0.04344849502880477,0.008934937213143535,4.0,0.12922179268444897,0.1262301910204409,0.5799717261372966,-0.023151208320792316,False,1,,
1000698,GNRC,GENERAC HOLDINGS INC,Industrials,Electrical Components and Equipments,screen,12398805785.77,13463212785.77,0.23626045400238938,-0.29975637815524137,2023-10-01,0.3,ev_ebitda,60,0,0.19911677669776254,0.12399027596789927,10.673217968904053,8.820117575279824,1.1366696691270357,0.2319626498119154,0.22948336443992123,0.2150266733824433,0.2051617755042472,0,0.12047806307963183,0.12791696309392098,15.0,0.05827717217906325,0.08809722774088075,0.5728289996893449,-0.006226002163122857,False,0,40.73943661971831,429
1000699,GNTX,Gentex Corporation,Consumer Goods,Auto Parts,screen,4578456685.7,4339352732.7,-0.2162298912692855,-0.38611913338987824,2023-10-01,0.0,ev_ebitda,60,0,0.23127731981084035,0.18805514313713215,6.665988325097284,6.30463492998842,-0.3807468079992308,0.04041506297154851,0.03825554232896722,0.016303802641200793,-0.007650924748524912,0,-0.03452828011336617,-0.009013549463703363,2.0,0.11450729284474861,0.11886255851079004,0.805363331038932,-0.036854389251287034,False,1,42.45305164319249,367
1006694,GO,Grocery Outlet Holding Corp,Consumer Services,Food Retailers,screen,1174328210.0,1605731210.0,-0.2990654205607477,,2025-07-27,,ev_ebitda,8,,0.05140981368923106,0.015315249738381964,6.355570565215272,5.923373624095707,1.9126357344582157,0.05483687120668157,0.12024854122707218,-0.08669614754247246,-0.21193794989124137,0,0.03138124818721688,0.007048258725113499,13.0,0.04258148323248736,0.03412927162268599,0.19792104491569135,-0.0006195307665521899,False,0,33.298122065727696,712
1004784,GOLD,"Gold.com, Inc.",Consumer Services,Distributors for Retailers,screen,1280078961.0,706308961.0,0.7156563201010981,-0.313415193954686,2023-10-01,0.16666666666666666,ev_sales,48,0,0.009026128739558225,0.010264251790672184,4.108843394566908,3.4758006795990917,-3.2279644787590254,-0.14423650618475514,0.06325020882330867,0.6068714992721265,0.25866901385560515,0,-0.06832816571413569,-0.15847564904121947,4.0,0.14191096106841217,0.16240321802181015,1.0567629377225047,0.06313344784935415,False,1,49.30751173708921,192
1003339,GOLF,Acushnet Holdings Corp,Consumer Goods,Leisure Products,screen,4998703997.33,4954303997.33,0.06297893335132843,-0.30191788659878105,2023-10-01,0.5166666666666667,ev_ebitda,60,0,0.1651077526966284,0.12570531246643382,10.90368643211477,10.728959778427837,-0.09870143557418455,0.028601628966130166,-0.0012638062260965643,0.0400211404235824,0.02964481465306057,0,0.015101098291576465,0.0005894037092002424,6.0,0.05912236105322196,0.06680297572225971,0.6504289929893964,-0.02922265751940678,False,0,33.744131455399064,691
1000047,GOOGL,Alphabet Inc.,Technology,Interactive Media & Services,screen,4163396160000.0,4019087160000.0,0.419065588790414,-0.14433751716983922,2023-10-01,0.6166666666666667,ev_ebitda,60,0,0.49734641207312147,-0.0009270091305803207,13.14695496096746,10.313544540380871,-0.6597212936604389,0.21404613072273193,0.292617166563117,0.2531195919434803,0.314592179975965,0,0.06308006071454964,0.0588468436441989,42.0,0.0004537086487648481,0.011019819250388255,0.0061790618995630825,-0.005304340507971905,False,0,45.22300469483568,291
1000700,GPC,GENUINE PARTS COMPANY,Consumer Services,Distributors for Retailers,screen,17263682240.0,21683686240.0,-0.05987816347831498,-0.1713438036179239,2023-10-01,0.38333333333333336,ev_ebitda,60,0,0.08538603505609245,0.05782076961567873,9.594911453928528,9.017911713703441,2.1211603320281425,0.03879746684876384,0.06758002716401146,0.015067437545700724,-0.040645383067470675,0,-0.014273709093916453,9.655446274070556e-05,8.0,0.07799268973194606,0.08453485814017327,0.5957927148828351,-0.005736076738776963,False,0,33.697183098591545,694
1005490,GPCR,"Structure Therapeutics, Inc.",Health Care,Biotechnology,screen,1668281981.0,331851981.0,0.11678571428571427,-0.6665955858833564,2023-10-01,,ev_sales,16,,-13387.558959692158,0.0,-0.6389955688530282,-0.6910623275129045,,0.9861088303688597,,-0.9960020153888861,0.31095486071581546,,,0.08333333333333304,7.0,0.02733935651554273,0.03015506939651335,-0.08782358868218118,0.1762793337200026,True,0,,
1000199,GPI,"Group 1 Automotive, Inc.",Consumer Services,Automotive Retailers,screen,3080400000.0,8460100000.0,-0.44672981208584894,-0.5042268511739474,2023-10-01,0.31666666666666665,ev_ebitda,60,0,0.04522256554160818,0.025949949852140258,7.9599425851965995,7.413925949876597,5.463766242825375,0.047166880216017226,0.07562567941561138,-0.06415260460909122,-0.06199929993675224,0,-0.0013616370538703793,0.0007902329614510872,8.0,0.16560943798724798,0.2268806961774258,0.4799838630652479,-0.055279868096354434,False,1,40.762910798122064,428
1000701,GPK,GRAPHIC PACKAGING HOLDING CO,Materials,Paper Packaging,screen,2658432000.0000005,8120432000.0,-0.5185376917993576,-0.6890950994506124,2023-10-01,0.21666666666666667,ev_ebitda,60,0,0.1389783650075877,0.10637135473418956,6.6918643276306975,6.636167045708413,4.682378844201991,0.013670727289843976,0.06955239830546733,-0.01445368584892781,-0.27419387000609674,0,-0.011697036112295223,0.005777699250019364,8.0,0.2491150784928787,0.22702013011726105,0.5457497743701829,-0.014628220794796976,False,1,28.06338028169014,916
1003607,GPN,Global Payments Inc,Technology,Payment Processing,screen,21687533350.0,39833661350.0,-0.004119844993725086,-0.3957017071924248,2023-10-01,0.15,ev_ebitda,60,0,0.4736595923515132,0.3876989146613882,6.455604156368668,6.056047581809831,3.3528790300754836,0.052700321962395824,0.07390281417174593,0.2728582109084745,0.20583176888297294,0,-0.022310180381377664,-0.008401981008699377,23.0,0.1956847595149063,0.21624554103244498,0.6877867872648272,0.025495344974846512,False,1,30.622065727699532,828
1000702,GPOR,GULFPORT ENERGY CORP,Energy,Oil & Gas Exploration & Production,screen,2751865750.0,3673068750.0,-0.16852690905072387,-0.3236549957301452,2023-10-01,0.36666666666666664,ev_ebitda,60,0,0.633108014435638,0.32120870156880943,3.8122894202414135,3.5040535506288197,1.005828829853461,0.041983180370071205,0.0626537290514706,-0.09057403000560771,-0.1334826399525385,0,-0.06929826962374919,-0.05003803102264681,9.0,0.15399221650523598,0.17382012400628938,0.4398279453667284,-0.0032248532752631176,False,1,48.22769953051643,220
1000703,GPRE,GREEN PLAINS INC,Energy,Oil & Gas Refining & Marketing,screen,1261495420.0,1502110420.0,0.7133105802047783,-0.49966777408637875,2023-10-01,0.05,ev_ebitda,60,0,0.14681359628449725,0.11253324079453635,5.224949848214393,5.042190040624363,0.9279949089510497,0.043783806323499874,-0.02623203184476275,-0.2760836824916566,0.6243045293595149,0,0.12967145695915883,-0.11510272618098005,5.0,0.15087534685931814,0.12371299063603733,0.662039995528261,0.11892411751448262,False,1,39.58920187793427,467
1005298,GQG,GQG Partners Inc.,Financials,Asset Management & Custody Banks,screen,2356324430.8573823,2216991430.8573823,-0.18246189038297023,-0.5214032632936663,2023-10-01,,,,,,,,,,-0.06520926458907639,,-0.25625111976575143,,,,-0.1131033994637678,,,,,0.006220288778303162,False,0,,
1005722,GRAL,"GRAIL, Inc.",Health Care,Life Sciences Tools & Services,screen,5715005593.2,4944705593.2,1.3696938948080501,,2024-06-12,,ev_sales,26,,-1.4783197091232287,-1.4608823314989539,-14.87016273958322,-14.996201298960274,,0.243530731924412,,0.02715260917321327,0.26316831916091976,,,0.015555346575650608,5.0,-0.052208998808413336,-0.05241979102233224,0.8972992553761646,0.16053224794619325,False,0,,
1000704,GRBK,GREEN BRICK PARTNERS INC,Consumer Goods,Home Building,screen,2875456760.0,2741662760.0,-0.10492824262117517,-0.2108153276829413,2023-10-01,0.8148148148148148,ev_ebitda,54,0,,0.0,,7.594535490880443,,0.04050310265661805,,-0.1339303857307108,,,,,,0.0059385863876636035,0.015557348781212454,,-0.017351031425210994,True,0,,
1005725,GRDN,"Guardian Pharmacy Services, Inc.",Health Care,Long Term and Alternative Care,screen,2607062240.0,2529284240.0,0.5547083492184521,,2024-09-26,,ev_ebitda,30,,0.09205119090034472,0.07875651709581057,17.897202158006575,16.341338788974898,-0.6155274561510858,0.08204933548005111,0.09079375267008727,-0.021372990572933848,0.16285561230005818,0,0.040054415332968274,0.008398034493621198,6.0,0.04614544607645818,0.04991125224019535,0.851270833651155,0.01483873337512498,True,0,,
1000091,GRMN,GARMIN LTD.,Consumer Goods,Consumer Electronics,screen,54659426920.0,51993236920.0,0.18422402907496882,-0.0804995596593886,2023-10-01,0.8,ev_ebitda,60,0,0.29270301716064295,0.18715763976529218,19.29425322603316,17.20937484015974,-1.1471139500659409,0.1434126089624841,0.11955307201980236,0.08862122646708159,0.11883360498237328,0,0.09855245045087324,0.036809891304407705,2.0,0.03373935993090387,0.0413421400535994,0.6843575005274413,0.0006670459920667948,False,0,38.039906103286384,513
1005509,GRND,"Grindr, Inc.",Technology,Interactive Media & Services,screen,2535828809.41,2895644809.41,0.027296937416777745,-0.37606146380913874,2023-10-01,,ev_ebitda,35,,0.42437341985780563,0.4131425089810211,10.736053359670889,9.14048360750078,1.6104523834558897,0.16713281658001589,0.16690583786312918,-0.0034736591699471298,-0.013331297097530559,0,0.02081814300995033,0.01169690035505444,5.0,0.0935622963312527,0.11061193655251171,0.8796708008506838,0.03123776843218784,False,1,40.03521126760563,455
1006350,GRPN,"Groupon, Inc.",Consumer Services,Broadline Retail,screen,760926844.44,841996844.44,-0.15374732334047103,-0.4712336098474712,2023-10-01,0.75,ev_ebitda,60,0,0.18310492143248125,0.19283480887217003,8.207631499879717,6.874083346108162,1.0777827717101696,0.08421707347400265,0.2598271139829098,-0.12543544297445008,-0.2350321996450897,0,0.051698846095187934,0.007118198087052718,3.0,0.14237594304028794,0.1811015822139669,1.056055894684195,0.010100106273556175,False,1,41.77230046948357,391
1000705,GS,GOLDMAN SACHS GROUP INC.,Financials,Investment Banking & Brokerage,screen,273394683000.0,881576683000.0,0.15284551954272163,-0.2146574092038216,2023-10-01,,,,,,,,,,0.026989630373152718,,0.1453294972197945,,,,0.076714803884532,,,,,-0.04573054415937261,False,0,,
1000706,GSBD,GOLDMAN SACHS BDC INC,Financials,Asset Management & Custody Banks,screen,1032258344.39,2868136344.39,0.03624033772739632,-0.20207610570724543,2023-10-01,,,,,,,,,,-0.03834888106234191,,-0.05355653231134139,,,,0.04071702306793612,,,,,-0.010878219054904492,False,0,,
1006408,GSHD,"Goosehead Insurance, Inc.",Financials,Insurance Brokers,screen,1683726500.0,1973613500.0,-0.3904864283794679,-0.6337209302325582,2023-10-01,0.08333333333333333,ev_ebitda,60,1,0.3502689728601918,0.31358460710864283,13.090446804656835,10.588985415088322,2.3237563808982755,0.18474461804736353,0.20457148258575408,0.09645359626532346,-0.13358036230120152,0,-0.014655521128159377,-0.0023506577505916226,12.0,0.06629690364309315,0.09253331270196456,0.7403842229913493,-0.03787608518283647,False,1,,
1000207,GT,THE GOODYEAR TIRE & RUBBER COMPANY,Consumer Goods,Tires & Rubber,screen,1453670000.0,2010670000.0,-0.33556149732620333,-0.6686666666666667,2023-10-01,0.13333333333333333,ev_ebitda,60,1,0.09001789965210033,0.0474308824660097,1.2497586816852824,1.0453216677602233,0.36665348004106946,0.036603368501823885,0.16353189864410722,-0.05142819270708887,-0.24222491901849152,0,-0.03339664540176712,-0.018727705304223075,6.0,0.30268274685308866,0.47084426478422464,0.27348836731734955,0.0015901708634977751,False,2,60.66901408450704,96
1003849,GTES,Gates Industrial Corporation Ltd.,Industrials,Industrial Machinery and Equipment,screen,6787592101.5,8197592101.5,0.055600322320709106,-0.12198391420911525,2023-10-01,0.7,ev_ebitda,60,0,0.23837492700234142,0.19760892056858845,9.07905515349447,8.518565634585128,1.747809305978594,0.04402415821970829,0.0840460999321686,0.0069078886383091564,-0.015709700055784315,0,0.02235394616667885,0.016359934299996493,10.0,0.09311270920928882,0.1021814125371783,0.6999693896517464,-0.01653886493463086,False,1,32.52347417840375,743
1004434,GTII,Green Thumb Industries Inc.,Health Care,Cannabis,screen,1476462835.4673135,1679339835.4673135,-0.16994442125694864,-0.5686404752031771,2023-10-01,0.13333333333333333,ev_ebitda,60,1,0.2699999999999992,0.18560742856111806,4.584739961564325,,0.6439327449616585,,,0.1364022483109144,-0.038764861808649465,0,0.027871485572212418,0.04690614271244309,1.0,0.17207904686614214,0.0,0.6936280218139468,-0.03846351272464055,False,2,,
1005240,GTLB,Gitlab Inc,Technology,Systems Software,screen,8688752550.0,7477724550.0,0.04813664596273304,-0.39110824742268036,2023-10-01,0.44,ev_ebitda,50,0,0.14117871861793566,0.14968047007454796,46.82160031585239,37.53869899174396,-7.478903245245143,0.16986986051896102,0.09430640758245423,0.001137092999641709,-0.13803812649122305,0,0.08545772663641871,0.013984043891271059,20.0,0.024476353800104902,0.029615233759435557,1.331621937204858,0.026299896796510236,False,0,41.56103286384977,401
1006572,GTM,ZoomInfo Technologies Inc,Technology,Interactive Media & Services,screen,1208900000.0,2309700000.0,-0.6526122823098075,-0.7998944033790919,2023-10-01,0.13333333333333333,ev_ebitda,60,1,0.4363052152860256,0.36768376581492324,4.475584460472591,4.336827381206138,2.2041836328322733,-0.0029520034021277564,0.02478977300076335,-0.07898184520353324,-0.045545494556481825,0,0.004019615856194703,0.004544975804350981,17.0,0.3135638140460608,0.3435390950960908,0.7345316249216474,-0.08381661239967952,True,2,69.2605633802817,64
1006603,GTT,GTT COMMUNICATIONS INC,Telecommunications,Communication Equipment,screen,289575.0,,-0.7435897435897436,,,,,,,,,,,,,,,,,,,,,,,,False,0,,
1004289,GTX,Garrett Motion Inc,Consumer Goods,Auto Parts,screen,5003112896.25,6210112896.25,0.9385043644163755,-0.27939555425619655,2023-10-01,,ev_ebitda,15,,0.18829579915902223,0.17041402243143824,8.193918023332202,7.671344113174859,1.7284503184170252,0.051720514146586405,0.061077093943130434,0.04843712919668386,0.07471960491577989,,,,3.0,0.11789264635074123,0.1235886780734811,0.7782500166456018,-0.07917689369829639,False,1,32.94600938967136,725
1003011,GTY,Getty Realty Corp.,Financials,Retail REITs,screen,1690973760.0,2756051760.0,0.12200533056376672,-0.21546453298313506,2023-10-01,0.0,ev_ebitda,60,0,0.9457016854673587,-0.1604915831468042,11.8303532116999,10.699438152702522,5.338913857327221,0.04350683574222347,0.11659259187013649,0.034676133623400274,0.0818903680784353,0,0.05257021162592612,0.004467495315801262,3.0,-0.05599069480221049,-0.05040545005495495,-0.4064087660542902,0.06306558903523696,False,0,,
1003502,GVA,Granite Construction Inc,Industrials,Construction & Engineering,screen,5483653650.0,6128332650.0,0.06150523603264668,-0.2759229418416237,2023-10-01,0.4666666666666667,ev_ebitda,60,0,0.13200080707583328,0.11307430436062839,7.98571264107366,7.8910681911729865,1.0191548239017654,0.06248698668416108,0.07856264485333675,0.11433295467957927,0.10726693683613941,0,0.020015646513213525,0.0312561400884408,6.0,0.10929396792650799,0.10496169508321888,0.7809757654910625,0.013185096338802493,False,1,,
1000708,GWRE,GUIDEWIRE SOFTWARE INC,Technology,Application Software,screen,12987893191.68,12912925191.68,-0.37970938832332723,-0.45555216129524967,2023-10-01,0.06666666666666667,ev_ebitda,60,0,0.25834503729949665,0.2509732107620824,29.086388522638256,22.850663265467066,-0.19688779881624802,0.15986201114747534,0.23946936370089222,0.07054305744336964,0.13727998249688622,0,0.016243116650449974,0.014139379545224484,11.0,0.03467964151063528,0.044811182214818515,1.0145617239717903,0.0004629143669552249,False,0,42.640845070422536,357
1000236,GWW,W. W. Grainger,Industrials,Industrial Distribution,screen,60495296000.0,62314296000.0,0.3180553493177152,-0.1097246267709624,2023-10-01,0.65,ev_ebitda,60,0,0.17336639083847677,0.1337136393463346,17.06725525598301,15.944074650437342,0.5531892060756181,0.06757419903403816,0.07180279440843118,0.034077637813409556,0.07392574486734449,0,0.015462445138528791,0.01486141663432372,15.0,0.04523102536880562,0.04984253258612818,0.7494351009111306,-0.02001739021626603,False,0,32.124413145539904,769
1000007,GXO,GXO Logistics Inc,Industrials,"Delivery, Air Freight & Logistics",portfolio,5318399280.0,7752399280.0,-0.15957647948572506,-0.3223052294557097,2023-10-01,0.016666666666666666,ev_ebitda,60,0,0.07079738508981288,0.04030080020849262,7.4372737445832655,6.674942161998719,2.6019205870808455,0.055222613324929615,0.10316268741338797,-0.00666835173136171,0.0038918461624093403,0,-0.005577019664598226,-0.006231780957146271,14.0,0.08705707727267505,0.11217330395811763,0.4441837395075695,-0.01745457716615606,False,1,37.5,537
1000118,H,HYATT HOTELS CORPORATION,Consumer Services,"Hotels, Resorts & Cruise Lines",screen,15562898000.0,19237898000.0,0.1211214483909453,-0.21473573760519016,2023-10-01,0.5,ev_ebitda,60,0,0.1706290468553082,0.14868388336911317,14.538046936445221,13.23386350450376,3.1714018714894006,0.06798528284568262,0.11118808262576252,-0.04184513489961994,-0.033158914733418476,0,0.0016722793442243145,0.0077681147995107835,16.0,0.057700696338358975,0.06792978819095045,0.6786095611508431,-0.02758469409884401,False,0,26.866197183098592,959
1000666,HAE,HAEMONETICS CORP,Health Care,Health Care Supplies,screen,4770126480.0,5720900480.0,1.1604431678292983,-0.032169117647058876,2023-10-01,0.55,ev_ebitda,60,0,0.3251591722929653,0.2374553810444345,12.413465905725381,11.492343801663099,2.1681580925523556,0.0589866625536537,0.09417081564636254,0.032346101372801916,-0.034188705572046785,0,0.009065139439344616,0.01235950341077241,5.0,0.06237279862970307,0.07883202645733213,0.6455855311056471,-0.0406130233248565,False,0,28.06338028169014,916
1000028,HAL,HALLIBURTON COMPANY,Energy,Oil & Gas Equipment & Services,screen,26715440000.0,31828440000.0,0.31885736105803364,-0.25352496295637283,2023-10-01,0.4666666666666667,ev_ebitda,60,0,0.19717783903475697,0.13460625809386395,6.8192099467009655,6.284077860023748,1.240557358044081,0.05079727262038247,0.11329622808837381,0.08294519057026672,0.11870527689585941,0,-0.003861663132120774,0.00042443996606800205,18.0,0.10655676093302185,0.11895852436807713,0.6099047984848549,-0.02864791205498729,False,1,42.147887323943664,378
1000363,HALO,HALOZYME THERAPEUTICS INC,Health Care,Biotechnology,screen,12962732100.0,14878383100.0,0.5053176983910554,-0.0418330151015448,2023-10-01,0.45,ev_ebitda,60,0,0.6999138539857468,0.6531838432037351,10.1807082093207,8.97413367835847,1.7314113982709394,0.07658561273715092,0.14916188518594198,0.16489318610398374,0.0700377019590197,0,0.05679789110391198,0.04697268032139301,5.0,0.10589105792358236,0.11828458446173112,0.9392432572809827,-0.0332005892767584,False,1,37.852112676056336,523
1000722,HAPN,"Happen, Inc.",Financials,Specialized Finance,screen,1806030534.0,,-0.02699144173798551,-0.31510658016682114,2023-10-01,,,,,,,,,,,,-0.07200874987179906,,,,0.018671685388825354,,,,,0.018108378100154754,False,0,,
1000186,HAS,"Hasbro, Inc.",Consumer Goods,Leisure Products,screen,12876138000.0,15036838000.0,0.19325803785902407,-0.1535262540478718,2023-10-01,0.21666666666666667,ev_ebitda,60,0,0.29200405051533884,0.25791449291511587,9.529603817040455,9.368999300346651,1.4849921123954755,0.04247439630799432,0.03921375249083381,0.12888374990365548,0.11888707355670936,0,0.02395491131453853,0.023014617004064153,11.0,0.09768546337880214,0.11060758979475668,0.7971386895829223,0.010136479008180821,False,1,35.24647887323944,636
1000667,HASI,"HANNON ARMSTRONG SUSTAINABLE INFRASTRUCTURE CAPITAL, INC.",Financials,Mortgage REITs,screen,4758536541.33,10409254541.33,0.2252074196180116,-0.163738887366497,2023-10-01,,,,,,,,,,0.1210905131715061,,0.03112791341118859,,,,0.09764148739858958,,,,,0.059780316800364997,False,0,,
1006502,HAWK,"HawkEye 360, Inc.",Industrials,Aerospace & Defense,screen,1442950343.0,958580343.0,-0.5558823529411765,,2026-05-07,,ev_ebitda,9,,0.2062107543583163,-0.0029983606978019155,16.97592645185747,10.664866538997062,-15.814301049471002,0.2419118354741241,0.6610941736091553,0.022364978768455446,-0.016660723069253813,,,,5.0,0.009736236025635605,0.0311333601683664,0.24879832104240912,2.56553466165975,True,0,74.94131455399061,17
1005030,HAYW,Hayward Holdings Inc,Industrials,Machinery Tools and Components,screen,2702673702.0,3354980702.0,-0.19047619047619047,-0.29289428076256496,2023-10-01,0.1,ev_ebitda,60,0,0.275517049572255,0.24287997032501674,9.753642243561202,8.967051677400876,2.0884368623635585,0.05881151470137991,0.08694947621192783,0.02155257293469548,0.017581506537670988,0,-0.010217680139963936,0.00031128090137499953,8.0,0.09754902054667265,0.10643782302554258,0.7664667587703782,-0.0010618278643299561,False,1,37.45305164319249,538
1000668,HBAN,HUNTINGTON BANCSHARES INC,Financials,Diversified and Regional banks,screen,31109120000.0,36914120000.0,-0.08241225756954318,-0.18482821355746815,2023-10-01,,,,,,,,,,0.06730020355595379,,0.27478288593521794,,,,-0.027789587324716924,,,,,0.16542926628682797,False,0,,
1006393,HBNC,Horizon Bancorp,Financials,Diversified and Regional banks,screen,978898674.9599999,1140041674.96,0.22046067543444337,-0.09471153846153857,2023-10-01,,,,,,,,,,0.051922918235862925,,0.3254026816390927,,,,-0.0039212260186505254,,,,,0.07894543228009843,False,0,,
1004627,HBT,HBT Financial Inc,Financials,Diversified and Regional banks,screen,1305507430.3999999,,0.44892988447205995,-0.049704459967759296,2023-10-01,,,,,,,,,,0.14715074964718755,,0.611458891698083,,,,0.17179029861634665,,,,,0.06070564411884383,False,0,,
1000103,HCA,"HCA Healthcare, INC.",Health Care,Health Care Facilities,screen,94343146920.0,143048146920.0,0.008115846816703964,-0.2129935482142662,2023-10-01,0.5333333333333333,ev_ebitda,60,0,0.19910270728459134,0.13455342909333068,8.821486237160942,8.467415218278793,3.109183680886883,0.042153479822600204,0.037402620982398105,-0.004021179990521984,-0.006044352632991634,0,-0.03090757044132819,-0.01060383300597001,18.0,0.08948640957907827,0.09321173396749954,0.5206273350951872,-0.08314726182510068,False,1,24.143192488262912,1021
1003529,HCC,Warrior Met Coal,Energy,Coal & Consumable Fuels,screen,4709748680.0,4541841680.0,0.3889898403555829,-0.2007011762090336,2023-10-01,0.6833333333333333,ev_ebitda,60,0,0.32710607341170006,0.2624526921643974,6.283034549818542,5.857753110321589,-0.31018890709836694,0.06401110840167812,0.10424015779800055,0.12850792559734847,0.24619795469517358,0,0.0207330819590672,0.007384538391295381,6.0,0.11593794149934566,0.12345695605190925,0.7553718124335307,0.004391842788127542,False,1,50.92723004694835,167
1003312,HCI,"HCI Group, Inc.",Financials,Property & Casualty Insurance,screen,2296034620.0,1450785620.0,-0.08553945289527198,-0.14964916276254625,2023-10-01,,,,,,,,,,0.06330295946023923,,0.009610157665735475,,,,,,,,,-0.0030452119378566733,True,0,,
1000673,HCSG,HEALTHCARE SERVICES GROUP,Industrials,Diversified Support Services,screen,1438644900.0,1237779900.0,0.21509209744503877,-0.1920189648360332,2023-10-01,0.43333333333333335,ev_ebitda,60,0,0.061553370042641144,0.05016773204935931,9.860995224016504,8.721146387003143,-1.7875097828889905,0.0631985786383007,0.07744643056425704,0.0006821106481049721,0.0007194788726632151,0,0.01739327083315545,0.0013228610462905355,6.0,0.07521212091372954,0.09534081842837014,0.8620228311020237,-0.02982216299768692,False,0,52.7112676056338,143
1003161,HD,"THE HOME DEPOT, INC.",Consumer Services,Home Improvement Retailers,screen,281330160000.0,332141160000.0,-0.27800195449976517,-0.3144313235362862,2023-10-01,0.15,ev_ebitda,60,0,0.14608087017214025,0.12512270305529938,13.259075684530846,12.626819811176144,2.0526720163782683,0.0378628810455357,0.04337140616442614,-0.0013892566170513598,-0.05161197950307006,0,0.002590529925892593,0.003386199357044095,25.0,0.06822701087852891,0.06990332046834973,0.7662371235639268,-0.00374954451208398,False,0,27.664319248826292,935
1000336,HEI,HEICO CORP,Industrials,Aerospace & Defense,screen,43283408910.0,45583622910.0,-0.0601534848348122,-0.1908079109616463,2023-10-01,0.016666666666666666,ev_ebitda,60,0,0.2850179815924358,0.24673299054703804,26.53464944306333,24.368222234189833,1.5237019179467635,0.09985566147778657,0.10356257073682529,0.15331619932280405,0.20146370856633844,0,0.0486240403015461,0.030696732527410786,18.0,0.03140528171519313,0.03551373211324082,0.7912772258837841,0.003519783389871467,False,0,25.715962441314556,989
1003515,HESM,Hess Midstream Operations LP,Energy,Oil & Gas Storage & Transportation,screen,4885620000.0,8523120000.0,0.17692441849984197,-0.0878691725652917,2023-10-01,0.6833333333333333,ev_ebitda,60,0,0.7722479115360646,0.7358500991954618,6.60554436516607,6.441524267465649,2.921203205749542,0.03206778076409811,0.029848141923699778,-0.0871248407324483,-0.06987582839530326,0,0.0018640775256433262,-0.009280222286636275,6.0,0.20733492897425523,0.21514098674409804,0.7850587669690071,0.20137231802250755,False,1,31.514084507042256,785
1003352,HFWA,Heritage Financial Corp,Financials,Diversified and Regional banks,screen,1158599770.07,,0.18524600409918413,-0.10854013208694202,2023-10-01,,,,,,,,,,0.067071674412573,,-0.03865277537024581,,,,-0.020441382003631436,,,,,0.08127875412025376,False,0,,
1005626,HG,Hamilton Insurance Group Ltd.,Financials,Specialty Insurance,screen,3411652500.0,2732481500.0,0.42561882580670796,-0.11373390557939922,2023-11-10,,,,,,,,,,0.06032726926177667,,-0.017131229210741283,,,,-0.001281715029877728,,,,,-0.038297040131093474,False,0,,
1005465,HGTY,"Hagerty, Inc.",Financials,Insurance Brokers,screen,4866247640.0,4614563640.0,0.11794019933554822,-0.0399429386590584,2023-10-01,,ev_ebitda,21,,0.2153152148618654,0.21531521486186536,14.271535593290839,12.09315394307048,-0.9538629205490037,0.09476911474234617,0.18259494473302262,-0.0005564255561903986,0.10581354597290349,0,-0.03670134113995882,0.00999323663298779,5.0,0.06689419828867743,0.08089839557306039,1.0067525180169317,0.006612095863261613,True,0,,
1003542,HGV,Hilton Grand Vacations Inc,Consumer Services,"Hotels, Resorts & Cruise Lines",screen,2817747000.0,10317747000.0,-0.1710117196842862,-0.3662461144633389,2023-10-01,0.36666666666666664,ev_ebitda,60,0,0.21170335687847322,0.0898537041118496,8.473743320899132,8.093888220746638,6.607139042387815,0.022909950373489307,0.034864239341581005,-0.0305963552308125,0.047268553597998864,0,-0.03715867282905483,-0.02608362983388146,7.0,0.07619375576648936,0.09563714266334414,0.17632415358300138,-0.1207819062985126,False,0,,
1006381,HHH,"Howard Hughes Holdings, Inc.",Financials,Diversified REITs,screen,4262637240.0,6353686240.0,-0.104052573932092,-0.180634390651085,2023-10-01,,,,,,,,,,0.2598521088874659,,-0.3276232291844505,,,,-0.1544437340835988,,,,,0.08782016011532234,False,0,,
1000675,HIG,"The Hartford Insurance Group, Inc.",Financials,Property & Casualty Insurance,screen,34741962000.0,38912962000.0,-0.06624772876838059,-0.15639246880982471,2023-10-01,,,,,,,,,,0.07157295809809883,,-0.24410088553480302,,,,-0.014683019373731288,,,,,-0.04036577835438848,False,0,,
1001059,HII,"HUNTINGTON INGALLS INDUSTRIES, INC.",Industrials,Aerospace & Defense,screen,10836035000.0,13526035000.0,-0.05696746392418395,-0.40609095450065735,2023-10-01,0.2833333333333333,ev_ebitda,60,0,0.08712425987019057,0.0449571744310497,10.919215279689565,9.635043021958221,2.5334277744932705,0.06406254880399675,0.1364441170009505,0.07399367479843688,0.009860392404321017,0,0.045302342915223726,0.029656187705744186,10.0,0.04972791317156282,0.06634917261313031,0.4350023019918666,0.00046231354265668934,False,0,31.091549295774648,811
1004973,HIMS,Hims & Hers Health Inc,Health Care,Health Care Services,screen,6790161491.8,7314412491.8,-0.47478843441466856,-0.5666278731451848,2023-10-01,0.2807017543859649,ev_ebitda,57,0,0.10023676162191991,0.07397714417578571,18.15307580736468,14.599546675984607,1.7463446906946938,0.18686696882133624,0.3047597399740416,0.24697745802145143,-0.1804179885839644,0,0.04259625535378597,0.16392684226952237,14.0,0.04572183695178915,0.06338323532226313,0.7705033773676758,-0.00026251468896798524,True,0,58.60328638497653,102
1005360,HIVE,HIVE Digital Technologies Ltd.,Technology,Application Software,screen,784682183.1462575,813174183.1462575,-0.26901780510275064,-0.58367410016512,2023-10-01,,ev_ebitda,29,,0.36437880211292734,0.3643788021129274,5.951667573987266,3.25060557611688,0.2713166492770847,0.38577614812222283,0.8527778449733248,-0.25195055291223745,-0.3619470056269778,0,0.40356307904982525,-0.06839817820118155,2.0,0.16381403187963317,0.3090716067002675,0.9408057762473817,0.5825690464027651,False,1,62.124413145539904,90
1000676,HIW,HIGHWOODS PROPERTIES INC.,Financials,Office REITs,screen,3266836090.0,6637067090.0,-0.016971667059869522,-0.14279321000930367,2023-10-01,0.45,ev_ebitda,60,0,0.6341897412951149,0.5922358656133299,11.713050360815883,11.298940446389867,6.207470857986337,0.02564343068839592,0.03254351053159277,0.05258227463197729,0.02039101065753557,0,-0.007093939171346597,0.002622845278327457,5.0,0.11524404959903754,0.11935241419015408,0.6644153514222687,0.01758606281274977,False,1,,
1000677,HL,HECLA MINING CO,Materials,Gold and Silver,screen,11490062000.0,11014143000.0,0.4086493505895157,-0.46432316720140066,2023-10-01,0.48333333333333334,ev_ebitda,60,0,0.6128590415183526,0.48715481250025583,11.82806407417727,12.571092825338853,-0.6016819938733056,0.024039837831151933,0.028839288901899574,0.3778133598353035,0.9113934376151192,0,-0.03589568834207646,-0.02368072233286267,3.0,0.06491996113790181,0.06370836385637019,0.8010572973469213,0.04286021928890538,False,0,34.260563380281695,671
1003471,HLF,Herbalife Ltd.,Consumer Goods,Personal Products,screen,1283260000.0,2928460000.0,0.4372037914691944,-0.3922845691382766,2023-10-01,0.2,ev_ebitda,60,0,0.13415360486370081,0.14501681485379472,4.0496763809396334,3.7896353098702975,2.4556832215391684,0.029164967894022897,0.07070967653273974,-0.0031737786822593206,-0.022038929158210374,0,-0.0022879904492926206,0.0029989725496419872,3.0,0.5055288861656443,0.5679338039893118,0.8971016520602321,0.025151227561123646,False,1,,
1000678,HLI,HOULIHAN LOKEY INC,Financials,Investment Banking & Brokerage,screen,8678488000.0,8426488000.0,-0.3739198177894125,-0.38550225626713597,2023-10-01,,ev_ebitda,34,,0.24217084605047215,0.24217084605047215,13.132916149400637,10.840040102162973,-0.3798104063945777,0.09384409656115666,0.0647261830067658,-0.1432126781050247,-0.2771366646951725,0,-0.12322121148310106,-0.09993787434983414,5.0,0.0778732125038829,0.09532641553059985,1.0532869976752628,-0.005139066834534023,False,0,,
1003830,HLIO,Helios Technologies,Industrials,Machinery Tools and Components,screen,2287148000.0,2550648000.0,0.31129692960439925,-0.26763818353582836,2023-10-01,0.6333333333333333,ev_ebitda,60,0,0.21457358462607234,0.16805961131356342,12.565546426997443,11.397779026426505,1.4783538425844507,0.056210554623835174,0.10263317326026611,0.10449191184792328,0.12324541902077213,0,0.03552510539567644,0.033699751508251774,2.0,0.0621077142593189,0.07324846449797583,0.6997947267124622,-0.0011267609212128882,False,0,33.36854460093897,709
1000679,HLIT,HARMONIC INC,Telecommunications,Communication Equipment,screen,1175791040.0,1051596040.0,0.037328094302554016,-0.3828170660432495,2023-10-01,0.016666666666666666,ev_ebitda,60,0,0.23283292596878843,0.19874577098352605,7.884987728702288,7.631468543036865,-1.2656287056818651,0.08832472885913023,0.09457250689137164,-0.18299456293563432,-0.06412606808921018,0,0.02638330196092875,0.026247172630764037,5.0,0.07413121977440269,0.06974106121036765,0.6535568521156838,-0.031027317576878155,False,0,,
1005028,HLMN,Hillman Solutions Corp,Industrials,Machinery Tools and Components,screen,1366423540.0,2023948540.0,-0.2385620915032679,-0.3942807625649912,2023-10-01,0.0,ev_ebitda,60,0,0.17745264864820331,0.12320342871648154,6.35780501353211,5.775111723174294,2.340445895490832,0.06457361763455505,0.11320212141091357,0.02014177695707997,0.040078005628957136,0,0.048934817786292495,0.028870937657826445,5.0,0.1193669567261422,0.15180960941300037,0.5123623337728433,-0.005016656369329575,False,1,43.086854460093896,348
1003494,HLNE,Hamilton Lane Incorporated,Financials,Asset Management & Custody Banks,screen,4784871757.69,5466886757.69,-0.3401564750738687,-0.555727696973787,2023-10-01,0.08888888888888889,ev_ebitda,45,1,0.5005570937939314,0.5005570937939315,11.090012330610254,10.425104353331875,1.5134143872433679,0.17943961247546958,0.1342102502721434,0.12439472987987577,0.1054772749249735,1,0.1234819857671936,0.13907330476017332,1.0,0.1246958031211304,0.12654659285013106,1.210358683471315,0.004783591310829616,False,3,,
1000299,HLT,Hilton Worldwide Holdings Inc.,Consumer Services,"Hotels, Resorts & Cruise Lines",screen,72252935000.0,71812935000.0,0.22858482897839294,-0.09124311286533748,2023-10-01,0.6,ev_ebitda,60,0,0.31086396297573926,0.30406784970402945,16.283767934087987,14.946772846224091,-0.11147175232265995,0.0811884696562748,0.09310434648292398,0.03487262383707557,0.04835368934126816,0,0.007565394674720727,0.0026504084460350352,18.0,0.04889108405856857,0.05379862141917483,0.8010089857071979,-0.04598100215336387,False,0,35.105633802816904,642
1000681,HLX,HELIX ENERGY SOLUTIONS GROUP,Energy,Oil & Gas Equipment & Services,screen,1569934200.0,1222005200.0,0.6084977238239757,-0.17316692667706712,2023-10-01,0.2833333333333333,ev_ebitda,60,0,0.25610068259385665,0.2523709197514658,4.0713150091620856,,-1.3630362679951573,,,-0.14268598346258066,-0.06049799335500605,0,-0.04984531224250899,-0.12246788870339198,1.0,0.17153076263603453,0.0004155038178112112,0.8971914396614784,-0.020217429849980095,False,1,41.81924882629108,390
1003296,HMN,Horace Mann Educators Corporation,Financials,Property & Casualty Insurance,screen,1851528000.0,2399528000.0,0.018293324652616016,-0.16986930068007566,2023-10-01,,,,,,,,,,0.10350994407091063,,0.09073367910089236,,,,0.09437600553093461,,,,,-0.004730669961618084,False,0,,
1005824,HNGE,"Hinge Health, Inc.",Health Care,Health Care Technology,screen,8170546560.0,7787040560.0,0.9812550937245312,,2025-05-22,,ev_ebitda,23,,0.3030333218431851,0.34540589981451014,23.69872564008557,18.082714136842206,-1.7490146433415052,0.24433747410296025,0.3105791714295718,0.4091925628346289,1.318721731559016,0,0.074650758587125,0.060503211634787446,12.0,0.04755867879569193,0.04493582031926216,1.1825879426600288,1.5000436302059361,True,0,72.73474178403755,36
1006822,HNRG,Hallador Energy Company,Energy,Oil & Gas Exploration & Production,screen,637202900.0,,,,,,,,,,,,,,,,,,,,,,,,,,False,0,,
1006823,HNRG,Hallador Energy Company,Utilities,Independent Power Producers,screen,,,,,,,,,,,,,,,,,,,,,,,,,,,False,0,,
1000138,HOG,"Harley-Davidson, Inc.",Consumer Goods,Motorcycle Manufacturers,screen,2695743440.0,3308829440.0,-0.09499076533950335,-0.40904500054336856,2023-10-01,0.08333333333333333,ev_ebitda,60,0,0.0835290323810933,0.03380867981328061,8.979045332990468,7.658878755898083,2.2454061104566443,0.02739856345590508,0.5454837548746563,-0.14056108392425848,-0.25338272572830023,0,0.04178520169451416,0.00281598496395441,9.0,0.05043370141346706,0.07547478831211943,0.3689395238983531,-0.09802574684621423,False,0,,
1003278,HOMB,"Home BancShares, Inc.",Financials,Diversified and Regional banks,screen,5752555200.0,6202994200.0,0.026190593179907795,-0.10226186683657223,2023-10-01,,,,,,,,,,0.03187760948845897,,0.05742748401071296,,,,-0.007858377725937227,,,,,-0.0013009504622315538,True,0,,
1000235,HON,HONEYWELL INTERNATIONAL INC,Industrials,Diversified Industrials & Conglomerates,screen,68116680000.0,93353680000.0,0.03454194580724712,-0.18179685375930477,2023-10-01,,ev_ebitda,11,,0.25369252843402024,0.22338323018248038,17.960688901785392,16.155334472201716,5.588610566716776,0.035601644413435274,0.12930388757337496,-0.01935001459047525,0.014575385155262799,,,,12.0,0.06129481184820504,0.06796878186154613,0.8032832969902165,-0.01326987784091238,False,0,24.330985915492956,1017
1006503,HONA,Honeywell Aerospace Inc.,Industrials,Aerospace & Defense,screen,48840190000.0,63632190000.0,-0.22514999999999996,,2026-06-15,,ev_ebitda,9,,0.2657550482940608,0.21778727184918759,12.12879083945313,11.016600064618116,3.093597207081061,0.07765738307121928,0.09788956953066275,,,,,,,0.06434549012242326,0.07508038653314941,0.5990127885017739,-0.011047917241164606,False,0,30.176056338028168,850
1005159,HOOD,Robinhood Markets Inc,Financials,Investment Banking & Brokerage,screen,101368800000.0,106689800000.0,-0.21427573683475354,-0.2621015348288076,2023-10-01,0.7833333333333333,ev_ebitda,60,0,0.5847636451425213,0.4854975957063077,27.11335913061022,22.38124258222039,1.9301171738045697,0.2213688482984557,0.2967516053253101,0.2034168696174481,0.17555859847943034,0,0.13103869483918595,0.08614701777317135,19.0,0.03380401625803425,0.04972538443887945,0.8708292998075465,0.0055295431887687485,True,0,,
1003265,HOPE,"Hope Bancorp, Inc.",Financials,Diversified and Regional banks,screen,1732169623.5,,0.2917472069350582,-0.08344827586206904,2023-10-01,,,,,,,,,,0.15058396227812354,,0.14779748516221258,,,,-0.015148214459651421,,,,,0.028675623108100012,False,0,,
1000683,HP,HELMERICH & PAYNE,Energy,Oil & Gas Drilling,screen,3821146000.0000005,5451875000.0,0.7302320182873003,-0.2204030226700252,2023-10-01,0.65,ev_ebitda,60,0,0.2392419690707672,0.15026704267841465,5.260911441306808,5.00443338146544,1.8330502528236998,0.05378364134029723,0.10685352877419496,0.12244763942663806,0.18751263008435126,0,0.02406785771346054,0.024788825452489505,11.0,0.14949099281081368,0.1661638101445409,0.5512184674578718,0.003675573383738584,False,1,42.19483568075117,376
1000684,HPE,HEWLETT PACKARD ENTERPRISE COMPANY,Technology,"Technology Hardware, Storage and Peripherals",screen,93627135000.0,107655135000.0,1.6481261888734777,0.0,2023-10-01,0.9333333333333333,ev_ebitda,60,0,0.20510279599668899,0.1299970872699548,9.6307502655258,8.576073503841663,1.4304626030304612,0.12450485965693647,0.1126688895280783,0.29636295292043435,0.3835602582841071,0,0.09093358937331364,0.09510284572184657,12.0,0.07198296868900325,0.0751109241578861,0.6029160694776793,0.0369847718723606,False,0,37.33568075117371,547
1000168,HPQ,HP INC,Technology,"Technology Hardware, Storage and Peripherals",screen,29803050000.0,34794050000.0,0.20727597558117994,-0.13785071826992157,2023-10-01,0.8166666666666667,ev_ebitda,60,0,0.07742331397632085,0.06382173522765705,7.516473068264835,7.23914251537891,1.0416810387219353,0.0020214819231203496,0.0005327133240653481,0.05382912403548312,-0.09083802468241653,0,0.023560141713992344,0.036093450699109075,9.0,0.1128685988670405,0.10886505762196301,0.7266795987365545,-0.031995604656292365,False,1,35.6924882629108,611
1003039,HQY,Healthequity Inc,Health Care,Health Care Technology,screen,7508331180.0,8183390180.0,-0.06658225176743693,-0.22749104881669735,2023-10-01,0.016666666666666666,ev_ebitda,60,0,0.4479040554541753,0.36494308678798376,12.901490613693243,11.572432223915404,1.1040039376901598,0.07842818640944405,0.11776943359271708,0.0019576112684627223,0.02282517121203509,0,0.004828846274782306,0.0005528067581832552,11.0,0.062444784595746566,0.07755628263795887,0.7391732203521441,0.003482409036130951,False,0,36.37323943661972,574
1003028,HR,Healthcare Realty Trust Inc.,Financials,Health Care REITs,screen,5966306430.0,10114263430.0,0.035062142391905526,-0.17880823419618852,2023-10-01,0.23333333333333334,ev_ebitda,60,0,0.6050459358614307,0.6050459358614307,14.328956848745989,13.697192674364699,6.2169743770648624,0.02873112421247681,0.04985377695005755,-0.054955195081791475,0.038619910059532137,0,0.017514387377414398,0.004248780263771179,7.0,0.09086855704112552,0.09812068592496381,0.7680676979034278,-0.02676344248711715,False,1,,
1005199,HRB,H&R Block Inc.,Consumer Services,Specialized Consumer Services,screen,5374174480.0,5906961480.0,-0.15645080202306294,-0.34334973961305093,2023-10-01,0.05,ev_ebitda,60,0,0.2715292349842168,0.23924101612496862,5.263930722259866,4.9872752901234545,0.4962822540578883,0.044811956406273,0.058584271984873704,0.029645931327368924,0.04842553010576167,0,0.039763175974290244,0.018672449878564423,5.0,0.16933577816872278,0.18164093887038163,0.8109732259593341,-0.05364546460387609,False,1,50.152582159624416,176
1003410,HRI,"Herc Holdings, Inc.",Industrials,Equipment Rental and Leasing,screen,4417310000.0,12291310000.0,0.09062894061194515,-0.4612635324766048,2023-10-01,0.5333333333333333,ev_ebitda,60,0,0.43304660837241016,0.17385738549124158,5.258561736598119,4.767655964478544,3.9007816949571374,0.08323483476177795,0.11192273710222755,0.026285094164856693,0.022575739620741775,0,0.04182991017318782,0.06019715859113495,7.0,0.0979069625163159,0.1727573251153984,0.18502919544211557,0.08386610335243372,False,1,31.04460093896714,814
1003012,HRL,Hormel Foods Corporation,Consumer Goods,Packaged Foods & Meats,screen,10999437040.0,12986114040.0,-0.1517830079919552,-0.4077334812871116,2023-10-01,0.0,ev_ebitda,60,0,0.11609481917642082,0.08965903152025732,9.042714915786926,9.90109850813972,1.457299981940787,0.015861056885828395,-0.021624528162635603,-0.03265056380289599,-0.039515655702374475,0,-0.0049732280504438675,-0.00654274668733501,5.0,0.0969597327705191,0.08885562013973797,0.7426453993831462,0.0019251471520205232,False,1,,
1004839,HRMY,Harmony Biosciences Holdings Inc,Health Care,Biotechnology,screen,2324949555.63,1791119555.63,0.42452830188679247,-0.08399440037330852,2023-10-01,0.31666666666666665,ev_ebitda,60,0,0.3351356860052865,0.3354482853426011,4.572303887819241,3.906793340395836,-1.6695778483856674,0.12105661480496188,0.1727435034771383,0.06687568114879494,-0.06037013272030367,0,0.016803717723800293,0.02192278178702134,8.0,0.1714511892390989,0.2002658634820448,1.0175705932336088,0.021748944412760096,False,1,59.51877934272301,100
1005513,HROW,"Harrow Health, Inc.",Health Care,Pharmaceuticals,screen,1143295774.61,1351785774.61,-0.36073059360730597,-0.464161447459986,2023-10-01,,ev_ebitda,18,,0.31196402096180875,0.2628865330733762,8.018170984406996,4.771042456967098,5.3157407872742555,0.41079664281503114,1.6136353517799407,0.13289875859310496,-0.11495972391234721,,,0.038958154770012854,2.0,0.10359403805683727,0.2039118576675807,0.7025234117301636,0.02904393442205122,True,1,51.11502347417841,161
1000056,HSIC,"HENRY SCHEIN, INC.",Health Care,Health Care Distributors,pipeline,9715173784.380001,13020173784.380001,0.2651800512279643,-0.07583094871230467,2023-10-01,0.85,ev_ebitda,60,0,0.08982357573980382,0.07012392763959148,10.028722941494268,9.384252310215844,2.805685578738838,0.04090734091258841,0.0731885089188784,0.034603617021389255,0.0479524165604539,0,0.02226939102006309,0.011546192829633206,9.0,0.09016222485576542,0.09661987333897283,0.6746896469892278,-0.05403776971383023,False,1,26.537558685446008,967
1000119,HST,"HOST HOTELS & RESORTS, INC.",Financials,Hotel & Resort REITs,screen,15464370000.000002,18593370000.0,0.420090981881704,-0.11545227402061775,2023-10-01,0.5166666666666667,ev_ebitda,60,0,0.2981633236534169,0.19760425399743928,10.062757755580584,9.91091381622589,1.724956458832399,0.021027338432789255,0.01170916866081484,-0.007818491217685741,0.058072410224572435,0,0.017665778764928586,0.006420684803240206,14.0,0.06746870473814674,0.06851819341009623,0.5646684345216361,-0.01119053611588039,False,0,,
1000065,HSY,THE HERSHEY COMPANY,Consumer Goods,Packaged Foods & Meats,screen,32297278500.000004,37116745500.0,-0.1319817040950596,-0.3225390721212925,2023-10-01,0.0,ev_ebitda,60,0,0.27098178767391606,0.2321202323208806,10.864830193690086,10.365955446026746,1.6580529119907526,0.02492336323256983,0.08344045375088771,0.03325390646173898,0.21312736211730265,0,-0.0036979269739609855,0.0004927592618666488,16.0,0.08431261345322749,0.08898974908309733,0.7970976595175808,-0.0019923837769437736,False,1,30.833333333333336,825
1005862,HTFL,"HeartFlow, Inc.",Health Care,Health Care Technology,screen,4225764231.9799995,4218529231.9799995,0.47801544860368406,,2025-08-08,,ev_sales,20,,-0.056433444617359316,-0.12528630205573385,-244.2175095973798,259.4768155463334,,0.23622748624734258,,0.18942353243573584,0.027281123281965636,,,0.0774036053071947,6.0,-0.008445842723278597,-0.0017964943345029746,2.066160182945144,3.0145873911487078,False,0,,
1000685,HTGC,HERCULES CAPITAL INC,Financials,Asset Management & Custody Banks,screen,3380834380.0000005,5665631380.0,-0.001735660509935566,-0.10169066147244343,2023-10-01,,,,,,,,,,0.08868831544817235,,-0.07165881514151173,,,,-0.013400299835810259,,,,,0.10563535527116019,False,0,,
1003307,HTH,Hilltop Holdings Inc.,Financials,Specialized Finance,screen,2198043500.0,,0.15141758025256258,-0.05353103794923353,2023-10-01,,,,,,,,,,0.015389104963352995,,-0.012223973124451337,,,,,,,,,-0.060977857310345995,False,0,,
1000687,HTLD,HEARTLAND EXPRESS INC,Industrials,Trucking,screen,901366680.0,973871680.0,0.3956014506013006,-0.281978158948217,2023-10-01,0.35,ev_ebitda,60,0,0.250838051222591,0.08594220615708197,4.829477038682088,4.323605053563527,0.5003579745864499,0.08155185199916337,0.18937611044437563,-0.19984492822092514,-0.1909654415191009,0,0.04178171566173017,0.01630711752507552,2.0,0.07375128220594816,0.08414796464479578,0.3296624210698283,-0.00913635803955326,False,0,48.791079812206576,206
1004390,HTO,H2O America,Utilities,Water Utilities,screen,2580484739.0,4367873739.0,0.30659233769606864,-0.05141635783415144,2023-10-01,0.48333333333333334,ev_ebitda,60,0,0.4061667893422817,-0.1507309659576739,11.778080482995863,9.973523334289432,5.437510120396215,0.08201650454515752,0.13389263828089093,-0.019219366107944724,-0.13879445033702498,0,-0.0678729755163946,-0.04367091560814129,4.0,-0.09151925419090695,-0.0745972249989032,-0.6368222210544184,0.1491004229843258,False,0,,
1000727,HTZ,HERTZ GLOBAL HOLDINGS INC,Industrials,Passenger Ground Transportation,screen,723140000.0,18809140000.0,-0.7544117647058823,-0.8636734693877551,2023-10-01,0.5666666666666667,ev_ebitda,60,0,0.2879640239648606,-0.44410927542771866,6.837049361885104,6.859675482269545,7.042008685019453,0.03813463048423604,0.0007678341172703274,0.06600775703790096,-0.04880011245134741,0,0.06429274565815213,0.014437683166875548,6.0,-7.367499012084023,-7.54982237208839,-1.9366103457543713,0.08380335213911816,False,0,,
1000728,HUBB,HUBBELL INC.,Industrials,Electrical Components and Equipments,screen,24796638000.0,29774538000.0,0.0669849359988568,-0.18190729250855198,2023-10-01,0.36666666666666664,ev_ebitda,60,0,0.2584745849984027,0.22266441234332712,15.152935809537027,14.120037302191704,3.0371914291963416,0.08152294921178305,0.10936611906847715,0.1639053230576708,0.22623063167302226,0,0.10305238107517112,0.10195927751604605,9.0,0.06051424338488797,0.06697202346546616,0.7636637251036069,-0.007642015614390707,False,0,23.97887323943662,1023
1000729,HUBG,HUB GROUP INC,Industrials,"Delivery, Air Freight & Logistics",screen,1819039950.0,1927597950.0,-0.12948985566089544,-0.43132617745660284,2023-10-01,0.26666666666666666,ev_ebitda,60,0,0.0897959902262213,0.048119740143597725,5.238959558704761,4.642210784055727,0.3443063643552483,0.06978790254582035,0.15696418897816766,-0.006408537169471429,-0.09523767815684137,0,-0.011991911984178816,-0.0017872119248122376,5.0,0.1061382819017397,0.11745224051297129,0.5247384410489888,-0.014330280857870359,False,1,,
1000730,HUBS,HUBSPOT INC,Technology,Application Software,screen,11010280950.0,9909251950.0,-0.5618212911500642,-0.7499359529589733,2023-10-01,0.05,ev_ebitda,60,1,0.27303020434568614,0.0082910588203391,8.642214328630521,7.336409603086988,-1.2528373112168767,0.13609691336736418,0.2037309680998678,-0.001748494998835004,0.10109288945206751,0,0.04193096347103853,-0.018366145810065015,26.0,0.006823414386047391,0.01894449356060586,0.06552157218098587,-0.02976243767940201,False,1,44.636150234741784,310
1003256,HUM,HUMANA INC,Financials,Life & Health Insurance,screen,45973155200.0,53678155200.0,0.4826054780699853,-0.2465482050530865,2023-10-01,0.8166666666666667,ev_ebitda,60,0,0.0246399498424628,0.02557713477861788,13.046098154755663,9.124647535836992,2.495708414949374,0.04776000259464053,0.4630980244337872,0.15984102070976425,-0.16061721744407997,0,0.04752213550671236,-0.006740915312317242,16.0,0.07485608345324256,0.1156792338812877,0.8364008618535757,0.0010359158435868654,False,0,,
1000034,HUN,Huntsman Corporation,Materials,Diversified Chemicals,screen,1508580000.0,3249580000.0,-0.03593821964888655,-0.6421535367316727,2023-10-01,0.25,ev_ebitda,60,0,0.07000290610809726,0.03647853377978363,7.382195010243401,6.146947409685476,4.865255440375915,0.028380224391897135,0.1712567983868143,-0.004007625609452337,-0.11425128990096234,0,-0.010954838915943843,-0.002968899049818119,11.0,0.09812853519032158,0.13181722525712594,0.3362961861039072,0.003835745824158021,False,1,27.593896713615024,937
1002926,HURN,HURON CONSULTING GROUP,Industrials,Research & Consulting Services,screen,2759898540.0,3561482540.0,0.06854261770116521,-0.1549197111757732,2023-10-01,0.25,ev_ebitda,60,0,0.15072049758491907,0.14773154766125043,11.271725873111837,,3.0027239057660666,,,0.006207536655279178,0.017940736901157273,,,,5.0,0.09607844354192073,,0.8392255054926611,-0.05489770376687053,False,1,,
1005206,HUT,Hut 8 Mining Corp,Technology,Application Software,screen,10232212433.68,17637074433.68,1.4734271760988218,-0.35272891294542186,2023-12-01,,ev_ebitda,34,,0.5599208248539904,-7.393851655301025,53.62040687539704,16.404158889100515,,1.1464869237800093,,-0.04278473006109973,0.31343860806406765,0,-0.190440807568224,-0.11029057760905159,11.0,-0.4622340700482135,-0.3845529607858123,-14.37921106153575,0.09031891957880012,False,0,,
1000669,HWC,Hancock Whitney Corp,Financials,Diversified and Regional banks,screen,5861216050.000001,,0.18397203577118737,-0.09100492400630034,2023-10-01,,,,,,,,,,0.0578955152427616,,0.048676436599288,,,,0.010759827943913391,,,,,-0.0329690072401948,False,0,,
1000332,HWM,Howmet Aerospace,Industrials,Aerospace & Defense,screen,91861020000.0,95799020000.0,0.15502678184435936,-0.22713138561421486,2023-10-01,0.5666666666666667,ev_ebitda,60,0,0.33291049521954735,0.26786596622022724,25.08282039482345,22.166090786190853,1.2917611804687785,0.11960005131521356,0.1516441932209831,0.17023436275044146,0.27899353467767884,0,0.054180484307157606,0.04124560547303857,17.0,0.031478511707447906,0.036982534316322674,0.7571130924228784,-0.01053804426901428,False,0,29.565727699530516,869
1000105,HXL,Hexcel Corporation,Industrials,Aerospace & Defense,screen,6635610000.0,7532810000.0,0.3494227354787538,-0.23770129475425417,2023-10-01,0.6666666666666666,ev_ebitda,60,0,0.20345092828009143,0.15196860127919223,16.083072326450893,14.037597386049091,2.348187651868674,0.09467586424564356,0.15996959251491516,-0.003899797153554818,-0.027889954971735076,0,0.01054439593561951,0.008407991466094833,14.0,0.04639907746674516,0.05681923614710079,0.6573583749387296,-0.03951855285924066,False,0,30.082159624413144,853
1004848,HYLN,Hyliion Holdings Corporation,Industrials,Electrical Components and Equipments,screen,751239203.36,741119203.36,1.1167512690355328,-0.48518518518518516,2023-10-01,0.7027027027027027,ev_sales,37,0,-1.558252065055353,-2.2218494587453406,-14.679299966534753,-15.345319355050645,,1.5884791817833,,-0.45830856850515733,-0.07417575169357005,,,-0.04775900073475381,1.0,-0.08999304644129835,-0.09020029952439088,1.339073686294075,0.00958838276048568,False,0,,
1006559,HZO,MarineMax Inc,Consumer Services,Automotive Retailers,screen,1211848249.6299999,2008086249.6299999,1.0647453612317412,,2025-07-09,,ev_ebitda,15,,0.061309969504385615,0.00662507533961825,14.321863087343994,12.742527106268618,6.917528931417407,0.042606859739169556,0.17043581294142918,-0.09597125363525683,-0.12717781794152094,0,0.03020655675710726,-0.03964548703589921,7.0,-0.03594315191003624,0.07251787931522152,-0.310657293053815,-0.005176050359136264,False,0,,
1000212,IART,INTEGRA LIFESCIENCES HOLDINGS CORP,Health Care,Health Care Equipment,screen,1257723120.0,2915607120.0,0.13607815771109566,-0.6398230088495576,2023-10-01,0.3333333333333333,ev_ebitda,60,0,0.2111592675282195,0.18182120238316127,8.009210214860992,7.64871169435888,4.903066543297225,0.030471824076696574,0.051165548922112114,-0.047270386287296406,0.010764850434156648,0,0.018520512171651182,-0.005567296372059216,9.0,0.1888798862318003,0.22103706045295335,0.6525765255642633,0.006110850146523683,False,1,33.67370892018779,695
1003475,IBKR,Interactive Brokers Group Inc,Financials,Investment Banking & Brokerage,screen,38622054025.92,31433054025.92,0.24662804032825747,-0.12927078609565035,2023-10-01,0.65,ev_ebitda,60,0,0.7915872897012354,0.7825629340268785,4.571919255126685,3.9922965926253853,-1.2788762441682409,0.15751447827544762,0.15799297497587506,0.2788839891527519,0.3246936697016338,0,0.10403072060320806,0.08982191571231701,10.0,0.17598397450542308,0.20075250002946815,0.9885996708237155,0.01766782960139035,False,1,,
1000115,IBM,INTERNATIONAL BUSINESS MACHINES CORPORATION,Technology,IT Consulting & Other Services,screen,215083546000.0,268938546000.0,-0.20028534492258931,-0.3271947777425853,2023-10-01,0.38333333333333336,ev_ebitda,60,0,0.2948728472359073,0.2849079741143889,12.5149984781005,11.88564665781781,2.707077940874084,0.04493705166244655,0.059924875588420745,0.0072956382369058215,0.017658607219863454,0,-0.02261261305593054,-0.02347977866798423,12.0,0.08783694774873095,0.09335679596181894,0.8791483645334035,0.008989874352629545,False,1,24.847417840375588,1008
1000731,IBP,INSTALLED BUILDING PRODUCTS,Industrials,Building Products,screen,5147290248.599999,5814990248.599999,-0.21169251309835802,-0.4358352071440059,2023-10-01,0.38333333333333336,ev_ebitda,60,0,0.1677558110994018,0.13214489373869845,11.097336299399492,10.01810260233573,1.350265879529166,0.048394521994139295,0.09227037826193896,0.023753186150171635,0.031486959505851786,0,0.010471708574793182,0.009821549108102845,13.0,0.07249043176658589,0.08233645515658376,0.7120805135605586,-0.02744566163925466,True,0,,
1000806,IBRX,ImmunityBio Inc,Health Care,Biotechnology,screen,9744649600.0,9425989600.0,2.83739837398374,-0.18268398268398278,2023-10-01,,ev_sales,25,,0.024469788725354068,0.007213226220169867,872.5858056939627,22.064306246738084,,1.0184776154945205,,0.04865461537301963,-1.372900783709169,0,-0.9113740284475257,-0.023321666557145515,2.0,-0.005462184373457033,0.040531269366630436,-4.927354065581011,0.22850052813540334,False,0,,
1006696,IBTA,"Ibotta, Inc.",Consumer Services,Advertising,screen,929363627.84,781266627.84,0.41472172351885095,-0.6414922656960873,2024-04-18,,ev_ebitda,34,,0.16505638166666453,0.10713944353738865,12.26893605204822,9.678424282950544,-2.6775779117118126,0.09570583566338997,0.2365120005005883,0.042530176773595274,-0.030602753734676247,0,0.08689673396493158,0.02319071223018998,8.0,0.053637789422097966,0.06996086092212736,0.782824071969987,-0.0539279202615337,False,0,51.02112676056338,164
1000732,ICE,INTERCONTINENTAL EXCHANGE INC,Financials,Securities exchange,screen,85732020000.0,104511020000.0,-0.08561969300910977,-0.18294856477398613,2023-10-01,0.06666666666666667,ev_ebitda,60,0,0.674034548550665,0.5968098741982555,13.240157748568855,12.104253585755213,2.604795829482818,0.06582514566072817,0.0783309700721102,0.04287200055636409,0.0305831029740693,0,0.004661420135078975,0.01192860118798289,8.0,0.07297277928556822,0.08095460060757648,0.7925652323375431,-0.009458407763479726,True,0,,
1003105,ICFI,ICF International Inc,Industrials,Research & Consulting Services,screen,1533538560.0,1835865560.0,-0.09758017352750303,-0.5222877156049698,2023-10-01,0.16666666666666666,ev_ebitda,60,1,0.11370518695881622,0.08633970069895554,7.992572941521754,7.291616408028832,1.4249298563090225,0.06685532807378958,0.0851273608611891,-0.06500595344747462,-0.09525940885788231,0,-0.0027665157532393847,0.004303198363762029,4.0,0.0964221384485025,0.1091029408960798,0.6437499276533591,-0.020707750012548654,False,2,36.678403755868544,566
1003383,ICHR,"Ichor Holdings, Ltd.",Technology,Semiconductor Equipment,screen,2268166391.92,2132268391.92,2.530821917808219,-0.44905593159957247,2023-10-01,0.5,ev_ebitda,60,0,0.11301009809962638,0.06572154623589427,11.360691068359824,12.194863574740829,-1.5585966033590994,0.1701000648716433,0.3160060257300541,0.5504154471055198,1.6718375542227077,0,0.25988262273540275,0.16494355011817485,5.0,0.045663241211353685,0.058218180758002246,0.5518290088687008,0.05330204205798861,False,0,,
1000388,ICLR,ICON PUBLIC LTD CO,Health Care,Life Sciences Tools & Services,screen,12522560442.6,13704958442.6,-0.028628571428571337,-0.5089832466782207,2023-10-01,0.2833333333333333,ev_ebitda,60,0,0.16944980240259716,0.13987889999334388,9.564913565808954,8.84999617770028,0.8589293231129874,0.047609424889199836,0.08091292550586915,-0.0072392986449155705,-0.16415734483711453,0,-0.0016226963608262368,0.01348247711643591,12.0,0.07974763684898038,0.08949509718308779,0.6969703225877877,-0.03676139007759194,False,0,37.73474178403756,530
1003443,ICUI,ICU Medical Inc,Health Care,Health Care Equipment,screen,3936415920.0,4869315920.0,0.3380293431143715,-0.14284951404464385,2023-10-01,0.36666666666666664,ev_ebitda,60,0,0.20161101168772347,0.15590759608286753,10.594403363360833,9.9417296678457,2.2228107125779406,0.042238897695732414,0.07356590535966734,0.029833470230276937,0.010943257117921767,0,0.013697279973718057,0.006635357636253891,6.0,0.07400410062225656,0.08225441312049221,0.6338190907278057,0.015487135171685207,False,0,33.22769953051643,714
1003479,IDA,"IDACORP, Inc.",Utilities,Non-Renewable Electricity,screen,7546215940.000001,11470357940.0,0.014833660073858335,-0.1489444895754578,2023-10-01,0.47619047619047616,ev_ebitda,42,0,0.41630795517234714,-0.2554428234558604,13.002648303214984,11.081396281146976,5.51128214604045,0.10204489074081913,0.1854364724949249,-0.07026026619415315,-0.1156008964183729,0,0.026597485831908907,0.025515753490058968,3.0,-0.0951979219632208,-0.0538316671779966,-0.81435082828087,0.040162101490546664,False,0,,
1003654,IDCC,"InterDigital, Inc.",Technology,Application Software,screen,10398798630.0,9737007630.0,-0.04691457293519019,-0.17194232944960286,2023-10-01,0.7058823529411765,ev_ebitda,51,0,0.6082643574485146,0.521677956747419,21.707822970566895,15.904645567755109,-1.3153520679430162,0.10295470712142873,0.1357166701281416,-0.1302221973710186,0.07536765319256222,0,0.08328429683693628,0.04563059266693914,3.0,0.03977582422471987,0.05887329550498394,0.9221320502667393,0.07906385254173687,False,0,,
1000733,IDXX,IDEXX LABORATORIES INC,Health Care,Health Care Equipment,screen,41063788000.0,41835719000.0,-0.1826605518946922,-0.31889445400949534,2023-10-01,0.0,ev_ebitda,60,0,0.36140691818501425,0.3087668445818236,22.53382400782213,20.316524062687623,0.47092457144903754,0.08814268907133904,0.1059100639299968,0.030489964517520285,0.04736271182735807,0,0.004735921482860617,0.005131276608044022,9.0,0.03775804869185356,0.04265953278857793,0.8351340905086448,-0.020549777570002647,False,0,32.593896713615024,740
1004510,IDYA,Ideaya Biosciences Inc,Health Care,Biotechnology,screen,3480843500.1200004,2681195500.1200004,0.41198088937890476,-0.18480797793337578,2023-10-01,0.3,ev_sales,60,0,-3.296316395355824,-3.394980071553281,-6.501584956120056,-9.452137479943355,,1.7134256246475723,,-0.21097598279709995,0.5070095650754671,,,-0.01697762620685095,7.0,-0.1133564908719774,-0.08290740772052206,0.9568010668256484,0.08285708155935811,True,0,,
1005411,IE,Ivanhoe Electric Inc,Materials,Diversified Metals & Mining,screen,1583523570.0,1361831570.0,-0.2095617529880479,-0.5020080321285141,2023-10-01,0.7906976744186046,ev_sales,43,0,-12.78095306192261,-138.04027053259844,-26.743548198573208,12.502208656350069,,2.847995868165192,1.1094609554397996,-0.2591185442127545,-0.21322786998697285,,,-0.2933585422349607,3.0,-0.3636026848888075,-0.47641540030087737,11.306996101580134,0.15080282699316006,False,0,,
1000734,IEX,IDEX CORP,Industrials,Machinery Tools and Components,screen,17054870000.0,18292470000.0,0.42153463164056637,-0.05213703642108769,2023-10-01,0.31666666666666665,ev_ebitda,60,0,0.27541416069373875,0.23728711634130353,16.97913028661466,15.752323865717914,1.2578712314310796,0.054448451725025215,0.075926556433217,0.050657192560881636,0.052850660017905726,0,0.0447646635133756,0.03056572619799347,9.0,0.05079651381024002,0.056585303559144866,0.8041284176211095,-0.012310658087740234,False,0,31.02112676056338,817
1000735,IFF,INTERNATIONAL FLAVORS & FRAGRANCES INC,Materials,Consumer Chemicals,screen,21361840000.0,25527840000.0,0.3867151814164431,-0.18170880335639095,2023-10-01,0.8333333333333334,ev_ebitda,60,0,0.2169575250456968,0.1464078729354721,15.002663610748414,13.972511071869627,2.414941538267928,0.024513048930363324,0.06684447593135534,-0.2971569253812094,-0.24980405270955874,0,-0.2154449342332343,-0.26008738523066743,12.0,0.04631154892749748,0.05181257849477434,0.5814096917311931,-0.0026536263075926936,False,0,29.42488262910798,873
1006645,IIIV,I3 Verticals Inc,Technology,Application Software,screen,403660095.86,515289095.86,-0.574245224892175,-0.5826034430685594,2023-10-01,0.18333333333333332,ev_ebitda,60,1,0.2462744817858616,0.22233388554387465,9.140973002026263,7.5250071897854,2.1836175437219056,0.05185789653910833,0.15753215243117435,-0.07663373283956887,-0.13319164916740167,0,-0.09620195167624856,-0.05389097606516324,3.0,0.1071754280647324,0.15566851129188822,0.7674542927840551,-0.07213585224891828,False,2,,
1004324,IIPR,Innovative Industrial Properties Inc,Financials,Industrial REITs,screen,1529604648.0,1933903648.0,0.13435721705336445,-0.508422870828624,2023-10-01,0.2978723404255319,ev_ebitda,47,0,0.7385728668537592,0.7385728668537591,10.00352756396893,9.672332709646524,2.079575748250481,0.0151015941432191,0.01768828765139685,-0.01377799061629359,-0.15765285675630514,,,-0.08120790220205609,2.0,0.13369200397496755,0.1406383044067756,1.0577985523360256,0.010854002428980047,True,1,,
1000215,ILMN,ILLUMINA INC,Health Care,Life Sciences Tools & Services,screen,40655160000.00001,41478160000.00001,1.88175213225229,-0.0008032128514054993,2023-10-01,0.6333333333333333,ev_ebitda,60,0,0.300445165333343,0.2514650304735656,28.136875766387988,25.657379112704493,0.635528110579401,0.05549745659224525,0.10504515112535606,0.06857350359161662,0.0783724208064338,0,0.01904586634555372,0.01721555466402558,13.0,0.02894536367328941,0.0320535627793549,0.798272329420414,-0.01931964272500475,False,0,28.345070422535212,906
1005247,IMNM,Immunome Inc,Health Care,Biotechnology,screen,2366271528.59,1850863528.5900002,0.8368915456874466,-0.27879295892707456,2023-10-01,0.0,ev_sales,37,0,-6.379406354743358,-6.506890163987382,-6.049489650401744,-9.701690449242594,,19.547085950608444,,-0.3530617124545786,0.2928701358247028,,,-0.17470415459113442,6.0,-0.1263058952165067,-0.10115872313855219,0.976860479702555,0.4082574842397968,False,0,,
1004830,IMVT,Immunovant Inc,Health Care,Biotechnology,screen,6916601801.45,6118875801.45,1.095533498759305,-0.24866548042704628,2023-10-01,,ev_sales,22,,,,-9.89148262608892,-9.413040446080156,,,,-0.9985588414315899,0.12799779703155667,,,-0.9882807988672161,12.0,0.003081564677051633,0.005589215613020288,-0.034455123832573695,0.14931730774530894,False,0,,
1006504,INBX,"Inhibrx Biosciences, Inc.",Health Care,Biotechnology,screen,1534465170.0,1577406170.0,1.9714964370546317,,2024-05-29,,ev_sales,11,,-3.0390841803931012,0.0,-9.602941781490223,-12.400357371752696,,,,2.3236072669113397,-0.00883849787913571,,,,1.0,-0.017207786048285233,-0.0069336310670060994,0.1607469692485266,0.015305976134051047,True,0,,
1000399,INCY,INCYTE CORP,Health Care,Biotechnology,screen,24390422240.0,19887361240.0,0.43084541917226726,-0.06603555760794289,2023-10-01,0.6833333333333333,ev_ebitda,60,0,0.31938018197956897,0.2766231267846391,9.96135467203496,9.499037230595896,-4.57348420308428,0.05161608037891252,0.6409488378095083,0.07588215998664372,-0.021019152475413305,0,-0.02891676264592813,0.01384953205179773,17.0,0.07728346109231994,0.08819379873343271,0.9441633171030261,-0.006068096277097701,False,0,42.10093896713615,380
1003290,INDB,Independent Bank Corp,Financials,Diversified and Regional banks,screen,3794698272.15,,0.15909905956556591,-0.10213511727329061,2023-10-01,,,,,,,,,,0.05285180154825553,,0.006933216574295686,,,,,,,,,0.05941015496813162,False,0,,
1001140,INDV,"Indivior Pharmaceuticals, Inc.",Health Care,Pharmaceuticals,screen,4387120000.0,4652120000.0,0.4869348817917878,-0.14295959837437244,2023-10-01,,ev_ebitda,8,,0.5304855096338461,0.5280559776929697,6.297354283336343,5.914797802995392,0.426177634299456,0.04878383012729537,0.07062836995246768,0.06141548957698184,0.015776831155794646,,,,2.0,0.15977980402683087,0.17066078889417693,0.948874151741354,-0.028474289307405032,False,1,46.39671361502347,261
1005753,INGM,Ingram Micro Holding Corporation,Technology,Technology Distributors,screen,6453760461.26,9440216461.26,0.2646109825724192,,2024-10-24,,ev_ebitda,30,,0.026549407848320633,0.018878261942278256,5.902232116565483,5.3032225875332815,2.0615596303718586,0.042556935016373476,0.09715127911781463,0.11114386934087572,0.03926484642506689,0,0.023910037471447154,0.033259011064765254,13.0,0.14183259490134667,0.1433570114826068,0.5722993108615015,0.01824464143021154,False,1,34.75352112676056,655
1000736,INGR,INGREDION INC,Consumer Goods,Packaged Foods & Meats,screen,6064749000.0,6895749000.0,-0.19131975512657728,-0.3565869587979177,2023-10-01,0.05,ev_ebitda,60,0,0.1723874581607818,0.10987887647064909,5.475199084124998,5.308243174910839,0.6944945646818038,0.013981830257770778,0.04977122202856288,-0.06422701142758291,-0.10041433565308089,0,-0.0316917518153923,-0.023883085656406844,5.0,0.12716569318217058,0.1443754081058816,0.6123521748071822,-0.021058500565417138,False,1,44.96478873239437,297
1005124,INNV,InnovAge Holding Corp,Health Care,Health Care Services,screen,1206989898.4,1113710898.4,0.7054263565891474,-0.2733278282411229,2023-10-01,0.15789473684210525,ev_ebitda,57,0,0.10275302228982569,0.08784254340915833,10.074583806482229,9.18826172459836,-0.9456365374073908,0.08355526304276961,0.13211505411781843,0.053364667406429867,0.3779165016203394,0,0.17791879632222884,0.03638143199593813,2.0,0.07635750118750333,0.09862604116119118,0.8337003568438507,-0.0007493892650848322,False,0,,
1005689,INOD,"Innodata, Inc.",Technology,IT Consulting & Other Services,screen,2498296350.0,,-0.14674970805760978,-0.4587654320987654,2023-10-01,,ev_ebitda,23,,0.22888122623187226,0.07008879654629908,,,,,,0.3736389776601319,0.19580260971617824,,,-0.04508298615633499,1.0,0.013342543106678718,,0.3387424271982007,,False,0,,
1000737,INSM,INSMED INC,Health Care,Biotechnology,screen,23602253680.0,22985454680.0,-0.20741615165613492,-0.46010122510761076,2023-10-01,,ev_ebitda,5,,0.10315484917784952,0.026417318997978032,77.34222257491314,21.224973588136987,,0.4713718528510389,,0.38209186397365924,-644.1409970969377,0,1.547404697002499,0.06008820852383723,16.0,0.0002579889817508891,0.03410532606585994,0.020488878235884043,0.1898757980025063,False,0,,
1004144,INSP,Inspire Medical Systems Inc,Health Care,Health Care Equipment,screen,2048433079.88,1756842079.88,-0.06522911051212943,-0.723874358055655,2023-10-01,0.3611111111111111,ev_ebitda,36,0,0.20069331811877175,0.1493914142368275,9.84081773672547,8.694211201362192,-1.6867935492288364,0.05300997177036981,0.11119201099138665,-0.24836263658607527,-0.10945443640639319,0,0.046200375094690216,0.008378821234973577,12.0,0.07289884742619186,0.0921584882181257,0.8364517721858834,-0.020058369939738974,True,0,69.56572769953051,59
1003685,INSW,International Seaways Inc.,Energy,Oil & Gas Storage & Transportation,screen,5713676949.0,6207045949.0,1.7866862677735833,-0.0090868196131354,2023-10-01,0.9666666666666667,ev_ebitda,60,0,0.7149454690478337,0.7212446133423546,9.535790993562843,11.07701833681769,0.5509657252788298,-0.2069534424349886,-0.2642732996652104,-0.014931756641309302,0.1289756836809859,0,0.12471042646604791,0.009174806784193024,5.0,0.10793139745536413,0.06015010608938282,0.9474040679568848,0.0012105644923534609,False,1,35.575117370892016,614
1005144,INTA,Intapp Inc,Technology,Application Software,screen,2930403630.0000005,2767590630.0000005,-0.11466992665036668,-0.511336032388664,2023-10-01,0.3,ev_ebitda,60,0,0.23048446279584722,0.2653634745725953,18.21427217919118,14.902322524711629,-1.225105508392058,0.14744520244881087,0.212210100441526,0.020956051585127033,0.1984573014346498,0,0.035173648806982705,0.0032276652010101436,5.0,0.05956181548212357,0.07053803679783244,1.1486966140910682,0.0075065034615817705,False,0,48.791079812206576,206
1000036,INTC,INTEL CORPORATION,Technology,Broadline Semiconductors,screen,612480000000.0,633290000000.0,2.5836065573770495,-0.14694196111820623,2023-10-01,0.8666666666666667,ev_ebitda,60,0,0.38819609544876443,0.023592868620346055,22.57660751607725,17.742473618590136,1.007746644136076,0.15081447732839304,0.2552798331488584,0.2870395208659502,0.28413535353418395,0,0.16134359334343662,0.11672015618931764,19.0,0.0022265329753343864,0.013868654072013934,0.04861576185639498,0.0941951329434656,False,0,,
1000043,INTU,INTUIT INC.,Technology,Application Software,pipeline,76916160000.0,76136160000.0,-0.5917363237366287,-0.6546807030592168,2023-10-01,0.23333333333333334,ev_ebitda,60,0,0.4188683711389652,0.4260952084563395,7.766608652006886,7.091581216571481,-0.08448798955045453,0.09007398659107291,0.08487302317769663,-0.017794070043235855,-0.027478871935276428,0,-0.04337567853069646,-0.020487178153025365,20.0,0.1284387397765211,0.1415428873979932,1.0077529615720247,-0.01195526702168126,False,1,46.53755868544601,260
1003295,INVA,Innoviva Inc,Health Care,Pharmaceuticals,screen,1508801550.0,1196867550.0,0.16219178082191776,-0.12499999999999989,2023-10-01,,ev_ebitda,21,,0.4042893756585984,0.41232839204159655,6.130250316656,6.316887138108594,-1.6477807053442273,0.05137313720543246,-0.009598056774447472,0.035761277387123425,-0.20005085832288416,0,-0.09501676981903451,-0.01604007621546988,2.0,0.15555690982755416,0.15505319088065533,1.2021358389065961,0.05279108394688459,False,1,48.83802816901409,205
1003453,INVH,Invitation Homes Inc.,Financials,Residential REITs,screen,15641942025.599998,24092847025.6,-0.06140061843683087,-0.23684630823117558,2023-10-01,0.016666666666666666,ev_ebitda,60,0,0.5136292505040325,0.43452463603487845,15.420315797267213,14.679869636169819,5.497984110440777,0.029718143851962253,0.03494759731779373,0.05010403970741084,-0.05542876557459697,0,0.0019443657247601998,0.002261242884885828,15.0,0.060342439974001676,0.06436579928008095,0.6041136986192908,-0.014654166540173708,True,0,,
1005720,INVX,"Innovex International, Inc.",Energy,Oil & Gas Equipment & Services,screen,1913282839.68,1716311839.68,0.4573894282632147,,2024-09-09,,ev_ebitda,15,,0.2193854773078363,0.17017667152997829,6.829379789514908,6.148442200655058,-0.9605026560112231,0.08063382861363944,0.1511697720699412,0.013744742280878297,-0.0007435873019165928,,,,4.0,0.10142988555963244,0.10641774340626992,0.7722006776321402,0.17623764534376174,False,1,51.913145539906104,151
1006697,INWK,InnerWorkings Inc,Industrials,Diversified Support Services,screen,,,,,,,,,,,,,,,,,,,,,,,,,,,False,0,,
1005116,IONQ,"IonQ, Inc.",Technology,"Technology Hardware, Storage and Peripherals",screen,16173391377.640001,14108920377.640001,-0.28682926829268296,-0.4657083688634426,2023-10-01,0.041666666666666664,ev_sales,48,0,-0.7296590584893453,-1.0883424571150357,-24.097245132859097,-30.71840859702529,,0.7312319622991419,,1.5975974706490308,1.1966238716814002,,,0.9443283700708747,6.0,-0.049325264538683904,-0.05941937394073662,1.362523910321444,0.33498267903575396,False,0,,
1003107,IONS,Ionis Pharmaceuticals Inc,Health Care,Biotechnology,screen,7278436000.0,5249000000.0,-0.3174870070314889,-0.4838150289017341,2023-10-01,0.08333333333333333,ev_sales,60,0,-0.24681136423833025,-0.27396421564570567,-15.963037078907222,43.7190496972302,,0.43759571522493457,,0.0006923664273708052,1.659241971506066,,,-0.10461315817792949,17.0,-0.05795593640783495,-0.002780421282348765,1.2828472408340288,0.05945690882300769,True,0,,
1005324,IOT,Samsara Inc,Technology,Application Software,screen,23642205186.6,22882769186.6,0.023624161073825478,-0.37450787401574803,2023-10-01,0.1111111111111111,ev_ebitda,45,0,0.22643910765757286,0.09911898604680035,49.40626193496767,38.91020484480302,-1.8487835467833307,0.23009585167168223,0.38530322205117495,0.07499785293622052,0.3948008828750871,0,0.0655107598024871,0.017457092590857926,17.0,0.01062678716872745,0.016695076316012015,0.5424545813416671,0.04628656166070044,True,0,70.1056338028169,56
1003639,IOVA,"Iovance Biotherapeutics, Inc.",Health Care,Biotechnology,screen,6406189470.0,6111188470.0,5.829493087557604,-0.15168860904407544,2023-10-01,0.7636363636363637,ev_sales,55,0,-0.09484644331323376,-0.18708802764414842,-112.73625868776838,59.96940549767085,,0.39836451882159185,,-0.07464173129305518,0.03459089905930979,,,-0.2876096914562104,3.0,-0.015504724838088827,0.009578894121760235,1.8323219445016599,0.23955864239496583,False,0,,
1001282,IP,INTERNATIONAL PAPER CO,Materials,Paper Packaging,screen,17224635000.0,25715635000.0,-0.2497529198267281,-0.4111369630528118,2023-10-01,0.06666666666666667,ev_ebitda,60,0,0.1709851970427308,0.08824676032355948,5.814169969700371,5.539257425533269,2.6606559161927854,0.03212557934332261,0.20159922433296606,-0.06320763170206634,-0.10907025986187269,0,0.06665955705064297,0.008091515933164484,8.0,0.11011495844003291,0.12636973933657134,0.42883163682134484,0.22944920952539505,False,1,34.04929577464789,683
1000739,IPAR,"Interparfums, Inc.",Consumer Goods,Personal Products,screen,3582108100.0,3513606100.0,0.16616181787818318,-0.23284262495707786,2023-10-01,0.3333333333333333,ev_ebitda,60,0,0.18627862139324927,0.16358880143860433,11.901906159898175,10.983841530046758,-0.24124166992858434,0.056663498213403996,0.06870166717171688,-0.04254365596201193,-0.1332988821751907,0,-0.09539364408976703,7.763978397257176e-05,3.0,0.07162652740776379,0.08132905854968098,0.8691125742944112,-0.0010036647794644526,True,0,57.124413145539904,114
1000740,IPGP,IPG PHOTONICS CORP,Technology,Electronic Equipment & Instruments,screen,3590101580.0,2718782178.639823,-0.011491349917918892,-0.4913910727048275,2023-10-01,0.4,ev_ebitda,60,0,0.16247727341515203,0.04894932465349416,13.666672634063062,12.110695134092293,-5.74429768211531,0.10797973512947023,0.20440046604976336,0.17995773734045817,0.37933319546508737,0,-0.02658419432393966,0.012822363743155485,7.0,0.023607712404110352,0.0413734109895654,0.42603866960164843,-0.017503198173675516,False,0,,
1005644,IPX,IperionX Ltd.,Materials,Diversified Metals & Mining,screen,589874868.4857801,528628718.1524468,-0.6484067365219794,-0.7086798674039259,2023-10-01,,ev_ebitda,14,,-0.4381116595833665,0.0,-36.71896478602576,8.822529134289951,,9.729311460049853,,-0.4334378998965518,-3.056658970304976,0,-8.562836592749964,-0.3164476529993704,4.0,0.0009820987809653747,0.0003475322980492052,-0.040239700659205575,0.24145344703120286,False,0,,
1000408,IQV,IQVIA Holdings Inc,Health Care,Life Sciences Tools & Services,screen,43630501599.99999,57720501599.99999,0.4154469832578711,-0.022434732019489312,2023-10-01,0.6833333333333333,ev_ebitda,60,0,0.23554101602862051,0.20339967592666475,13.29550815852135,12.404250394522663,3.5206039315641857,0.06049120412790954,0.06882778444908699,0.024124470731204273,0.01345716322260948,0,0.01157042709497813,0.009769447413646493,15.0,0.06879894102737415,0.07596818386679965,0.6914277469089157,-0.042932652054617826,False,0,23.673708920187792,1031
1003547,IR,Ingersoll Rand Inc.,Industrials,Machinery Tools and Components,screen,29482637000.0,33077637000.0,-0.08999573231229774,-0.2859803609255276,2023-10-01,0.13333333333333333,ev_ebitda,60,0,0.27291164783166055,0.24954145628772093,14.261366550765716,13.31515025493657,1.683429508134869,0.04651040463674949,0.07507262817381477,0.008790041418371475,-0.045063117088084526,0,0.004623990195353533,0.024550177238255477,11.0,0.06353802058609526,0.06795092885028584,0.8076564614462947,-0.01935529822680715,False,0,28.251173708920188,910
1003519,IRDM,Iridium Communications Inc,Telecommunications,Telecommunication Infrastructure,screen,5192363160.0,6770023160.0,1.8002933821395062,-0.13754318282527234,2023-10-01,0.5333333333333333,ev_ebitda,60,0,0.5392392251904419,0.433244472830338,12.705827569236622,12.259900682235749,3.1933146201370266,0.05385948359315518,0.05767573665058445,0.04621340682648212,-0.022230813884804856,0,0.03757438482014308,0.05562053709954995,4.0,0.06625522266834594,0.07034268268176501,0.6456512269090842,-0.049814195714458,False,0,31.091549295774648,811
1000742,IRM,IRON MOUNTAIN INCORPORATED,Financials,Specialized REITs,screen,33337211820.000004,50482067820.0,0.1250061646970464,-0.15968669346707498,2023-10-01,0.48333333333333334,ev_ebitda,60,0,0.3713793928502988,0.1117489809991327,15.625497508705097,14.42358255835026,5.990510966610806,0.08722662713299689,0.08782038070431541,0.06741989543602411,0.06469913466363852,0,0.0047169713295320825,0.010044493458774673,7.0,6.381185099902306e-05,0.0062217399678670595,0.0006584568726451139,0.007363412101679456,False,0,,
1006814,IRMD,IRadimed Corporation,Healthcare,Medical - Devices,founder-led,,,,,,,,,,,,,,,,,,,,,,,,,,,True,0,,
1004975,IRON,"Disc Medicine, Inc.",Health Care,Biotechnology,screen,2460788789.65,1802382789.65,-0.009382566585956487,-0.30443098501753274,2023-10-01,,ev_sales,23,,-9.332435856434524,0.0,-5.550252642199291,-6.720033725055854,,,,-0.7348035841800551,0.5517320994502617,,,0.08056746769887746,10.0,0.01149771581825064,0.01434345933345294,-0.08712677328455441,0.19204376949409885,False,0,,
1002927,IRT,"INDEPENDENCE REALTY TRUST, INC.",Financials,Residential REITs,screen,3422542227.5,5819228227.5,-0.07358720807917996,-0.2936879975425547,2023-10-01,0.0,ev_ebitda,60,0,0.5640132709120531,0.39323999129522447,13.118630789547602,13.097403932915256,6.440183214496641,0.060652091129044905,0.08893126073518043,0.09209209267143637,0.08458869035083016,1,0.17496758237010934,0.1372446729771677,9.0,0.05987346358799528,0.06682718480060652,0.4619620675816048,0.023337041629567512,False,1,,
1003333,IRTC,"iRhythm Holdings, Inc.",Health Care,Health Care Equipment,screen,3652989750.0,3712811750.0,-0.33914762486191063,-0.3994187582562748,2023-10-01,0.0,ev_ebitda,55,0,0.15129902086274133,0.09758998193338464,23.9771234331276,17.920595219856324,0.5977020844660367,0.16917500894093918,0.36965189223955086,0.04398268349702561,0.03141932188891339,0,0.00018036098326090766,0.004178462227413471,8.0,0.028035873526059636,0.04146368281704048,0.6613885847774138,0.03163899074964993,False,0,39.77699530516432,462
1000464,ISRG,INTUITIVE SURGICAL INC,Health Care,Health Care Equipment,pipeline,143363052000.0,140725352000.0,-0.09078102989513226,-0.3338848390531576,2023-10-01,0.1,ev_ebitda,60,0,0.4411406618289751,0.35433224020944737,24.163544922171855,21.343040795123834,-0.5212086073096486,0.1222889365766584,0.11780985848146908,0.029637807870988242,0.06467760266015987,0,0.009459156421281367,-0.0023914366938411202,21.0,0.03493601534345343,0.03716236107180143,0.8600009122202029,-0.005818263733303186,False,0,38.65023474178404,498
1000743,IT,GARTNER INC,Technology,IT Consulting & Other Services,screen,12840480000.0,14331055000.0,-0.29037166660326397,-0.6619427328742298,2023-10-01,0.18333333333333332,ev_ebitda,60,1,0.25147723283964407,0.2419990379854759,8.522104110198923,7.989398541634228,0.9271498542544528,0.04763402718008658,0.05664318524904344,-0.08051663616409999,-0.020132767430013132,0,0.018442805880893864,-0.006180966465567428,12.0,0.11880872496327603,0.12922886960429947,0.90719002556355,-0.08107047080299601,False,2,39.14319248826291,481
1003332,ITGR,Integer Holdings Corporation,Health Care,Health Care Equipment,screen,4313071140.0,5529579140.0,0.22278138004451753,-0.12475755056802451,2023-10-01,0.8,ev_ebitda,60,0,0.2242932031220487,0.15927132306263522,12.77944400459639,12.016169505256213,3.2552205867313524,0.05624408880163112,0.12407129033500075,-0.1023478774921791,-0.07052208587571773,0,0.007055337990374166,0.002196314902765506,4.0,0.06263652069380533,0.07026731834444246,0.6243586436100157,-0.0060646752743273025,False,0,27.171361502347416,952
1000744,ITRI,ITRON INC,Technology,Electronic Equipment & Instruments,screen,3846993920.0,4677006920.0,-0.3068400770712909,-0.37624620719549196,2023-10-01,0.0,ev_ebitda,60,0,0.16566942229914783,0.1396793130067805,11.121785175999912,10.129068959848434,2.13958663226729,0.05794018382804422,0.08443287979267766,-0.040264709954921596,-0.03487002333724787,0,0.04322922637723958,0.009684771251848856,8.0,0.09296840157886459,0.10270216437057518,0.8504785285095109,-0.015460866143774954,False,1,32.429577464788736,749
1000745,ITT,ITT CORP,Industrials,Machinery Tools and Components,screen,18151274000.0,18418874000.0,0.13788940235227742,-0.08606395582403781,2023-10-01,0.38333333333333336,ev_ebitda,60,0,0.24347478463060784,0.1988955133294449,12.522215808829726,11.646973898970948,0.22063469311459852,0.07413361648443306,0.09045101204651318,0.41946035320998654,0.5550099760803002,0,0.053082144270277354,0.02233060431659961,11.0,0.058003739474496566,0.06445920263988515,0.7157827256040953,0.04205564365909087,False,0,37.89906103286385,519
1000245,ITW,ILLINOIS TOOL WORKS INC,Industrials,Diversified Industrials & Conglomerates,screen,74861080000.0,83716080000.0,0.011876766932793936,-0.1290606409984102,2023-10-01,0.05,ev_ebitda,60,0,0.29980804932470106,0.27202261498640923,16.005008146513504,15.245109170344353,1.8217042074354461,0.03566065158384779,0.05399270570332715,0.013739281051047936,0.020088321556428257,0,0.016719112395106928,0.01498439269985008,11.0,0.059249914122943684,0.06254506611179685,0.8479901910741854,-0.018905768137942536,False,0,24.706572769953052,1011
1005371,IVT,InvenTrust Properties Corp,Financials,Retail REITs,screen,2391767210.27,3411659210.27,0.08733021037465805,-0.17236790948165404,2023-10-01,0.2708333333333333,ev_ebitda,48,0,0.6211314481114084,0.03158032532858,14.941998019113045,13.988461840224073,5.1782865203394595,0.07947959144111127,0.11982651537255706,0.06504067220521859,0.11517489482372789,0,0.006362810144260322,0.007478739154497704,5.0,-0.018680580239322602,-0.01372067285002865,-0.1956826408701676,0.05324764221804812,False,0,,
1000746,IVZ,INVESCO LTD,Financials,Asset Management & Custody Banks,screen,13822848000.0,14531448000.0,0.35651423117043235,-0.09456619633743624,2023-10-01,0.8166666666666667,ev_ebitda,60,0,0.40279233404617876,0.38218085305100097,6.1363201975828785,5.71761451995583,0.35473750704442325,0.07516962207163536,0.09916553868389832,0.11963766051051472,0.15988978745646887,0,0.04051679200693803,0.05210371806626268,9.0,0.1683946150327097,0.18751009196541965,0.982935121002095,-0.0033401059023369095,False,1,,
1000297,J,"Jacobs Solutions, Inc.",Industrials,Construction & Engineering,screen,16620751420.0,19027213420.0,-0.08774092012421442,-0.16862596868045954,2023-10-01,0.4,ev_ebitda,60,0,0.1549925507541187,0.11752945916565363,12.138358399086188,11.21174400980965,1.6937173326885784,0.05972324016189323,0.09305893398751652,0.02635065949342441,0.07743018687480308,0,0.006852703991704123,0.0062356923192166125,10.0,0.06318325672496916,0.08139084607946463,0.6699423442569605,-0.029494585194487777,False,0,28.673708920187792,894
1005968,JAN,"Janus Living, Inc.",Financials,Health Care REITs,screen,7790551800.0,6232896800.0,0.26935810460262855,,2026-03-20,,ev_ebitda,14,,0.3224438271814446,0.32342647590017687,15.73286093581564,12.70967331796092,-5.870864636542802,0.25856925675660736,0.32305861284565873,0.2998209796253217,0.37889234671304006,,,,10.0,0.05037180841803312,0.058589202802363925,0.9905434492201501,0.13729985346071705,False,0,,
1006579,JANX,Janux Therapeutics Inc,Health Care,Biotechnology,screen,1067416523.2,117493523.20000005,-0.292962356792144,,2025-07-09,,ev_sales,15,,-27.889483111564527,-28.583872784019643,-0.5780780683232242,-0.47724306044892434,,-0.48532629179883313,,-0.7844889242320132,-0.21904276128415578,,,0.10459529893788022,11.0,-0.16484344169207002,-0.20794098052854054,0.8657214152282684,0.08717166966017453,True,0,,
1000747,JAZZ,Jazz Pharmaceuticals PLC,Health Care,Biotechnology,screen,16170894000.0,18322494000.0,0.7566009104704097,-0.11505236602706215,2023-10-01,0.5333333333333333,ev_ebitda,60,0,0.47969561181108206,0.4626882833211579,7.650242480317585,7.305102062071639,1.1926611994002028,0.0707882549856671,0.07785403861178142,0.04048579565004018,0.11860010698709944,0,0.045949652028821175,0.03083859437255687,12.0,0.13437482497217537,0.14318087412961597,0.9072825424105347,0.024216840965202824,False,1,45.24647887323944,289
1001060,JBHT,"J.B. HUNT TRANSPORT SERVICES, INC.",Industrials,Trucking,screen,21571276800.0,22712451800.0,0.6835638043954648,-0.24792099648709887,2023-10-01,0.5666666666666667,ev_ebitda,60,0,0.13904019100304468,0.07345641809896049,10.799161964264007,9.785439649574565,0.6619404885626324,0.092697071608427,0.14453234538890003,0.13812811849584983,0.1390410667534907,0,0.0537150630649752,0.0795991424692839,18.0,0.04853189093917982,0.055356487524647315,0.4977704378849606,-0.03991223887973239,False,0,35.26995305164319,634
1006454,JBIO,"Jade Biosciences, Inc.",Health Care,Biotechnology,screen,840669171.75,380092171.75,0.6280417149478563,,2025-04-29,,,,,,,-1.6285722484140817,-1.4769032874370744,,,,,0.7719115997269126,,,,5.0,0.014532064893963293,0.02120184812819514,-0.052344439655524495,8.005650355342029,False,0,,
1000124,JBL,Jabil Inc.,Technology,Electronic Manufacturing Services,screen,31780920000.0,33420920000.0,0.3224238824059089,-0.25596562282878543,2023-10-01,0.7666666666666667,ev_ebitda,60,0,0.08325312167847657,0.07435291209424802,9.001685461289656,,0.5791436975997237,0.17926436164561954,,0.3463326312834385,0.38329334247004443,0,0.11236560406460283,0.05552994228862129,1.0,0.09216467669934313,-0.012461316510649308,0.7889262414385461,-0.07262947528801322,False,1,,
1000239,JBLU,JETBLUE AIRWAYS CORP,Industrials,Airlines,screen,1559985000.0000002,8017985000.0,-0.1402439024390243,-0.47713226205191583,2023-10-01,0.65,ev_ebitda,60,0,0.07912433360156981,0.032867832013396665,8.96231725213931,5.6135019878965835,27.4943002244138,0.07366124136217889,1.6950380867319956,0.09455172296765424,-0.06588552775408463,0,0.006362803489694091,0.04182186277241251,12.0,-0.08385071995931354,0.2269432540038019,-0.14621175568898107,0.04193842485099353,False,0,,
1003520,JBTM,JBT Marel Corporation,Industrials,Industrial Machinery and Equipment,screen,5578092000.0,7164092000.0,-0.24601158213510854,-0.3721199914608898,2023-10-01,0.0,ev_ebitda,60,0,0.18089673789381294,0.13943929304567818,9.374557984107982,9.7281751143348,2.380592810850035,0.037567712008769405,0.034534994133383456,0.0455220255344313,0.07663946066040728,0,0.005968848206361788,0.0037483089060901253,4.0,0.09854019631131664,0.09456773616250443,0.7192646912606437,0.2736529996602317,False,1,25.62206572769953,993
1006488,JCAP,"Jefferson Capital, Inc.",Financials,Specialized Finance,screen,1178716000.0,2564110000.0,0.16036581421540075,,2025-06-26,,ev_ebitda,17,,0.5104363214918647,0.5104363214918647,6.932433210395199,,3.8277376142370123,,,0.061204767587477615,0.030866183753101017,,,,2.0,0.21945774742270036,,0.6993734439135236,0.0009998742493988466,True,1,,
1000254,JCI,Johnson Controls International plc,Industrials,Industrial Machinery and Equipment,screen,92579700000.0,101413700000.0,0.36828426505806333,-0.03679146147957357,2023-10-01,0.6833333333333333,ev_ebitda,60,0,0.19981681189129946,0.17011181927334013,18.309529851054982,16.287949054894085,1.848830295700819,0.07950888343644213,0.14177343390142672,0.06401379190343115,0.15832665177813277,0,0.04971981267833625,0.02376154532229169,13.0,0.047694178788153824,0.055406671347071265,0.797189756012487,-0.04923866876323635,False,0,27.875586854460092,927
1004150,JEF,Jefferies Financial Group Inc,Financials,Investment Banking & Brokerage,screen,10630446750.0,28257112450.575592,-0.279866523429949,-0.4164212148265972,2023-10-01,,,,,,,,,,0.07967835692991065,,-0.04501648270293945,,,,-0.008962554493696762,,,,,0.015321308091448493,False,0,,
1003846,JJSF,J&J Snack Foods Corp,Consumer Goods,Packaged Foods & Meats,screen,1454314680.0,1583121680.0,-0.17344389095406265,-0.5493811888533904,2023-10-01,0.08333333333333333,ev_ebitda,60,1,0.12029273728416043,0.06901279852584087,8.52865802828783,8.262208904971759,0.7328776265748539,0.018522014724675184,0.0442117140272853,-0.09017138221823173,-0.1272061691183921,0,-0.009702439329433932,-0.013216929230512209,3.0,0.0713350964885503,0.07730602718168177,0.5588921961139661,-0.01334377997589975,False,1,30.62206572769953,829
1003229,JKHY,Jack Henry,Technology,Payment Processing,screen,10194228480.0,10222172480.0,-0.023594370125664343,-0.24749778466225314,2023-10-01,0.03333333333333333,ev_ebitda,60,0,0.32403033065856296,0.2926278353780605,11.819906022019449,10.818714338339882,0.03382122128541502,0.07007665079530767,0.07802977730461835,0.01344886456701433,0.03864039436532729,0,0.01264455611063231,0.004871378309340146,14.0,0.0776172966032163,0.08511551810624268,0.9149212071348506,-0.006746482263261577,False,0,41.913145539906104,385
1000750,JLL,JONES LANG LASALLE INC,Financials,Real Estate Services,screen,14456184750.0,16335984750.0,0.024272495641678882,-0.22217979072786997,2023-10-01,0.21666666666666667,ev_ebitda,60,0,0.06091061227548838,0.045792803280606316,8.642672952791768,7.914460856048099,1.1215495608654016,0.07162923933123877,0.08597274576468039,0.0227867702907798,0.08046465817210513,0,0.040738129646154864,0.017508768195968916,8.0,0.0922201007279444,0.0921692713535586,0.7053132490410341,-0.015611630133151921,False,1,,
1000116,JNJ,JOHNSON & JOHNSON,Health Care,Pharmaceuticals,screen,631156266000.0,659434266000.0,0.45996174763588127,-0.04916855223934202,2023-10-01,0.8913043478260869,ev_ebitda,46,0,0.4062570158830576,0.3546921413162279,14.911651114431232,13.472932010631183,0.7050433458643455,0.07847750544413445,0.09454542452085879,0.0643915840046716,0.07280408807829453,0,-0.014153109085455862,0.00825037247167959,16.0,0.060908969850199134,0.06787403453444918,0.8693053972286477,0.0021993862843792122,False,0,34.237089201877936,673
1005205,JOBY,Joby Aviation Inc,Industrials,Airlines,screen,5780636428.36,4218684428.3599997,-0.6251548946716233,-0.7032859244727807,2023-10-01,0.0,ev_sales,53,1,-3.0539282453977803,-3.873044675903507,-6.296320779058653,-7.9752497093475805,,0.8781362754852022,,0.5958275739698125,0.26246747233142376,,,-0.05197692933743281,6.0,-0.14340570455232116,-0.1293271920813903,1.237234121784604,0.1817934428586805,True,1,,
1000751,JPM,JPMORGAN CHASE & CO,Financials,Diversified and Regional banks,screen,897653556000.0,1825713556000.0,0.06888696472728828,-0.09406320170874638,2023-10-01,,,,,,,,,,0.03728565725235233,,0.10397087454708887,,,,0.03659670992285213,,,,,-0.034701544311365295,False,0,,
1005214,JXN,Jackson Financial Inc,Financials,Life & Health Insurance,screen,9101410749.599998,5884410749.599998,0.31856627798414006,-0.07442135159231944,2023-10-01,,,,,,,,,,0.06971470273367397,,0.09836116344783008,,,,0.06720602208609017,,,,,-0.055528784857739155,False,0,,
1003535,KAI,Kadant Inc,Industrials,Industrial Machinery and Equipment,screen,3114542880.0,3487550880.0,-0.11715326083817779,-0.3768714202773582,2023-10-01,0.13333333333333333,ev_ebitda,60,0,0.22636475602996708,0.19660859601845682,12.152889387426967,,1.4934451360658232,,,0.049592679371541326,0.110597536216682,,,,4.0,0.07411434921106476,0.0,0.8043695223420675,0.0024325859144644912,False,0,,
1000752,KALU,KAISER ALUMINUM CORP,Materials,Aluminium,screen,2510462020.0,3490262020.0,0.9208326312899617,-0.2565519129114099,2023-10-01,0.03333333333333333,ev_ebitda,60,0,0.0927175422708805,0.0673447869292755,7.803952645573471,7.258168972591466,2.2543190691776274,0.003117416243950011,0.005150212552924804,0.10029958601168554,0.7804253570196047,0,0.0503545785449222,0.10476885163966321,3.0,0.10820638377650194,0.14189793813004145,0.6073836998954723,0.017816248264751255,False,1,37.45305164319249,538
1006816,KARD,"Kardigan, Inc.",Healthcare,Biotechnology,founder-led,,,,,,,,,,,,,,,,,,,,,,,,,,,True,0,,
1000353,KBH,KB HOME,Consumer Goods,Home Building,screen,2874263860.0,4824390860.0,-0.2569298780981941,-0.4662402660385836,2023-10-01,0.9166666666666666,ev_ebitda,60,0,0.05790921476978873,0.06377272579697613,16.030133730906364,12.812456448280171,6.069005786056372,0.053080291792878764,0.17255249484836988,-0.1471840299783741,-0.4776183776810752,0,-0.16035683042714122,-0.060578383792772805,11.0,0.12323355668032263,0.13795776192839726,1.1769290338748528,-0.10041571082602119,False,1,32.640845070422536,738
1002941,KBR,"KBR, INC.",Industrials,Construction & Engineering,screen,4451350000.0,6642350000.0,-0.24344838000969393,-0.4993437695740949,2023-10-01,0.08333333333333333,ev_ebitda,60,0,0.11795330337589958,0.10825291541780745,6.630880443190106,6.686747690471839,2.194737659895936,0.05028809871013862,-0.0074650866033734165,-0.056816840001993274,-0.09356778172580782,0,0.00924817719154114,0.007603772405031739,8.0,0.1771430063853317,0.17938591109105456,0.7871639493995185,-0.027218296858628754,False,1,35.575117370892016,614
1005270,KD,Kyndryl Holdings Inc,Technology,IT Consulting & Other Services,screen,2673672000.0,4633672000.0,-0.6250416250416251,-0.7408515535097814,2023-10-01,0.058823529411764705,ev_ebitda,51,1,0.18078036666205127,0.01568658468601207,1.7305410828721786,1.6418221117519705,0.7327607413199395,-0.008462439345127248,0.0277355212737751,-0.07215350889112715,-0.13461231411368246,0,-0.013766703898208443,-0.008045573254322425,5.0,0.13728449308478333,0.2864093102187572,0.13708383253289486,0.009985053368575025,False,2,,
1005905,KDK,"Kodiak AI, Inc.",Consumer Goods,Auto Parts,screen,322649010.0,213734010.0,-0.7192982456140351,-0.8336221837088388,2023-10-01,,ev_sales,19,,-4.553322038984018,-6.075418899166956,-1.3809872138283632,-1.8138546642078193,,2.603521921672217,,-0.45504769308426307,0.15480935804649176,,,,4.0,-0.6512327487153845,-0.7294053213764727,1.3576336459365836,0.9186385872330909,False,0,,
1000148,KDP,Keurig Dr Pepper Inc.,Consumer Goods,Soft Drinks,screen,41876505000.0,70303505000.0,0.22722799572011332,-0.15222189569959632,2023-10-01,0.1,ev_ebitda,60,0,0.2554883133239965,0.21044671292644637,9.172487696291348,8.747345804331603,4.472250677235531,0.08346372574699523,0.08314365385630751,0.7056055997043154,0.4325727185615138,0,0.04530203332024785,0.003263432724276205,12.0,0.12121184332167956,0.1406139116637796,0.6622556081113692,-0.0018142338931892432,False,1,30.950704225352112,820
1005559,KEEL,Keel Infrastructure Corp.,Technology,Application Software,screen,2176543850.760054,2470942850.760054,0.2531542891227654,-0.5084869425819418,2023-10-01,0.8333333333333334,ev_sales,36,0,-0.5643189353005809,-8.699114380247574,-37.46325893538498,24.979829411551947,,0.7728633065848507,,-0.7204838028633136,-1.3903684293178178,0,-4.110187160153979,-0.18068412813830348,5.0,-0.48074994353329487,-0.9502343116095847,15.864614237572845,0.21713002340745202,False,0,,
1000306,KEX,KIRBY CORP,Industrials,Marine Transportation,screen,7166268160.0,8164661160.0,0.572798082684242,-0.13985189068746318,2023-10-01,0.31666666666666665,ev_ebitda,60,0,0.226588147181942,0.15071770732639375,9.304285071284683,9.490633200340053,1.2644727382923735,0.07288309594008435,0.039309459231116284,0.05171445073677372,0.114206812726938,0,0.00491053021504273,0.02538906277296049,6.0,0.0755960472149961,0.07406891000140321,0.6173578648063583,-0.043580118111361754,False,0,30.551643192488264,832
1000709,KEY,KEYCORP,Financials,Diversified and Regional banks,screen,21654160400.0,34595160400.0,0.11800877599064696,-0.15538914399237436,2023-10-01,,,,,,,,,,0.05607583762638213,,0.024333318268482396,,,,0.0018642643214701327,,,,,0.06014172725690248,False,0,,
1000710,KEYS,KEYSIGHT TECHNOLOGIES IN,Technology,Electronic Equipment & Instruments,screen,64679510000.0,64591510000.0,1.0811799679853649,-0.024910269459473833,2023-10-01,0.7833333333333333,ev_ebitda,60,0,0.3654118118919138,0.32485822978673695,21.78913603586794,19.333820235082634,-0.035717675679795315,0.11745605691142935,0.1450995715183092,0.339201677711755,0.5675175208305168,0,0.17241848131683923,0.0677761852999399,7.0,0.04056301259395554,0.046214733984807556,0.8850371407208503,-0.005569024841822534,False,0,38.39201877934272,507
1004130,KFY,"Korn,Ferry International",Industrials,Human resource training and employment services,screen,3715982390.0,3329090390.0,0.05488712918436289,-0.16427225155404834,2023-10-01,0.21666666666666667,ev_ebitda,60,0,0.16974747643861243,0.1372404196775641,5.534754576477882,4.84082841476655,-0.7144149051854438,0.16290381968553547,0.1753665361777974,0.18710146650739268,0.16425758226912968,0,0.1554185678068274,0.17039541685133286,4.0,0.1206202731730485,0.14104825600095156,0.7451895153852587,0.010512098953282756,False,1,52.33568075117371,147
1005555,KGS,"Kodiak Gas Services, Inc.",Energy,Oil & Gas Equipment & Services,screen,5184875800.0,7768311800.0,0.4873732263596293,-0.3002468307305346,2023-10-01,0.5434782608695652,ev_ebitda,46,0,0.5640208513178964,0.020799827326212657,7.746577196261166,6.476765991651354,3.1888792848171104,0.16344075759079324,0.1937103911045459,0.2075046700034373,0.23013299674547727,0,-0.001550556746645615,0.014828107568421567,12.0,-0.03385116066940956,-0.011286559733104946,-0.17502300099759638,0.0662624293840095,True,0,,
1000466,KHC,The Kraft Heinz Company,Consumer Goods,Packaged Foods & Meats,screen,26637560000.0,41837560000.0,-0.06776560225488226,-0.33166276698526065,2023-10-01,0.2,ev_ebitda,60,0,0.20048275664040505,0.16401019757055146,8.441865017721561,8.266296375709409,2.9398450606038034,0.008727880735398097,0.010465028048104008,-0.039334111751338496,-0.19607003765559572,0,-0.013765119874547871,0.004608825593842569,13.0,0.12089992475083959,0.12551789090437107,0.6498191817728877,-0.011254018952176259,False,1,27.687793427230048,934
1000711,KIM,KIMCO REALTY CORPORATION,Financials,Retail REITs,screen,14924253810.0,22963519810.0,0.06500281226171545,-0.14810225150390155,2023-10-01,0.06666666666666667,ev_ebitda,60,0,0.7107245449586486,0.5076744992226585,14.18270234361257,13.62101312245386,5.222683406395121,0.031080263999619495,0.04074141900309858,0.004309092912472501,0.027494354022689516,0,0.009215586740638715,0.0006714537925391895,15.0,0.05705880411702569,0.06415867765259481,0.525939540960439,0.00035152816916483864,False,0,,
1006583,KIND,Nextdoor Holdings Inc,Technology,Interactive Media & Services,screen,945018880.0,594741880.0,0.16267942583732076,,2025-07-09,,ev_ebitda,15,,0.14142894577313606,0.11757538055803542,12.6949585953151,8.967658730385795,-15.786551948861497,0.1251915055734505,0.5030131485709639,0.030788728046690306,0.8602810337463875,0,0.26171365793044465,0.05469320860307891,2.0,0.05724872311587057,0.08115609612916638,1.1548060676069294,-0.004803048979164726,False,0,52.171361502347416,149
1000712,KKR,KKR & CO. LP,Financials,Asset Management & Custody Banks,screen,83641790279.28,116038948279.28,-0.29232904577942265,-0.4483354417665998,2023-10-01,0.0,ev_ebitda,37,0,0.5764072403872766,0.5764072403872768,14.459050232580188,10.487829579603407,4.824912154434841,0.11787310591452904,0.260302403019284,-0.03673354703378584,-0.19567546934283098,0,0.028172911053940597,0.007474671737824901,2.0,0.09190087231168255,0.13034676675822504,0.9578090499958853,0.01245664198803631,False,1,,
1000142,KLAC,KLA Corporation,Technology,Semiconductor Equipment,screen,263431145380.00003,264416152380.00003,0.816999580101623,-0.3531857583977077,2023-10-01,0.8333333333333334,ev_ebitda,60,0,0.4867386325866258,0.39174860257042615,30.08396339735455,24.323912749655282,0.1432926555046791,0.2602335701941736,0.3220794624912,0.28873554746199637,0.3649225937665488,0,0.07678996327474019,0.047609788952790444,15.0,0.025954450536999855,0.0345888251097372,0.7779040446729478,-0.01565575638711758,False,0,40.41079812206573,440
1002962,KLIC,Kulicke & Soffa,Technology,Semiconductor Equipment,screen,5139845700.0,4623272700.0,1.3470355252511532,-0.2938232616557528,2023-10-01,0.15,ev_ebitda,60,0,0.2771202512305769,0.27120230805430795,10.48926005900693,9.631612350790675,-2.007809740383453,0.2093696316176583,0.36724561117084864,0.840019487201848,1.896686049684663,0,0.5714151042231008,0.27502237974685917,2.0,0.08784842431132987,0.07834442265328045,1.0244231873680267,0.008707080674797085,False,1,,
1006497,KLRA,"Kailera Therapeutics, Inc.",Health Care,Biotechnology,screen,1429108656.0,522583656.0,-0.5607692307692308,,2026-04-17,,,,,,,-0.9026376079103985,-0.8202697823835955,,,,,-0.04567771057500902,,,,3.0,0.02084440903427036,0.031081979906835002,-0.05145320569937056,397.9550955308128,False,0,,
1000161,KMB,KIMBERLY-CLARK CORPORATION,Consumer Goods,Household Products,screen,31443522000.0,37004522000.0,-0.176309124773527,-0.30012928596212773,2023-10-01,0.0,ev_ebitda,60,0,0.22620919180812338,0.16547430932625434,9.602356761116091,9.126991029338122,1.5409050284702188,0.026127644756245294,0.0563863884952891,-0.01994311001420479,-0.011364616662104532,0,-0.008146115066410609,-0.01505737108609484,9.0,0.08306451765869842,0.08954061476643273,0.6777503834293922,-0.00547766500378899,False,1,32.429577464788736,749
1000713,KMI,KINDER MORGAN INC,Energy,Oil & Gas Storage & Transportation,screen,67929250000.0,100088250000.0,0.10773347898180052,-0.11304768860196257,2023-10-01,0.5333333333333333,ev_ebitda,60,0,0.5932364345598247,0.32991797278950036,10.864824618826356,10.302581638364543,3.5986441238134206,-0.010967959745689537,0.032236198016176054,-0.038178472527129914,0.020463824123248875,0,0.010494280777110232,0.036810784454675005,16.0,0.0490239157103999,0.05446436053076965,0.3614967864403961,0.0010192442647420918,False,0,22.82863849765258,1039
1003436,KMPR,Kemper Corp,Financials,Property & Casualty Insurance,screen,1526984040.0,2391184040.0,-0.4947008342556575,-0.6372962806427207,2023-10-01,,,,,,,,,,0.008657818426547781,,-0.22748335024009214,,,,-0.12250286483155548,,,,,-0.046488110636854096,False,0,,
1000289,KMT,KENNAMETAL INC,Industrials,Machinery Tools and Components,screen,2468011430.0,3089670430.0,0.5048789347772986,-0.28117242857359126,2023-10-01,0.05,ev_ebitda,60,0,0.21303379751830268,0.06626573406440543,4.286571470838952,7.046481354339909,0.9523217570150411,0.21864103318526862,-0.16543452280265136,0.6226837419016995,1.2777582668172403,0,0.23900487211801713,0.24939316986905413,7.0,0.07112172490461237,0.046317117893171326,0.24352713553201977,-0.01601646465804729,False,0,,
1005845,KMTS,"Kestra Medical Technologies, Ltd.",Health Care,Health Care Equipment,screen,1588029752.705,1461613752.705,0.19065656565656552,,2025-03-06,,ev_sales,25,,-0.7044552767150537,-0.9388486982947739,-14.721561784068783,-17.877963223125658,,0.43263221696511733,,0.08150930534724954,0.4460897997655038,,,0.06052051156219007,6.0,-0.08513504279032437,-0.07303789515507247,1.361721388003216,0.6514248951922474,True,0,,
1000127,KMX,"CARMAX, INC.",Consumer Services,Automotive Retailers,screen,7962242750.0,25149294750.0,0.2282148428794295,-0.3821056172216616,2023-10-01,0.08333333333333333,ev_ebitda,60,0,0.04142223563479764,-0.004493636506795874,21.251520155106608,21.119395259531846,15.16883716250671,0.06395448717814323,0.05947826793172051,0.06762006461735304,-0.022862207149905278,1,0.14891001768075474,0.05627883801105504,6.0,-0.03225706686850798,0.041472317888329537,-0.2170323530331969,-0.0359282031491317,False,1,,
1005535,KNF,Knife River Corp.,Materials,Building and Construction Materials,screen,2880278000.0,4395556000.0,-0.3440874203200208,-0.5301463050973814,2023-10-01,,ev_ebitda,33,,0.1576220558128112,0.07273571611875039,7.675955701572397,7.312426824358807,2.930813439155773,0.04244825392704943,0.07122567768319144,0.06834670496894701,-0.03333320762193592,0,-0.05692775673057748,-0.0028244566130289916,7.0,0.05907269765708539,0.06073972054760588,0.2971254508130505,0.0004428107347302923,False,0,,
1004142,KNSA,Kiniksa Pharmaceuticals International Plc,Health Care,Pharmaceuticals,screen,6273201396.22,5756170396.22,0.921452485191862,-0.07797825012357884,2023-10-01,0.4883720930232558,ev_ebitda,43,0,0.19509099950386397,0.17713492957110497,24.145038837953845,17.87270773635169,-3.9723033977765776,0.1840445753359914,0.4790458420698869,0.3153538207754365,0.239713723282039,0,0.0460053383379162,0.07836000982344804,4.0,0.03750724325155277,0.04969168196055444,0.9869579331258933,0.07336011098739648,False,0,49.47183098591549,187
1003397,KNSL,"Kinsale Capital Group, Inc.",Financials,Property & Casualty Insurance,screen,7622266049.999999,7636290049.999999,-0.23908559248933414,-0.4086178963443545,2023-10-01,,,,,,,,,,0.01874090079509827,,-0.11813012292199376,,,,-0.014665015645692225,,,,,-0.013325035417761422,True,0,,
1004366,KNTK,Kinetik Holdings Inc,Energy,Oil & Gas Storage & Transportation,screen,3754453323.0,7447185323.0,0.2626491343522881,-0.1610182142395914,2023-10-01,0.8,ev_ebitda,60,0,0.5087996595790976,0.287358013123914,6.133970869829925,5.420785470514239,3.4727029453008975,0.1046149141454813,0.12344514716385846,0.05119297375532117,-0.08575202741614862,0,0.04185545982832872,0.08429190371364692,15.0,0.11772894272952976,0.16609436618845103,0.3640654792410216,0.016008575355828558,False,1,39.260563380281695,479
1001061,KNX,Knight-Swift Transportation Holdings Inc.,Industrials,Trucking,screen,10680341030.0,12522179030.0,0.6293060183483317,-0.226521094740601,2023-10-01,0.5166666666666667,ev_ebitda,60,0,0.1899126236145042,0.08400596623217423,7.439357714350882,6.439940450864345,1.4725446580954904,0.06478862863483736,0.22383314099171758,0.02523515295285539,0.046989202480927084,0,0.04427406496178787,0.01818370111520906,16.0,0.0638976369329004,0.08378063145232549,0.40543893348163784,0.0025914072701516133,False,0,38.39201877934273,506
1000154,KO,The Coca-Cola Company,Consumer Goods,Soft Drinks,screen,371349300000.0,398521300000.0,0.3324538842508382,-0.058662353704420966,2023-10-01,0.8833333333333333,ev_ebitda,60,0,0.3682386476681489,0.32117873061158264,21.665229043290125,20.291759236129316,1.6028666854712887,0.026601147579470297,0.06709683687011725,-0.06871368678532697,-0.019122186702069777,0,0.009384699288525589,0.003395916684729716,15.0,0.04159443630004187,0.04586919980543051,0.8397105293853142,-0.0009763989584958832,False,0,26.232394366197184,977
1004305,KOD,Kodiak Sciences Inc,Health Care,Biotechnology,screen,6166411562.16,6093264562.16,4.79108124618204,0.0,2023-10-01,,ev_sales,22,,-3.272130586148265,0.0,-27.386417952031206,97.04100947647414,,,,-0.04571408316029757,-0.45141909012413206,,,0.49971467628218114,2.0,0.002078058853152026,0.0026925229582950307,-0.05759377522629346,0.16381517465765771,True,0,,
1000714,KOS,KOSMOS ENERGY LTD,Energy,Oil & Gas Exploration & Production,screen,1560159540.0,4130197540.0,0.530120481927711,-0.6894865525672371,2023-10-01,0.5833333333333334,ev_ebitda,60,0,0.6426016692477854,0.40604804370171366,4.013216979220155,4.0812524641558525,2.5377946228634,-0.07709496544185912,-0.06948626086366783,-0.12136286161262677,-0.08984925833681978,0,0.010695469994539852,-0.02633205974947661,4.0,0.27362907583817464,0.265672914437973,0.4148136815383995,0.09953986450055807,False,1,32.429577464788736,749
1002959,KR,THE KROGER CO.,Consumer Services,Food Retailers,screen,36163840000.0,50424840000.0,-0.1106846171054372,-0.21517014565576575,2023-10-01,0.4166666666666667,ev_ebitda,60,0,0.05350892978351199,0.023437622993682218,6.2456754084419375,6.15393313683218,1.7659121721454025,0.018515434278316256,0.007024872679731287,-0.012653660518385679,-0.051593032862467525,0,-0.005836956314569153,-0.001536448403981372,16.0,0.07855982726550002,0.09184664114647145,0.3518924427925567,-0.04950103847396603,False,0,29.166666666666668,877
1000715,KRC,KILROY REALTY CORPORATION,Financials,Office REITs,screen,3898184446.7999997,8146518446.799999,-0.1606764142001249,-0.1917884730803765,2023-10-01,0.4666666666666667,ev_ebitda,60,0,0.57131878760398,0.522044375009555,12.971328740293758,12.29127859641093,6.764671597835762,0.025328628480957738,0.039952848594561496,-0.02366952784606513,-0.0647486997879736,0,-0.014357696996951441,-0.0039439516871442315,10.0,0.09959594609260958,0.09534868775920338,0.6181821585191927,-0.00307082666260472,False,1,,
1000716,KRG,KITE REALTY GROUP TRUST,Financials,Retail REITs,screen,4966166525.320001,7664346525.320001,0.1520600877860876,-0.18236674488769689,2023-10-01,0.3333333333333333,ev_ebitda,36,0,0.6679536147697132,0.5042300302498969,13.93960010577594,13.472599394174322,4.854739242901505,0.033041076585861306,0.02471312643293322,-0.09904574725840942,-0.12536441054540837,0,-0.032771240945531854,-0.007791592370257727,9.0,0.05727121980071926,0.059187758090100205,0.5172885841842839,-0.0388850428721057,False,0,,
1005787,KRMN,Karman Holdings Inc.,Industrials,Aerospace & Defense,screen,4226413590.0,4925999590.0,-0.5509695290858725,,2025-02-13,,ev_ebitda,35,,0.30366306811733196,0.21410157448288003,17.13641250595645,13.411286497237118,3.475482674635426,0.26900713353707495,0.2924456740956267,0.36958622129349417,0.3107160826600912,0,0.014022436751098155,0.014067817425547302,9.0,0.03546196691369879,0.0520428989962487,0.5213871830603507,-0.10812885972424513,False,0,27.96948356807512,921
1003454,KRP,Kimbell Royalty Partners LP,Energy,Oil & Gas Exploration & Production,screen,1718949837.5400002,2152718837.54,0.181335607704594,-0.07632600258732225,2023-10-01,0.11666666666666667,ev_ebitda,60,0,0.7863015536213405,0.7396508251966151,6.765543868352866,6.375222128819239,1.4879754852654892,0.006840340324380412,0.04078694411588879,0.14326387671071483,0.11593122579577386,0,0.07924400414722665,0.07200430293044024,4.0,0.15473220566410062,0.16575462535078728,0.8359096190861633,0.027409422478215095,True,1,51.37323943661972,159
1006857,KRT,Karat Packaging Inc,Materials,"Metal, Glass and Plastic Containers",screen,1073113311.87,1053572311.87,1.2258088706983568,,2025-08-27,,ev_ebitda,5,,0.12229496043394382,0.09353882146670296,14.9377121817134,13.148615212669133,-0.2596647904316853,0.08933665337291918,-0.01106132556794015,0.0853798197447524,0.031515391583982755,0,-0.03792538271810342,0.0017643788900061352,2.0,0.05187145787137712,0.06383762942802065,0.7892121724595342,-0.0006368962779383924,False,0,,
1004162,KRYS,Krystal Biotech Inc,Health Care,Biotechnology,screen,9973028670.0,9136250670.0,0.8838724296153628,-0.12056062409096913,2023-10-01,0.4358974358974359,ev_ebitda,39,0,0.5436846039650717,0.4957644856857958,25.011400842425722,14.358249934235923,-3.6199413621679613,0.4251613401207719,0.5875865068271939,-0.175570444880511,-0.19720707388269842,0,-0.01159789198727601,-0.0010686656058993549,6.0,0.03679531770833682,0.06373792268727639,1.0045918127658264,0.017427560080879312,True,0,75.71596244131456,11
1000114,KSS,KOHL'S CORPORATION,Consumer Services,Broadline Retail,screen,2232560000.0,2828560000.0,0.23738442070374877,-0.27665104945837715,2023-10-01,0.06666666666666667,ev_ebitda,60,0,0.08208957840036527,0.057280526922177555,2.2407038375233803,2.423164210232053,0.478770841652482,-0.005978412785363707,-0.017803030874610326,0.015141064913438695,0.15829544027588627,0,0.08099692628869692,0.000819771826555904,10.0,0.2806269394585324,0.24981868316418723,0.49630832682089204,0.014534020759914945,False,1,41.232394366197184,414
1004513,KTB,Kontoor Brands Inc,Consumer Goods,Clothing and Accessories,screen,3525042400.0,4610751400.0,-0.1865285891813937,-0.3107789767457019,2023-10-01,0.43333333333333335,ev_ebitda,60,0,0.18035649809440452,0.17044582841871075,8.666320578639555,7.940512914054719,2.4322988862032915,0.0770220276734972,0.12007563438161761,-0.18486946695896145,-0.09184954499273157,0,-0.007173487698747816,0.0005320567920852337,6.0,0.13148378839772856,0.14535506586322502,0.8711633519276888,-0.007650604889896884,False,1,31.866197183098592,776
1000717,KTOS,KRATOS DEFENSE & SECURITY,Industrials,Aerospace & Defense,screen,8140082000.0,6716282000.0,-0.5327788114260699,-0.6734241126070992,2023-10-01,0.5,ev_ebitda,60,0,0.10862445027450271,-0.010149458926324895,27.86092662864051,21.398516648871446,-8.757102842151472,0.22504278381735343,0.33252070055894034,0.24912617561999917,0.16990137587194765,0,0.04367803395883785,0.03625670591915564,14.0,0.0006891608746756483,0.009950443278556997,0.023271052563094204,0.112749896430552,False,0,,
1006764,KURA,"Kura Oncology, Inc.",Health Care,Biotechnology,screen,946305750.0,432853750.0,0.21016949152542397,,2025-07-28,,ev_sales,10,,-1.1907803119209917,-1.2094933719496503,-1.8440832144020065,-1.8984110664976066,,0.6999504649066093,,0.12803775051717303,-0.008755645707737014,,,-0.004575353125808257,5.0,-0.23792595297505884,-0.20584333954641007,0.9592076347710343,0.02522826098607278,True,0,,
1005521,KVUE,"Kenvue, Inc",Consumer Goods,Personal Products,screen,33114059999.999996,39078060000.0,0.1539772295892794,-0.23728368538400635,2023-10-01,0.10416666666666667,ev_ebitda,48,0,0.2452577644687167,0.21890949766005818,10.003536223393338,9.7063849372458,1.6202756232230724,0.02483754638673341,0.03451638127595458,-0.007708057659566725,0.011781826144678487,0,-0.016238641202409476,-0.0068543487707928286,11.0,0.09447587421323489,0.09566169298921078,0.8008550239145357,0.0005493710386381689,False,1,30.45774647887324,839
1005566,KVYO,"Klaviyo, Inc.",Technology,Application Software,screen,4824851727.47,4106137727.4700003,-0.431924882629108,-0.680219556820492,2023-10-01,0.0,ev_ebitda,42,1,0.16770081284995533,0.1231560630560634,13.3621931741666,10.652630551111576,-3.137348201835296,0.19574202834667087,0.2600306285064764,0.052029013572277405,0.07972586211394717,0,-0.022888149176702788,0.00809113181243526,18.0,0.05376465059874039,0.06759488708626356,0.8441605121387462,-0.0072824775677919895,True,1,75.15258215962442,14
1000718,KWR,QUAKER CHEMICAL CORP,Materials,Industrial Chemicals,screen,2724255097.74,3442606097.74,0.21461259265880628,-0.25812164119481695,2023-10-01,0.13333333333333333,ev_ebitda,60,0,0.20185693086561607,0.16411051976577962,8.032836914932336,9.471005607337213,1.9146151683470973,0.04098001281691532,-0.04974104848928418,0.04764991089773796,0.30117818135249763,0,0.03942025852426556,0.008315919987140097,3.0,0.11542047720537939,0.09518020507786072,0.7336894158436927,-0.01764088645087858,False,1,,
1004842,KYMR,Kymera Therapeutics Inc,Health Care,Biotechnology,screen,10811268638.960001,10198841638.960001,0.9750883392226148,-0.121907155761527,2023-10-01,0.9333333333333333,ev_sales,60,0,-11.278668077124687,-11.814946284532699,-19.071031914940797,-17.60794982418022,,-0.3388282608858221,,-0.1459895301760772,0.37875638398668343,,,0.03648010584842898,16.0,-0.047055219117585693,-0.0510417677634406,0.9512787676520488,0.14899050884925313,True,0,,
1000094,LAD,"Lithia Motors, Inc.",Consumer Services,Automotive Retailers,screen,6895757100.0,22444557100.0,-0.06927313037858018,-0.31605073183099797,2023-10-01,0.6166666666666667,ev_ebitda,60,0,0.05205671618076532,0.03001433796362678,10.842571470311121,10.189793123867341,8.166983698350013,0.03329809766140257,0.07210440553859843,-0.06141191269263213,-0.06109366994920984,0,0.024371596009470364,0.003965841201841069,9.0,0.09718365087141895,0.09927623586839758,0.32374004220058444,-0.08776644124844324,False,1,26.091549295774648,981
1000719,LADR,LADDER CAPITAL CORP.,Financials,Mortgage REITs,screen,1092180000.0,5042705000.0,-0.12204193015904452,-0.17212466177779195,2023-10-01,,,,,,,,,,0.05163676768983638,,-0.11357628618296434,,,,-0.032721820135255375,,,,,-0.001434393655956101,True,0,,
1000720,LAMR,LAMAR ADVERTISING COMPANY,Financials,Specialized REITs,screen,14562262213.02,18008857213.02,0.2350016368423935,-0.11307694948223213,2023-10-01,0.7333333333333333,ev_ebitda,60,0,0.48468462208583574,0.40611829072202577,14.908971182215055,14.15094426939514,3.0668298765482866,0.04231508222634517,0.05397794103279141,0.01923016405946454,0.03093635314238763,0,0.009460130801146605,0.008898925968323423,5.0,0.05828934522058078,0.06209033665725168,0.70271551818088,-0.002448694606603352,False,0,,
1004062,LASR,nLight Inc,Technology,Electronic Equipment & Instruments,screen,2487958440.0,2172354440.0,0.3143773202834965,-0.5415538552089465,2023-10-01,,ev_ebitda,31,,0.13301487329626693,0.06738471124803187,47.458854911489325,31.80518264805467,-9.4606266831715,0.14479452614622557,0.3652287161785741,0.07501174769642249,0.10749258938632256,,,,6.0,0.012034737688240139,0.02123379791162822,0.6541333922357228,0.12246365271347881,True,0,,
1003455,LAUR,"Laureate Education, Inc.",Consumer Services,Educational and Vocational Training Services,screen,5316200000.0,5376591000.0,0.20989220038046907,-0.056846267918932436,2023-10-01,0.9,ev_ebitda,60,0,0.3115644561126375,0.24488417430061005,8.40756760028503,7.796468829039375,0.1052377252616093,0.0725227458261648,0.0792089170144672,0.07633804710336722,0.07443328589626219,0,0.009865321972744256,0.011544860479113073,2.0,0.09121562050984128,0.10254690530073877,0.7582874968754467,-0.050832381460364506,False,1,43.67370892018779,331
1000721,LAZ,LAZARD,Financials,Investment Banking & Brokerage,screen,4025102419.7599998,4614842419.76,-0.2845061898846334,-0.36326901471023143,2023-10-01,,,,,,,,,,0.12989352403143806,,0.0017764838220226675,,,,-0.01847235334910846,,,,,0.030039035805759173,False,0,,
1005741,LB,LandBridge Co. LLC,Energy,Oil & Gas Equipment & Services,screen,6218567270.04,6714493270.04,0.530929970511945,,2024-06-28,0.6595744680851063,ev_ebitda,47,,0.9074955275293248,0.8904482656367821,23.95750044461666,20.370950111139823,2.3184028266020067,0.1978761939778262,0.20737305174424936,0.13824752434398446,0.1418274037750331,0,0.023620416306937342,0.02035870191320499,6.0,0.03842562861979987,0.046531207311675996,0.8525887145966999,0.02406915985239766,False,0,28.180751173708924,913
1003829,LBRT,Liberty Oilfield Services Inc.,Energy,Oil & Gas Equipment & Services,screen,3096735610.0,3833223610.0,0.4992187864908464,-0.45906274646881196,2023-10-01,0.6666666666666666,ev_ebitda,60,0,0.1395892922051281,-0.21668553595294704,5.525565575405983,3.900348717815698,1.2646311727295738,0.11535547014925096,0.3186733453367021,0.20454507274855138,0.057291496685679455,0,-0.11660708575309997,0.03627918789337259,10.0,-0.36670042256359975,-0.4045129041730657,-1.6369225121832285,-0.006265793998251112,False,0,,
1006483,LBRX,LB Pharmaceuticals Inc,Health Care,Pharmaceuticals,screen,1123534686.24,800961686.24,1.430652311589614,,2025-09-11,,,,,,,-3.733447368829965,-4.18832079674513,,,,,0.46636506056336824,,,,5.0,0.014953142055476387,0.02529169869210938,-0.07831000198331402,8.50659205218856,False,0,,
1005188,LCID,"Lucid Group, Inc",Consumer Goods,Auto Manufacturers,screen,1600993171.71,1546822171.71,-0.8289197141656157,-0.9271914132379249,2023-10-01,0.0,ev_sales,60,1,-0.5558450143178548,-0.9098618883737644,-0.8617883891356218,-1.7258223049497532,,1.0650469252593786,,-0.22389215480133384,0.7002305595027647,,,-0.21672276083236952,5.0,-1.8961943463827984,-1.1551205052313651,1.6913464533271414,0.24481131005395684,False,1,,
1003632,LCII,LCI Industries,Consumer Goods,Auto Parts,screen,2002827120.0,2638905120.0,-0.06458623539762598,-0.45097768956938433,2023-10-01,0.06666666666666667,ev_ebitda,60,0,0.11243610024142063,0.0900902702769263,5.621875294310423,4.798790109245285,1.4733868029076962,0.03720181983522308,0.11857270519534846,-0.07485346655016156,-0.007712089839225,,,,6.0,0.17142939556593312,0.2234473420813738,0.7314526023742071,-0.02055907114529343,False,1,,
1000346,LDOS,"Leidos Holdings, Inc.",Technology,IT Consulting & Other Services,screen,15368220000.0,20651220000.0,-0.34779398851921917,-0.38359540822546145,2023-10-01,0.08333333333333333,ev_ebitda,60,0,0.12871122747589356,0.11365032514422277,8.353094866815217,7.992889625512417,2.1560374529806046,0.04697363356603046,0.024750156062718798,0.04242332517340741,0.01395126987700368,0,-0.046725339498600915,0.004501161095032957,11.0,0.12546502060680084,0.13578866372226378,0.7799161825505936,-0.03621078024674185,False,1,31.725352112676056,779
1000256,LEA,LEAR CORPORATION,Consumer Goods,Auto Parts,screen,6165596000.0,7911196000.0,0.20278923180773312,-0.20123371303450455,2023-10-01,0.1,ev_ebitda,60,0,0.0761288559188032,0.04625853338174339,4.302383168139293,4.049174300856114,1.0075456696629161,0.020541134977650755,0.05522748981766745,0.0014979437802427054,-0.009089533768034008,0,-0.013047936729755794,-0.010065398705957684,10.0,0.16535916566742107,0.17846904375335323,0.5544600733892607,-0.05683767405214779,False,1,44.80046948356807,303
1003014,LECO,"Lincoln Electric Holdings, Inc.",Industrials,Machinery Tools and Components,screen,14844478799.999998,15752089799.999998,0.13591652241856367,-0.10661930697785726,2023-10-01,0.5166666666666667,ev_ebitda,60,0,0.20635994205815336,0.17751622863341068,15.248952202359886,14.383119656438224,0.977810309324808,0.05972322339062042,0.06975920986971018,0.08172423321040889,0.10898345666766285,0,0.039776156974575594,0.037614602955643894,9.0,0.0566224716721821,0.06041408853769202,0.8136836719101563,-0.019003657885501624,False,0,28.2981220657277,907
1003196,LEG,"Leggett & Platt, Incorporated",Consumer Goods,Home Furnishings,screen,1302720000.0,2255220000.0,-0.042930903073552296,-0.6360648395811419,2023-10-01,0.03333333333333333,ev_ebitda,60,1,0.09601416978020116,0.0716915989142063,5.88026382290603,,2.6048256178792712,,,-0.0550074548547036,-0.12179106574326326,0,0.042741452909060396,0.021283941061485123,1.0,0.18524516536872973,0.0007336572364606624,0.6292248417361677,0.015807329283355154,False,2,21.631455399061032,1048
1004740,LEGN,Legend Biotech Corp,Health Care,Biotechnology,screen,3573102315.0,2900902315.0,-0.39006439742410304,-0.7158165452207458,2023-10-01,,ev_ebitda,24,,0.09962376593761421,0.06901255395441949,16.65934344799584,8.925835470414164,,0.16855252355580386,3.00981896622066,-0.1412122308191246,-0.6930896069357062,0,-0.30841727773943606,-0.007084191357651037,7.0,0.04261468531329355,0.08136005014500877,0.8744389923607405,0.02095969897512684,False,0,,
1000352,LEN,Lennar Corporation,Consumer Goods,Home Building,screen,19522145160.0,22806742160.0,-0.33963127863958353,-0.5246812973111397,2023-10-01,0.9833333333333333,ev_ebitda,60,0,0.054766040441161144,0.036006444937228425,13.067184952660035,10.41251959990545,1.6960998341618854,0.03979158879517897,0.1135859157131287,-0.15858095810409356,-0.5495826716633246,0,-0.22102193739975862,-0.04951533692626786,9.0,0.053173689717997207,0.08395782427761381,0.5947618726161042,-0.06178435120912951,False,0,35.762910798122064,609
1004827,LEU,Centrus Energy Corp,Energy,Coal & Consumable Fuels,screen,3045257010.0000005,2354257010.0000005,-0.550133840745638,-0.6800688073394495,2023-10-01,,ev_ebitda,27,,0.20068467367448256,-0.5376578746771186,23.06885822841379,19.27830923951759,-10.023002254341002,-0.010681394987179793,0.3470129402143938,-0.11311796389397222,-0.12949951755816336,0,0.6247264916321584,0.008108184471125268,11.0,-0.09502131410923487,-0.07064816963609369,-2.8354187808591322,0.15139282952932587,False,0,,
1004456,LEVI,Levi Strauss & Co.,Consumer Goods,Clothing and Accessories,screen,7761413982.72,7826613982.72,-0.13235411775061623,-0.22835879357618494,2023-10-01,0.06666666666666667,ev_ebitda,60,0,0.15755433009063444,0.11628506831340107,7.0429869610095714,6.5493755401858476,0.06442261356963057,0.04391284066625878,0.07755189589761358,0.04418831122339473,0.042753900055197525,0,0.008324436272538982,0.008256335853694452,11.0,0.0993255128336235,0.10964261191035017,0.6937206696814741,-0.014792449829421739,False,1,39.424882629107984,475
1005135,LFST,LifeStance Health Group Inc,Health Care,Health Care Facilities,screen,4612731090.0,4645779090.0,1.187272727272727,-0.10089686098654715,2023-10-01,0.31666666666666665,ev_ebitda,60,0,0.13704871683380487,0.10492354478054608,17.338566594165354,14.135350882130359,0.15668424319839783,0.14746616882254515,0.19903521494979648,0.0543304318843536,0.12984352013160416,0,0.05431666054353479,0.030741514757213872,9.0,0.041528885311499904,0.050982178333973636,0.7149292195062038,0.00017329038220625925,False,0,40.50469483568075,435
1006507,LFTO,"Liftoff Mobile, Inc.",Consumer Services,Advertising,screen,2146622500.08,3251923500.08,-0.4446397188049209,,2026-06-04,,ev_ebitda,16,,0.599002117322966,0.4407965046987278,5.353174370163567,4.530952057929749,2.301702647572386,0.1580000870637066,0.18011317172929386,0.019173506974289323,0.035092001597431866,,,,13.0,0.15780771007307992,0.25367966953871995,0.5576413431177395,0.20530113735111577,False,1,48.274647887323944,218
1003208,LFUS,Littelfuse Inc.,Technology,Electronic Components,screen,11158791000.0,11159860000.0,0.6506497007411012,-0.13195934812097065,2023-10-01,0.6666666666666666,ev_ebitda,60,0,0.2542024426149423,0.18001405210838495,13.902341255443247,11.793637177235288,0.001641239518177308,0.10210747784299024,0.16096009867765027,0.14961332219524714,0.25467843862601636,0,0.12989290201886328,0.06893631523959054,2.0,0.048209862919729216,0.04844635057273014,0.6701657650392889,0.012028776517042594,False,0,,
1002979,LGIH,LGI Homes Inc,Consumer Goods,Home Building,screen,1110667473.63,2630493473.63,-0.09804679945851869,-0.6561993218339968,2023-10-01,0.8,ev_ebitda,60,0,0.04816452647299579,0.03401750183534627,27.548308071840637,,20.32766289391796,,,-0.31660888023611544,-0.7140561502587686,0,-0.16236673629433118,-0.025803285205516002,1.0,0.07457375549104857,0.0,0.8674166825184705,-0.0068155250379065,True,0,,
1005892,LGN,Legence Corp.,Industrials,Construction & Engineering,screen,3928573440.0,4671130440.0,0.7422914638104512,,2025-09-12,,ev_ebitda,18,,0.12157834251615689,0.09937657500135054,7.081400259445084,6.153423792071146,1.460201012451714,0.1319674919842575,0.14583480985259878,0.8405634428957784,1.0258108039395482,,,,13.0,0.12508778265175424,0.14941315670456976,0.7449839525481529,0.024749225456541124,False,1,44.636150234741784,310
1002928,LGND,LIGAND PHARMACEUTICALS INC,Health Care,Pharmaceuticals,screen,6487112720.0,6258330720.0,0.7634074743141019,-0.03174111155884818,2023-10-01,0.7166666666666667,ev_ebitda,60,0,0.6769769378753895,0.8597926718635607,23.54463238500355,18.63370804606181,-1.4376852483837796,0.2652268677091092,0.4536455745967063,0.3258512636631341,0.3641658741286147,0,0.011994261180661603,0.02723265601825342,3.0,0.04940222507097346,0.05300187765770953,1.2056780615530018,0.06983661867452384,False,0,47.45305164319249,239
1000108,LH,"Labcorp Holdings, Inc.",Health Care,Life Sciences Tools & Services,screen,24977200000.0,30693900000.0,0.08418622533812536,-0.0900849012663213,2023-10-01,0.85,ev_ebitda,60,0,0.18139039211005173,0.13125909810569644,10.907764636087657,10.370184862873922,2.2122319515262836,0.049849718900524254,0.05876437083634323,0.00735900728220984,0.008077365019215188,0,0.02372064233477955,0.003653466246897663,12.0,0.07204414479978573,0.07891884136541426,0.6394787631092715,-0.014472508317760702,False,0,31.396713615023472,794
1004568,LHX,L3Harris Technologies Inc,Industrials,Aerospace & Defense,screen,44652320000.0,54130320000.0,-0.21185089738834628,-0.3666495396233902,2023-10-01,0.15,ev_ebitda,60,0,0.18243014269763597,0.1495117837152342,11.774483541920713,10.738489496363842,2.2421863667820223,0.07433045535752325,0.08608561169027729,0.03827027521299642,-0.028796833903343644,0,-0.03274108481915483,-0.011544884688966861,10.0,0.07264372367872282,0.08164827659064833,0.7055753481348063,-0.008116533913843704,False,0,26.302816901408452,975
1005963,LIFE,Ethos Technologies Inc.,Financials,Insurance Brokers,screen,2138057650.0,2026641650.0,0.9922848664688426,,2026-01-29,,ev_ebitda,16,,0.1823692135002906,0.07156048897996682,11.594746351939538,9.946748159597721,-0.9723085701760832,0.20289947121954466,0.28665711080397704,0.5172058482341619,0.2856178207356854,,,,6.0,0.035212586264568815,0.05127981378468468,0.43072653150760665,0.05579848491322159,True,0,,
1000246,LII,LENNOX INTERNATIONAL INC,Industrials,Industrial Machinery and Equipment,screen,12558426400.0,14088226400.0,-0.3214182259569378,-0.46784779424530565,2023-10-01,0.0,ev_ebitda,60,0,0.2222442676355419,0.19167887106659837,10.707813156964503,10.036525108872931,1.2665661686417211,0.05452804454776272,0.07248622170649899,-0.020739010873569108,-0.04603845157967845,0,-0.012879799259566505,0.0033844349911502647,12.0,0.08484757253976494,0.09157032462855473,0.8098770808407051,-0.014306408386025038,False,1,33.39201877934272,705
1006404,LILA,Liberty Latin America,Telecommunications,Telecommunication Services,screen,1681196000.0,9415596000.0,-0.0012062726176115257,-0.20992366412213748,2023-10-01,0.4,ev_ebitda,60,0,0.38179441380182044,0.24254813892331326,5.323597933693345,5.084326472461522,5.268955873194558,0.03305465276625563,0.06951661469578685,0.0034843127426724685,0.053777163976360454,0,0.023655358855000808,0.005767739698612218,3.0,0.2793445251874302,0.35386435797703714,0.2655314360706444,0.00631842025449858,False,1,43.90845070422535,328
1003867,LINC,Lincoln Educational Services Corp,Consumer Services,Educational and Vocational Training Services,screen,696559230.0,843995230.0,-0.06936170212765957,-0.6072198275862069,2023-10-01,0.21666666666666667,ev_ebitda,60,0,0.14678860006224714,0.14678860006224717,8.876380074946198,7.744620061786681,1.976828299738675,0.09521347701168681,0.1892343743485505,0.13295709000163258,0.19794282771071048,0,-0.0051448813379256775,-0.0023083932621600356,3.0,0.13477641620258432,0.15868735967846753,0.9873425490138398,0.008047105820247591,False,1,44.80046948356807,303
1003025,LIND,Lindblad Expeditions Holdings Inc,Consumer Services,"Hotels, Resorts & Cruise Lines",screen,2201868256.05,2500837256.05,1.4554687499999996,-0.08845707656612523,2023-10-01,0.8333333333333334,ev_ebitda,60,0,0.1782397845345946,0.1734467171398442,14.875050946983038,14.010896210237009,2.146642184215144,0.04360049131446697,0.11488372694660609,0.11447256664273686,0.16424838495681326,0,0.07760763384785885,0.05156816083589222,4.0,0.055838796921526775,0.06271597380938544,0.7313081513616507,0.09794058302940156,False,0,,
1000016,LINE,"Lineage, Inc.",Financials,Industrial REITs,pipeline,7745160000.0,13909160000.0,-0.07752632807335225,,2024-07-25,0.4,ev_ebitda,40,,0.238281280954829,0.13268302878714067,10.620174555268957,9.957017483193757,4.791335089809675,0.03209916344659569,0.04365692362778595,-0.05804012981097573,-0.14077949622941222,0,-0.023192283954886372,-0.010685804688711165,9.0,0.04700702894773818,0.06757240023128568,0.2779866555709895,0.10147937392196216,False,0,,
1005694,LION,Lionsgate Studios Corp.,Consumer Services,Movies and Entertainment,screen,3280500000.0,4756900000.0,0.6231884057971013,-0.31707317073170727,2023-10-01,,ev_ebitda,33,,0.10634995664878286,-0.26439221815191394,13.305394685283595,12.185486827833497,4.7655978714964,0.14207658003653378,0.22228044525578827,0.04607493570945986,0.025960574337559716,0,-0.01882197792005713,-0.003413745027267212,8.0,-0.3357132078450057,-0.3194146599138756,-3.0804361406568104,0.0650229459011551,False,0,,
1000723,LITE,LUMENTUM HOLDINGS INC,Telecommunications,Communication Equipment,screen,105728358000.0,104627358000.0,4.969270481224264,-0.07770465962073514,2023-10-01,0.7833333333333333,ev_ebitda,60,0,0.4524905258007714,0.24170115402950806,36.61272947991642,22.517106797632607,-0.7376626212025433,0.8031224814838371,1.1283105029732292,1.2839518688856657,2.5421232217906087,0,0.1492981610845152,0.1080257422680928,15.0,0.014996211120512968,0.031149204822851877,0.5548299306226263,0.15518102964287062,False,0,45.97417840375587,269
1003488,LKFN,Lakeland Financial Corp,Financials,Diversified and Regional banks,screen,1465829221.05,1342903221.05,-0.07070895831354129,-0.20081715820420254,2023-10-01,,,,,,,,,,0.04963964969863999,,0.018726543481142777,,,,,,,,,-0.009075682388745454,False,0,,
1000724,LKQ,LKQ CORP,Consumer Services,Distributors for Retailers,screen,5802066000.0,9434066000.0,-0.2194037041869792,-0.5380734397951596,2023-10-01,0.0,ev_ebitda,60,1,0.11054064437178723,0.08912143444182632,6.101306661503512,6.004492976768161,2.5465538961641623,0.011857991577913785,0.05984015567316714,-0.05686487026249165,-0.1295036869237428,0,-0.033943580762192505,-0.01705147881524005,6.0,0.17911242042006897,0.1694241645849604,0.6720975481985496,-0.01752395449111588,False,2,35.34037558685446,627
1000376,LLY,ELI LILLY AND COMPANY,Health Care,Pharmaceuticals,screen,1028990662820.0001,1074948662820.0001,0.5260518698681818,-0.09627130293515784,2023-10-01,0.06666666666666667,ev_ebitda,60,0,0.5269142591680629,0.4301075550795133,20.065519162740102,17.56648277920788,1.1549081136730912,0.13359364212568825,0.1878074551275264,0.21330651368150355,0.2543081741795101,0,0.04905047420002684,0.028958772460647264,18.0,0.04188513077988908,0.04908103883786638,0.8045147054369184,-0.00417249366171446,False,0,32.94600938967136,725
1003298,LMAT,"LeMaitre Vascular, Inc.",Health Care,Health Care Equipment,screen,1967140890.0,1759991890.0,-0.046670219119061995,-0.2926007521493702,2023-10-01,0.03333333333333333,ev_ebitda,60,0,0.3438203415005282,0.28571811195223795,16.86799909486587,15.364113673429737,-2.3123814896119375,0.09242403184025783,0.11552139433841546,0.010159135365494842,0.08036522052652062,0,-0.03042159941865319,-0.012779684719438134,7.0,0.048654451973285405,0.05444607472971309,0.9172990707720601,0.01087891124541751,False,0,40.105633802816904,453
1000017,LMND,Lemonade Inc,Financials,Property & Casualty Insurance,pipeline,3599766088.52,3219466088.52,-0.15673454137866616,-0.5325670498084291,2023-10-01,0.4666666666666667,ev_sales,60,0,0.012480499557030025,0.05490648464784603,157.31159475834818,23.345861892166347,,0.32396049977779096,,0.03576844574451288,-0.47916761666551033,0,-0.45041684086260536,0.011735675480428087,11.0,0.034913457818484796,0.09379843909091883,6.141069657806861,0.04410729972746075,True,0,,
1006498,LMRI,"Lumexa Imaging Holdings, Inc.",Health Care,Health Care Facilities,screen,969998202.6,1734376202.6,-0.4465442764578833,,2025-12-11,,ev_ebitda,15,,0.2265871246017007,0.17613209051180437,6.817190426833539,6.304882415511516,3.2429413143717665,0.05380733954633565,0.07611018857228036,-0.0014208991545233696,-0.006432434561981726,,,,6.0,0.13864660197956533,0.16277765085021154,0.5286184040433634,0.18006514666192874,False,1,37.07746478873239,554
1000178,LMT,LOCKHEED MARTIN CORPORATION,Industrials,Aerospace & Defense,screen,116821050000.0,133568050000.0,0.046470889069990085,-0.23783914480311164,2023-10-01,0.0,ev_ebitda,60,0,0.13215851233499104,0.10079504498671955,11.75292346583295,10.937970167747727,1.6698018377655877,0.06128133881600717,0.07532736401675355,0.06858293373096447,0.07214907920193903,0,0.013623722381465253,0.026232126776949416,14.0,0.06524319596741673,0.06995566358408947,0.670655753708758,-0.01669289643472549,False,0,28.57981220657277,898
1000725,LNC,LINCOLN NATIONAL CORP,Financials,Life & Health Insurance,screen,7802971999.999999,4502971999.999999,0.045372684155559506,-0.14340425531914902,2023-10-01,,,,,,,,,,0.04063451963676323,,-0.01808259375285326,,,,0.003858172967128315,,,,,0.064670519209163,False,0,,
1002946,LNG,Cheniere Energy Inc.,Energy,Oil & Gas Storage & Transportation,screen,57067799999.99999,79591800000.0,0.1561745491898059,-0.09068478334347341,2023-10-01,0.5166666666666667,ev_ebitda,60,0,0.3769472909285416,0.2544295651126404,9.866973774769095,10.117474732520595,2.832785450973156,-0.006269526496563982,-0.025627270012160697,-0.0404909256588144,0.09139414360474984,0,0.05267580405355732,-0.05048228810507771,14.0,0.07621840054112422,0.06551879491727697,0.5392207655563127,-0.04751360878022792,False,0,18.41549295774648,1057
1003083,LNN,Lindsay Corporation,Industrials,Agricultural & Farm Machinery,screen,1162121580.0,1122266580.0,-0.19331222778213608,-0.23587901824650248,2023-10-01,0.43333333333333335,ev_ebitda,60,0,0.1469759708149263,0.11108771323443536,12.070213269567105,11.12743709543496,-0.46355282215077404,0.027789175461931048,0.08719139910797136,-0.10095881885790736,-0.17727021861273207,0,-0.04595193544413312,-0.04328013274069187,2.0,0.06680732038389964,0.06721942307229682,0.8350154902795743,-0.025583684345789948,False,0,45.62206572769953,280
1003477,LNT,Alliant Energy Corp,Utilities,Non-Renewable Electricity,screen,16621939000.0,28714939000.0,-0.03176147445517208,-0.1826047453635622,2023-10-01,0.4,ev_ebitda,60,0,0.469400139165183,-0.347028284112888,13.11137912214412,12.07278831056227,6.077367951951033,0.05168749735028233,0.08261951945889323,0.08602083517397308,0.031139486910795267,0,-0.010786575122590514,0.00959265296830103,7.0,-0.13441967687916698,-0.1398710671397001,-1.0201992705319007,0.012037992919763818,False,0,,
1000726,LNTH,LANTHEUS HOLDINGS INC,Health Care,Life Sciences Tools & Services,screen,6728168700.0,6705921700.0,0.9405342171963347,-0.194871380035593,2023-10-01,0.6333333333333333,ev_ebitda,60,0,0.3892247448912147,0.3443938301040138,10.477159290278948,8.059490027949863,-0.04013324444302844,0.1314871036163936,0.24688931976590323,-0.040087988694587184,-0.10950836287897092,0,-0.008760692987252905,-0.003100859270738887,3.0,0.08679083695337318,0.11803497117750383,0.9123381117257,-0.02873592881855458,False,1,43.15727699530517,347
1000910,LNW,Light & Wonder Inc,Consumer Services,Casinos and Gaming,screen,6022301027.181888,10908301027.181889,-0.10553792249920657,-0.3700866539255663,2023-10-01,0.1,ev_ebitda,60,0,0.458464109878229,0.36212163489247645,6.576407129040182,6.111286004024861,3.2536814629043733,0.06469133952645545,0.08323552805152734,-0.07339302824574401,-0.04445466599520931,0,-0.008991964997814073,-0.028540441644879455,21.0,0.16645342029917892,0.18461309946994417,0.6043475429584351,-0.07057330536249118,False,1,37.429577464788736,540
1005661,LOAR,"Loar Holdings, Inc.",Industrials,Aerospace & Defense,screen,5914660320.0,6741553320.0,-0.23099999999999998,-0.3816463966227761,2024-04-25,,ev_ebitda,34,,0.3952020365662195,0.32146928581692646,23.431394324526682,21.11582516640696,3.5457023352677144,0.10271993569134219,0.1349587724418122,0.16765766368972534,0.22232241915318518,0,-0.024328876483349693,0.007330613356946181,6.0,0.025360612636954483,0.032995063083779044,0.5213479950185408,0.025677062948713303,True,0,44.82394366197183,302
1003362,LOB,Live Oak Bancshares Inc,Financials,Diversified and Regional banks,screen,1695573199.98,867459199.98,0.030947930628587583,-0.27503702914877726,2023-10-01,,,,,,,,,,,,-0.015944348548783238,,,,-0.0010640080939808838,,,,,0.008367604935671347,True,0,,
1000765,LOPE,"GRAND CANYON EDUCATION, INC.",Consumer Services,Educational and Vocational Training Services,screen,4030429910.0,3757231910.0,-0.3094478862973761,-0.3126728632963047,2023-10-01,0.16666666666666666,ev_ebitda,60,0,0.3348269199805516,0.30368183316939107,9.05058326307925,8.511958318234168,-0.7145585773832724,0.062057125781124434,0.06812586361056372,-0.02203643455637605,-0.002899122655997899,0,0.00197770943646014,0.0054199426138064055,3.0,0.09595080280346403,0.10378922390290768,0.9315551086339686,-0.056216113549072744,False,1,46.74882629107981,255
1006615,LOTZ,CarLotz Inc,Consumer Services,Automotive Retailers,screen,0.0,,,,,,,,,,,,,,,,,,,,,,,,,,False,0,,
1001286,LOW,"LOWE'S COMPANIES, INC.",Consumer Services,Home Improvement Retailers,screen,102127200000.0,136276200000.0,-0.251617629684842,-0.35168573377992574,2023-10-01,0.06666666666666667,ev_ebitda,60,0,0.14032465539872216,0.11743403496027899,10.52840925850869,10.228908785535518,2.6592001068881683,0.04665087979961502,0.026689209507078537,0.025554730586596852,-0.012633611643405929,0,-0.007119412333480568,-0.01004882859426115,25.0,0.09062077545354313,0.09145971025058305,0.7150097150682646,-0.0207635068130676,False,1,25.62206572769953,993
1000766,LPG,DORIAN LPG LTD,Energy,Oil & Gas Storage & Transportation,screen,2418178471.09,2583580946.09,1.0289179658392866,-0.05573658034642426,2023-10-01,0.8,ev_ebitda,60,0,0.736916940648063,0.5490352852567739,5.3705518799285805,9.78420194898911,0.4200170374193847,-0.06302780271735609,-0.069672956353234,0.7008186278026818,1.0518271615768935,0,0.18080823148559677,0.07875028768240178,2.0,0.1411704293401421,0.10405140281193587,0.7096250358540783,0.026391035698438925,True,1,67.64084507042254,71
1000767,LPLA,LPL FINANCIAL HOLDINGS INC,Financials,Investment Banking & Brokerage,screen,24981988800.0,31166808800.0,-0.07749776551511034,-0.23016003676973362,2023-10-01,0.05,ev_ebitda,60,0,0.1659815403382249,0.13216178132316564,7.7826844526578896,6.870690953591436,1.8946975358822749,0.13300607845474177,0.15842314598635365,0.04944692004584583,0.007950303900778444,0,0.031077876164918417,0.022967557270665795,13.0,0.11193496075875303,0.1295683095847545,0.6982803909202852,0.026868029098793267,False,1,,
1000768,LPX,LOUISIANA-PACIFIC CORP.,Materials,Forest Products,screen,4518500000.0,4638500000.0,-0.26196666487574993,-0.45237803995063364,2023-10-01,0.5166666666666667,ev_ebitda,60,0,0.16671959419105833,0.02887440825567021,9.931861535859458,8.44069586873279,0.3855509728239437,0.09578686781126833,0.4271560674353989,-0.12819019793215225,-0.26682203288227424,0,-0.12538279411989195,-0.022313637527096475,12.0,0.01448483150098451,0.021199650350501715,0.1401395857662292,-0.008833338495895071,False,0,,
1004233,LQDA,Liquidia Corporation,Health Care,Pharmaceuticals,screen,2838102813.72,2607873813.72,0.3306948109058929,-0.6675821157860047,2023-10-01,,ev_ebitda,21,,0.6069175432027667,0.540922428644319,3.555636635140888,2.8653178987646557,-0.8618696363786242,0.3884939188671068,0.5633344312661921,1.6078125427615668,3.015997424817818,0,-0.03212224360625615,0.0327631697128401,6.0,0.2268483426537263,0.30648464844191026,0.8777978922094001,0.13756428562485867,False,1,63.039906103286384,86
1006815,LQDT,"Liquidity Services, Inc.",Consumer Cyclical,Specialty Retail,founder-led,,,,,,,,,,,,,,,,,,,,,,,,,,,True,0,,
1000194,LRCX,LAM RESEARCH CORP,Technology,Semiconductor Equipment,screen,427176483200.0,421601385200.0,1.4647302151568424,-0.24108878930022248,2023-10-01,0.8166666666666667,ev_ebitda,60,0,0.41322189910384416,0.3139211522090639,29.40481838266639,23.623246953283296,-0.5475136226700437,0.33264266146234767,0.4271956418415559,0.5452896736082506,0.8010740236869986,0,0.19063187328626907,0.13318460222592177,14.0,0.02539744586371939,0.03478327631050334,0.7566827813704387,-0.022579137537210303,False,0,44.0962441314554,324
1003631,LRN,Stride Inc,Consumer Services,Educational and Vocational Training Services,screen,3596006442.24,3259500442.24,-0.4764334631395193,-0.5407808727401213,2023-10-01,0.03333333333333333,ev_ebitda,60,1,0.24680209774259448,0.19322004361465855,5.140446516468063,4.866790401791377,-0.5411896904186444,0.03244747501997702,0.041372686602657804,-0.1064627676396055,-0.11795542067866038,0,-0.0010496505294359526,-0.01989559734707258,3.0,0.13480923217217433,0.14250186764535502,0.7645218408078894,0.042701207244783435,False,2,51.56103286384976,156
1000769,LSCC,LATTICE SEMICONDUCTOR CORP,Technology,ICs Semiconductors,screen,18070295520.000004,17929581520.000004,0.7133115111838517,-0.19095768661042056,2023-10-01,0.4,ev_ebitda,60,0,0.45460706072619755,0.3893407519106782,29.830708830771,24.384736703742913,-0.4165337009356322,0.30078605505334655,0.3743864489678612,0.86280300586724,1.1083682664326613,0,0.6174874116504938,0.4657440526882497,9.0,0.027360088723819086,0.03488469737255949,0.8225762694268156,0.017113730389388904,False,0,,
1000770,LSTR,LANDSTAR SYSTEM INC,Industrials,Trucking,screen,5773700900.0,5492772900.0,0.4092935884214026,-0.24999070320591743,2023-10-01,0.45,ev_ebitda,60,0,0.061901557670759465,0.05305958925028706,14.229172849226135,12.028176489101828,-0.9413963578265645,0.1118825959616081,0.2094402208451136,0.1348843733663172,0.01786409288022006,0,0.06985819950412453,0.09201563585322137,14.0,0.05719193743807682,0.0676213625968851,0.8554154749108377,-0.02481191940976235,False,0,46.725352112676056,256
1003101,LTC,LTC Properties Inc,Financials,Health Care REITs,screen,2227288660.0,2963943660.0,0.23509210574775175,-0.011300738007380073,2023-10-01,0.8,ev_ebitda,60,0,0.36217582095175266,-0.5891666503742922,13.932757465305619,11.352328269497264,3.965613662921581,0.31235477930096844,0.16836784940802585,0.7492893332452031,0.0507119602887407,0,-0.03101732475377772,0.15582164583184843,5.0,-0.17709932183516688,-0.2636053949273993,-1.8542169087857907,0.09067540720994649,False,0,,
1005249,LTH,Life Time Group Holdings Inc,Consumer Services,Leisure Facilities,screen,9175321320.0,10414846320.0,0.4449275362318841,-0.12792477585829864,2023-10-01,0.5666666666666667,ev_ebitda,60,0,0.286896327154246,-0.01101375622081141,9.58955501701651,8.539877487940132,1.344814824009442,0.12001896915323917,0.13078371021329338,0.04800447434493593,0.10437295495431043,0,0.03548331220531287,0.0176767219091416,12.0,-0.010739024752087541,0.006462103527715165,-0.09072598975715536,0.03803787194268171,True,0,,
1005225,LUCK,Lucky Strike Entertainment Corporation,Consumer Services,Leisure Facilities,screen,689454325.72,2431396325.7200003,-0.45966669802660065,-0.6214499772999729,2023-10-01,0.5098039215686274,ev_ebitda,51,0,0.2704221156946342,0.2084858894688377,6.987015671906801,6.569299600674361,5.169369002250892,0.032305660189722696,0.0539272501411292,-0.04693141869343098,-0.1905766028669963,0,-0.08238644478333335,-0.0024922020211697316,4.0,0.09438209037752136,0.1335039605466586,0.18699545628891837,-0.049832589603276856,False,1,,
1001285,LULU,lululemon athletica inc.,Consumer Goods,Clothing and Accessories,screen,10824415340.0,11575805340.0,-0.4593941437644018,-0.8118680201060064,2023-10-01,0.06666666666666667,ev_ebitda,60,1,0.1940449156159079,0.12195910467957126,5.701073928222699,6.383461735794825,0.33298338369599567,-0.03675557031984178,-0.18150516287185958,-0.08317030339494424,-0.22060070728993775,0,-0.12232324447248999,-0.05259807228997426,21.0,0.12097042519819161,0.09997385550880726,0.6448951531533935,-0.031960443782375836,False,2,39.56572769953051,468
1000160,LUMN,Lumen Technologies,Telecommunications,Telecommunication Services,screen,5612941360.0,16942941360.0,-0.08496732026143794,-0.5266272189349113,2023-10-01,0.3333333333333333,ev_ebitda,60,0,0.2970268867179563,0.06490102562002104,5.313420800056941,5.247730717707001,3.552188542063642,-0.022268755003534424,0.0151483292525747,-0.059070124047003736,-0.11113080441308554,0,-0.014940221093482031,0.007673743130862665,8.0,-0.012357628436685919,0.0717598188623916,-0.021752593383315783,0.009100101303412877,False,0,27.875586854460092,927
1005474,LUNR,"Intuitive Machines, Inc.",Industrials,Aerospace & Defense,screen,2278523203.5,2247521203.5,0.35361216730038025,-0.6884026258205689,2023-10-01,,ev_ebitda,19,,0.04505877134568388,-0.01900766674897809,38.491198445209456,13.708479905283388,,0.23489331534977542,3.187532172146418,1.871776360897814,0.12065336699932971,0,-0.14900973656762173,0.16373525204139416,4.0,-0.011258638533658214,0.01954703313883482,-0.4393361777459505,0.647834494559725,True,0,,
1000279,LUV,SOUTHWEST AIRLINES CO,Industrials,Airlines,screen,20627120000.0,22782120000.0,0.3282087758363186,-0.22994118781504924,2023-10-01,0.4166666666666667,ev_ebitda,60,0,0.12878429237500566,0.04446355194175106,5.086478463466371,4.508918195636585,0.6663381491439767,0.0416906066374747,0.18293931550704912,0.09876183181621023,0.13738357340505214,0,-0.012941153004187855,0.02544990651327539,16.0,0.07271656290353441,0.08586323363911962,0.33488447385049624,-0.12363059577431113,False,0,41.725352112676056,392
1000175,LVS,LAS VEGAS SANDS CORP.,Consumer Services,Casinos and Gaming,screen,24068640000.0,35954640000.0,-0.2818558879365517,-0.44635877796294865,2023-10-01,0.0,ev_ebitda,60,0,0.3524652062144036,0.24583947800073683,7.027067224790187,6.760244540170696,2.4517170230968595,0.04363930265197635,0.05006630374882559,0.0846289330993708,-0.005519615741315653,0,-0.051232410697686914,-0.017232617525595573,13.0,0.12314294394542548,0.10066343328956623,0.5792689454544814,-0.056279735238487394,False,1,26.607981220657276,965
1003335,LW,Lamb Weston Holdings Inc,Consumer Goods,Packaged Foods & Meats,screen,5682840000.0,5934640000.0,-0.2599907888283235,-0.5969501507387691,2023-10-01,0.0,ev_ebitda,60,1,0.17800936020806174,0.11213001215943787,5.115194500149498,4.847999473892039,0.21865605951490114,-0.0005073744250488899,0.032990526255056496,0.012670928442927831,-0.0681199550824062,0,0.034260440729043884,0.022437138761782105,7.0,0.09528187495451723,0.11295121861948906,0.46670611990453004,-0.02231280424296611,False,2,40.598591549295776,432
1000771,LXP,LXP Industrial Trust,Financials,Industrial REITs,screen,3540849047.8,4785893047.8,0.4180745383408908,-0.003761242845461976,2023-10-01,0.8833333333333333,ev_ebitda,60,0,0.7114662604092958,0.3999990448235751,17.945551754757528,16.75547021205636,5.0393342248514825,0.06544015271966441,0.07797118514822277,-0.0789717733632983,-0.08421466409500056,0,-0.011424951937213157,0.008868820218665308,1.0,0.02811443087506817,0.0363973527679014,0.37327640222636577,0.002932841333530778,False,0,,
1006351,LXRX,LEXICON PHARMACEUTICALS INC,Health Care,Biotechnology,screen,796528460.0,657355460.0,0.38888888888888884,-0.4762569832402235,2023-10-01,0.7666666666666667,ev_sales,60,0,-4.582726432065829,-4.253356154041318,-7.2065758334492775,-13.70810252913207,,0.41441834287816914,,-0.2802569144718675,-0.11687135646684299,,,-0.012404287501361022,3.0,-0.1055877652733458,-0.07920854426357056,0.9220268804808028,0.16609895707170774,False,0,,
1004464,LYFT,"Lyft, Inc",Technology,Application Software,screen,5876140140.0,5072185140.0,-0.3180372557928215,-0.3890923890923891,2023-10-01,0.0,ev_ebitda,60,0,0.10725753162655831,0.1483734819706107,5.674303113153279,4.952895158358793,-1.217091601458357,0.1137031865984266,0.20585662064247034,0.001779631381427782,0.03949918347047987,0,0.01437166683219293,0.005826536637744351,31.0,0.206651610167213,0.22101582479237197,1.358464745961131,-0.02676469982114449,False,1,53.13380281690141,137
1000772,LYV,LIVE NATION ENTERTAINMENT INC,Consumer Services,Out-of-Home Entertainment,screen,40717461827.35,40846977827.35,0.036107711138311016,-0.10166613605009023,2023-10-01,0.6833333333333333,ev_ebitda,60,0,0.12415107798597667,0.10000576446863643,10.694493899488169,9.60682700178799,0.03904532132468347,0.09247090389768209,0.11490404307348867,0.001320093634568753,0.007253717562422102,0,0.01983921914285114,0.012304907245430208,19.0,0.06910963209443738,0.07257956385306148,0.736749053109452,0.0029289873172022585,False,0,36.208920187793424,584
1006451,LZ,LegalZoom.com Inc.,Industrials,Research & Consulting Services,screen,983502930.0000001,826408930.0000001,-0.4595375722543352,-0.5871964679911699,2023-10-01,0.0,ev_ebitda,60,1,0.24878776587414697,0.21794046942788536,3.9583427361429266,3.600521086860288,-0.8385439797569761,0.05360092689835971,0.09230369433817476,0.00013939031340304275,-0.03632454670195118,0,-0.03151721310543465,-0.04128180698435113,7.0,0.19330677456882733,0.22794445941497288,0.9106282651351014,-0.014613497628388261,False,2,54.0962441314554,135
1003169,LZB,La-Z-Boy Incorporated,Consumer Goods,Home Furnishings,screen,1177452800.0,922685800.0,-0.11273632334875916,-0.3601103128073868,2023-10-01,0.2833333333333333,ev_ebitda,60,0,0.08441413100100668,0.03738262124955576,5.259637626099261,4.808955128626894,-1.3513375774623528,0.0016303215367043933,-0.01583461116597118,-0.052140201869417035,-0.11999983088257282,0,-0.14054020131798783,-0.03270127120354671,2.0,0.07338193249601876,0.09116513037435521,0.49253221091794036,-0.02265732411819077,False,0,44.80046948356807,303
1001283,M,"MACY'S, INC.",Consumer Services,Broadline Retail,screen,6188444000.0,7327444000.0,0.3150305980643713,-0.12381674323973368,2023-10-01,0.7833333333333333,ev_ebitda,60,0,0.0801658233760649,0.045425494155982994,4.02659953422967,4.071361799828359,0.630744769658168,-0.002787230257252915,0.006098558946271426,0.05397092284773475,0.08421642094612514,0,0.017674043913568083,0.004440132537776087,8.0,0.15204103051075143,0.1500735388288347,0.5170448310148115,-0.00301496917484656,False,1,47.73474178403756,232
1000268,MA,MASTERCARD INC,Technology,Payment Processing,screen,485650000000.0,498196000000.0,-0.02444310249599102,-0.08066882272530251,2023-10-01,0.15,ev_ebitda,60,0,0.634637565029198,0.5768230485391107,18.68274142318904,16.608461157801088,0.5490669628331005,0.12339658209160231,0.12703536396448323,0.02837560866941158,0.03827592222873499,0,0.008037436736767933,0.00497290543840978,28.0,0.04878740140145792,0.05497236380870741,0.8885286715134268,-0.02556743331775413,False,0,38.01643192488263,516
1000773,MAA,"MID-AMERICA APARTMENT COMMUNITIES, INC.",Financials,Residential REITs,screen,13519161600.0,19146058600.0,-0.11737577476475747,-0.26410247025135536,2023-10-01,0.08333333333333333,ev_ebitda,60,0,0.5613494070381664,0.2877988891250984,14.999146938217573,14.458262945713704,4.363157893983968,0.0225770170667714,0.007780289290912901,-0.034629906593144244,-0.06844300263336223,0,-0.012735077710482434,-0.009805893341107375,19.0,0.03191303780052738,0.028868409499743786,0.33799095782188165,-0.0023737313797924653,False,0,,
1000774,MAC,MACERICH CO,Financials,Retail REITs,screen,6169536100.0,10790583100.0,0.26918040412853217,-0.1501548872287961,2023-10-01,0.65,ev_ebitda,60,0,0.573409215294481,0.4012221050328219,17.380246375283804,16.061152144082683,8.634113448472306,0.08333459652320752,0.11681368678060045,0.23318918701407254,0.13267513473540182,0,0.08258279760062148,0.0729846056299599,7.0,0.029746904592698433,0.03940073484075424,0.295600595884804,0.11736334510311819,False,0,,
1003394,MAIN,Main Street Capital Corp,Financials,Asset Management & Custody Banks,screen,5190496433.54,7666043433.54,-0.06557121749365658,-0.12160091094409398,2023-10-01,,,,,,,,,,0.11766645039020651,,-0.011689341139600518,,,,0.023148095448414452,,,,,0.03427243484664122,False,0,,
1005965,MAIR,Madison Air Solutions Corporation,Industrials,Industrial Machinery and Equipment,screen,11522329940.55,14314229940.55,-0.0888888888888888,,2026-04-14,,ev_ebitda,11,,0.27590078720922256,0.24098822588977237,12.497664465954648,11.50543481823447,2.7707456920692457,0.06559042728148556,0.09035744991227479,0.017238212460442215,-0.007784919257372458,,,,8.0,0.07094033212768151,0.08156762489569333,0.7136649957849709,-0.013892944514424244,False,0,29.94131455399061,857
1000775,MAN,MANPOWERGROUP INC,Industrials,Human resource training and employment services,screen,2667672000.0,3530572000.0,0.5391834738857524,-0.22134485743226673,2023-10-01,0.4166666666666667,ev_ebitda,60,0,0.02665852715381153,0.02634032617574494,6.683321133181686,5.614385186144689,2.003502183921173,0.03725574927059139,0.1903232256191234,0.03205414118416039,-0.051248234497654144,0,-0.008792262482775759,0.009425767852525135,7.0,0.20522083034031494,0.2052744997115952,1.036337295496283,-0.00820943365307325,False,1,36.044600938967136,594
1005933,MANE,"Veradermics, Incorporated",Health Care,Biotechnology,screen,4739938866.08,,2.2113907284768213,,2026-02-04,,,,,,,,,,,,-0.75,,,,,,,,,6.381136530096699,True,0,,
1003073,MANH,"Manhattan Associates, Inc.",Technology,Application Software,screen,12044237550.0,11912009550.0,-0.030637135330276122,-0.3585770546839693,2023-10-01,0.23333333333333334,ev_ebitda,60,0,0.36461296281223665,0.3942928117241447,25.878063238263827,23.28870140538816,-0.32214186969315,0.0880072113183894,0.10868969077930135,0.005304232739834713,0.007150887101435854,0,0.01393809376693711,0.007737820454050803,8.0,0.041650400425923884,0.044058341776474656,1.0897960526737127,-0.023613752487905426,False,0,36.13849765258216,590
1000098,MAR,"MARRIOTT INTERNATIONAL, INC.",Consumer Services,"Hotels, Resorts & Cruise Lines",screen,93841955000.0,110294955000.0,0.3770222936300469,-0.11464007111113861,2023-10-01,0.7333333333333333,ev_ebitda,60,0,0.21685419999397101,0.18615049022206545,17.128616766981736,16.053520842730023,2.8124817972987253,0.059348042825281944,0.06962839571463109,0.009601157171119867,0.07120559369613844,0,0.012022636317680524,0.004560687860232671,19.0,0.04896657320667375,0.05454664735460853,0.7136140692351071,-0.03953918211082996,False,0,19.589201877934272,1054
1005094,MARA,Marathon Digital Holdings Inc,Technology,Application Software,screen,4277353245.76,6106576245.76,-0.3795180722891567,-0.6353395558416479,2023-10-01,0.7017543859649122,ev_sales,57,0,0.37804138326055386,-0.6578490475963269,18.931438876352868,32.23635644377731,,-0.05486112465867776,,-0.40238677809432355,-0.43709614460398827,0,-0.48158868099027563,-0.13657615061342854,9.0,-0.14488392516743698,-0.18187077083823672,-1.921237968849017,0.12390999162972949,False,0,,
1000298,MAS,MASCO CORP,Industrials,Building Products,screen,13587720000.0,16286720000.0,-0.02466797051308489,-0.18871860313301314,2023-10-01,0.23333333333333334,ev_ebitda,60,0,0.19483937595779652,0.16928103005243744,10.610510167632306,10.106701162178938,1.78883534760885,0.029743192323885337,0.023510180121345092,-0.031496650344633226,-0.05031471490951145,0,-0.015061525542441223,-0.016647130960591672,17.0,0.09005070632320826,0.0953007589177749,0.7971432046408305,-0.0468758279540159,False,1,29.518779342723004,870
1000776,MAT,MATTEL INC,Consumer Goods,Leisure Products,screen,4345056000.0,6155089000.0,-0.24777183600713004,-0.4287003610108303,2023-10-01,0.0,ev_ebitda,60,0,0.15732190986151556,0.11343363932729819,6.516818622111603,6.332071589998415,2.092855780607134,0.04450565936807371,0.07310087209520355,0.04462600740276956,-0.10873315009556916,0,0.000996141771032022,0.003419514165688309,11.0,0.1352938673983284,0.14352744551601834,0.6224074554532063,-0.07872526819956649,False,1,37.7112676056338,532
1003016,MATX,"Matson, Inc.",Industrials,Marine Transportation,screen,6832650000.0,7045750000.0,1.2486450909829614,-0.07946353730092204,2023-10-01,0.7166666666666667,ev_ebitda,60,0,0.20861458588700826,0.08121319875778749,8.781336826738086,8.651972646387492,0.26649577709859334,0.052250500305681236,-0.010167514016615753,0.12188719348046329,0.27765475308214516,0,0.06044631182716165,0.0646081905416438,2.0,0.04630049187997711,0.07483946316666054,0.39428312134340443,-0.06190947815143055,False,0,,
1005816,MAZE,"Maze Therapeutics, Inc.",Health Care,Biotechnology,screen,1572241641.1,1182617641.1,0.04820671037408397,,2025-01-31,,ev_sales,19,,-17.168487989982022,0.0,-5.666471138348661,-4.607547910041116,,-0.24616900579655654,,-0.02749999999999997,0.0977584237198319,,,0.0,8.0,0.008429748676997246,0.01236294102725182,-0.06350417074918784,3.640153490159266,False,0,,
1006509,MBGL,"Mobility Global, Inc.",Financials,Financial Data and Information Services,screen,5221285577.2,7016285577.2,-0.18074686264239903,,2026-06-26,,ev_ebitda,7,,0.3978165125331749,0.3700651146223847,8.714412157731516,7.887761770979184,2.4211098870358443,0.07989514614478344,0.08796525562902402,,,,,,,0.12258864902637032,0.13825516271631838,0.7949842884360034,-0.026218771411982367,False,1,,
1003789,MBIN,Merchants Bancorp,Financials,Diversified and Regional banks,screen,2278214049.76,,0.5545364039369367,-0.11949824819296395,2023-10-01,,,,,,,,,,0.09195880549788393,,0.01917919078803898,,,,0.009205576604965238,,,,,0.010926586402714378,True,0,,
1006384,MBWM,Mercantile Bank Corporation,Financials,Diversified and Regional banks,screen,1017677557.3,,0.3348117304320246,-0.06147409076279364,2023-10-01,,,,,,,,,,0.055740015702144374,,0.061580900394490934,,,,0.005088257219479919,,,,,0.0347456056014912,False,0,,
1005751,MBX,"MBX Biosciences, Inc.",Health Care,Biotechnology,screen,2697229327.65,2281989327.65,2.3497142857142856,,2024-09-13,,,,,,,-10.317110008484796,-8.355239171894056,,,,,0.3971695078532449,,,,5.0,0.005881853898073618,0.009544924985359395,-0.07172599114218746,1.132837137685574,False,0,,
1000777,MC,MOELIS & CO,Financials,Investment Banking & Brokerage,screen,4900080908.650001,,-0.16060503078986255,-0.24766029965386893,2023-10-01,,,,,,,,,,0.13076806909741423,,0.024319138332588253,,,,0.009378940557478677,,,,,0.018843837368872407,False,0,,
1004651,MCB,Metropolitan Bank Holding Corp,Financials,Diversified and Regional banks,screen,1096396256.3999999,,0.17740675087044977,-0.13723608728950798,2023-10-01,,,,,,,,,,0.15356875295525962,,0.13199063575937653,,,,,,,,,0.03521598546470317,True,0,,
1006818,MCBS,"MetroCity Bankshares, Inc.",Financial Services,Banks - Regional,founder-led,,,,,,,,,,,,,,,,,,,,,,,,,,,True,0,,
1000025,MCD,McDONALDS CORPORATION,Consumer Services,Restaurants & Bars,screen,164854313000.0,203895313000.0,-0.2205075613609796,-0.3096024950998749,2023-10-01,0.0,ev_ebitda,60,0,0.5632527056137195,0.43681503619364903,12.398738372165962,11.836357126956546,2.5330658912180737,0.02074425878341879,0.050510570102666685,-0.026349026737163772,-0.01760402229331237,0,-0.01742868032775302,-0.0321581595740158,20.0,0.06722147818124777,0.07068126864431153,0.6738738837499532,-0.00796104479412385,False,0,23.814553990610328,1027
1005928,MCHB,Mechanics Bancorp,Financials,Diversified and Regional banks,screen,3298974905.36,,0.2331232050304819,-0.12561892671926955,2023-10-01,,,,,,,,,,0.038802700967250914,,-0.01004295725252835,,,,,,,,,0.07267136962076792,False,0,,
1000133,MCHP,MICROCHIP TECHNOLOGY INCORPORATED,Technology,Broadline Semiconductors,screen,45082550000.0,50171550000.0,0.2427120465786725,-0.23826399128509146,2023-10-01,0.4,ev_ebitda,60,0,0.4274502443834251,0.39079986712404036,18.333984773522157,14.736847517553452,2.3987034268287575,0.2569078946178247,0.5083516908054426,0.13537273999152388,0.22059088734214471,0,0.09263356291661218,0.03712477817391169,13.0,0.05192500728121292,0.06674790614800336,0.8554298231252735,0.019786008753618356,False,0,31.326291079812208,797
1000057,MCK,McKESSON CORPORATION,Health Care,Health Care Distributors,screen,107139344000.0,110407344000.0,0.10954964098412145,-0.1406335727444913,2023-10-01,0.75,ev_sales,60,0,0.01778578483556726,0.013915292132581455,14.367662400704335,13.222980918821582,0.446191952919027,0.07165024863662195,0.09544879861600175,-0.024194872574924142,0.037385265676405544,0,-0.002191186811556056,0.00021327916860935936,13.0,0.05450402144142568,0.06168223314810466,0.7599161633173761,-0.038015135393756005,False,0,40.95070422535211,425
1000778,MCO,MOODY'S CORPORATION,Financials,Financial Data and Information Services,screen,78054722500.0,83504722500.0,-0.03863961213941147,-0.1527925979264,2023-10-01,0.016666666666666666,ev_ebitda,60,0,0.5362704273000775,0.48449503783320375,17.52799687656183,16.08605089019595,1.2758812641959467,0.07414553004016322,0.08853834539545313,0.015942110805069465,0.06678123094344701,0,0.00752058880726314,0.002489469515136511,19.0,0.0523339561173279,0.05792635389818015,0.8574405139180907,-0.021878744675610906,False,0,,
1003653,MCRI,"Monarch Casino & Resort, Inc.",Consumer Services,Casinos and Gaming,screen,2121562980.0000002,1996092980.0000002,0.09882121100109953,-0.13880824839727757,2023-10-01,0.7166666666666667,ev_ebitda,60,0,0.3736627334837707,0.32063704155550776,9.177527830509248,8.88672360080873,-0.6196944667243421,0.020559411325087096,0.05034391018810802,0.021139641261492148,0.06908163039601622,0,0.011667828878804576,-0.0036913563285198014,6.0,0.08940087169128014,0.09158241138787977,0.8720524866772158,-0.023172423175166657,False,1,44.65962441314554,308
1000779,MCY,MERCURY GENERAL CORP,Financials,Property & Casualty Insurance,screen,5553855030.0,4815153030.0,0.18169798688883065,-0.10761757021179486,2023-10-01,,,,,,,,,,0.06141703004071153,,0.05430404912402231,,,,0.020781034768186935,,,,,0.00010834236218126847,False,0,,
1000110,MD,"Pediatrix Medical Group, Inc.",Health Care,Health Care Facilities,screen,2097173120.0000002,2312931120.0,0.5361194029850747,-0.06060606060606066,2023-10-01,0.7833333333333333,ev_ebitda,60,0,0.1457631165759088,0.13971975681727852,7.9121472255861836,7.777785594007205,0.7545029829461078,0.032565664641055925,0.01367942137130207,-0.01482258103216283,0.11403410464343877,0,0.0007298495531571358,0.009245907605731407,6.0,0.11897866355397577,0.1266141449331798,0.8535619153180352,-0.015908925300718746,False,1,37.875586854460096,521
1003666,MDB,"MongoDB, Inc.",Technology,Internet Services and Infrastructure,screen,30178434000.0,27795775000.0,0.12317159610799666,-0.304032741066081,2023-10-01,0.05,ev_ebitda,60,0,0.2169732901519025,0.1951981733658731,42.31100984563446,33.95694177876913,-3.988923571637222,0.20942783782602348,0.30783871226787074,0.09487677739558875,0.45966370854956673,0,0.0757625046450443,0.023704210303726603,28.0,0.02204803887694884,0.027306405351437555,1.0128409904118227,0.02576043305414033,False,0,45.082159624413144,293
1003435,MDGL,"Madrigal Pharmaceuticals, Inc",Health Care,Pharmaceuticals,screen,14564183371.41,14066069371.41,0.09876597043561675,-0.16400975399366335,2023-10-01,,ev_ebitda,18,,0.10020414911961804,0.08536791903144897,65.62750916636645,19.23256027164537,,0.3765008746043923,,-0.040958416122098384,-0.5894926025327725,0,-0.367191968983304,-0.036170430488509764,12.0,0.01399176071018368,0.04764783209610897,0.9507616897307015,0.179377291968303,False,0,,
1005940,MDLN,Medline Inc.,Health Care,Health Care Supplies,pipeline,30083339999.999996,40333340000.0,-0.15365853658536577,,2025-12-17,,ev_ebitda,23,,0.10980159629826149,0.0796946553160636,10.920826518514495,9.968924076369007,3.0253920377600063,0.07760014240559099,0.09722422322827384,0.024487523310838588,-0.03349248985428188,,,,20.0,0.06966835286378988,0.0983753146785017,0.5674830781567893,-0.17055389255815256,False,0,15.363849765258216,1059
1000184,MDLZ,Mondelez International Inc,Consumer Goods,Packaged Foods & Meats,screen,74337120000.0,94071120000.0,-0.0415277980853519,-0.18937128683859705,2023-10-01,0.05,ev_ebitda,60,0,0.17544953789686327,0.13719895155967654,12.980086848446048,12.301252098667616,2.972303250211948,0.030869447202647837,0.06773413078955448,-0.015533798152957967,-0.06326942813238057,0,-0.0019934077696408536,0.004504292514413422,16.0,0.07314775821865893,0.07963587092130786,0.7502880609751581,-0.025049240047631316,False,0,26.913145539906104,958
1000054,MDT,Medtronic plc,Health Care,Health Care Equipment,screen,111084044000.0,130226044000.0,-0.06394281086881037,-0.15377231425861893,2023-10-01,0.13333333333333333,ev_ebitda,60,0,0.32252499984757477,0.2558780503523662,10.339944417247452,9.897388114017064,1.5763436651567,0.052496286667101266,0.055334510326857655,0.03486421839737286,0.004457760083639295,0,0.021873296744518322,0.004462974708631995,17.0,0.08397781174922582,0.09232914019374633,0.7406901888441814,-0.015913722973699862,False,1,34.49530516431925,666
1000780,MDU,MDU RESOURCES GROUP INC,Utilities,Multi-Utilities,screen,3909415609.9999995,6440303610.0,0.07045319391197791,-0.1753169668997523,2023-10-01,,ev_ebitda,25,,0.2909605187775668,-0.10025735068635665,10.362516185918295,9.360314925153789,4.670901239288731,0.06000628169025757,0.1117190537316266,0.051602950141776294,-0.0035636348581670196,0,-0.02715895486488762,0.011707817136864973,4.0,-0.08968879473736742,-0.07299179009584424,-0.5641686002452049,0.019863904995882642,False,0,,
1003237,MEDP,"Medpace Holdings, Inc",Health Care,Life Sciences Tools & Services,screen,17077576320.000002,16694988320.000002,0.21398008402053836,-0.009536806359986882,2023-10-01,0.85,ev_ebitda,60,0,0.2249595035416338,0.23287113263122816,24.74750534706759,22.874743153027822,-0.6268502820777837,0.0666753930228221,0.0782058173820308,0.04800041224853402,0.11894766943758617,0,0.021759751886628376,0.01780186587460797,9.0,0.042570249838194046,0.04750716146507202,1.0776500194198018,-0.05447663982696538,True,0,60.85680751173709,95
1000781,MET,METLIFE INC,Financials,Life & Health Insurance,screen,61035015000.0,61582015000.0,0.17573893148713227,-0.05792896448224116,2023-10-01,,,,,,,,,,0.046791604776739604,,0.005672566215457309,,,,-0.0020181939484266165,,,,,-0.048913745379238205,False,0,,
1000044,META,Meta Platforms Inc,Technology,Interactive Media & Services,screen,1862736379999.9998,1856140379999.9998,-0.009177968325693509,-0.07904202649780956,2023-10-01,0.5333333333333333,ev_ebitda,60,0,0.5783221156899494,-0.03192136722822611,10.492969661592378,8.361767714228883,-0.048576647392084435,0.1964488706820393,0.25803522120605926,0.16221353649449055,0.11421308675074093,0,0.01716768198874541,0.013658688353590742,41.0,-0.005094982825189709,0.009216253224875907,-0.05365148156116306,-0.008555782262237632,True,0,,
1000217,MGM,MGM Resorts International,Consumer Services,Casinos and Gaming,screen,7853886260.0,11374948260.0,-0.10415464512406225,-0.3874531465772342,2023-10-01,0.0,ev_ebitda,60,0,0.1370325986501131,0.08106279722023307,4.6368597372006395,4.4016921423295985,1.4970613280637697,0.015026604805889132,0.05370171184304362,-0.011092192310050542,-0.12461688791713743,0,-0.029791856648526127,-0.004019305848636301,15.0,0.1348248956285142,0.10001853233770061,0.4316474993559713,-0.09031814666626647,False,1,35.551643192488264,617
1004778,MGNI,Magnite Inc,Consumer Services,Advertising,screen,3744055680.0,3761840680.0,0.15977961432506893,-0.04751131221719451,2023-10-01,0.8833333333333333,ev_ebitda,60,0,0.3573613503420393,0.31090289597878223,11.546053596928138,9.634828584621195,0.06591110352058348,0.14523936556017247,0.1759279917674914,-0.0035929901012440313,0.08902467245267398,0,0.07136809493357732,0.025869007232655283,9.0,0.07024959643647162,0.0832521070798313,0.8072709102061671,-0.001967622119704582,False,0,35.316901408450704,629
1004127,MGTX,MeiraGTx Holdings plc,Health Care,Biotechnology,screen,999964455.36,956798455.36,0.33657351154313475,-0.26519706078824323,2023-10-01,0.7083333333333334,ev_sales,48,0,-2.359757761130085,-2.161819196870348,-6.118378111977775,-9.085745923656214,-0.5963233630596141,-0.30164765941069627,,-0.7254654108994324,94.03362068698513,,,0.09728372091111903,5.0,-0.14623789987844962,-0.08684410826481828,0.9351049404170942,0.22438264521989826,True,0,74.23708920187794,26
1004300,MGY,Magnolia Oil & Gas Corp,Energy,Oil & Gas Exploration & Production,screen,5703834009.0,5801532009.0,0.009994063665570208,-0.2645547781832086,2023-10-01,0.03333333333333333,ev_ebitda,60,0,0.7146349334425209,0.3778785299435777,3.022870223595,2.8926135161267847,0.07677150335613497,0.1913826299344381,0.19521341201670328,0.7612483622775574,0.8091106617863681,0,0.7692045168271433,0.7151484651407491,11.0,0.15368300274820285,0.17013108192263743,0.4567405028521491,0.05340506990456806,False,1,49.51877934272301,185
1005888,MH,"McGraw Hill, Inc.",Consumer Services,Educational and Vocational Training Services,screen,2498482675.9,4879285675.9,0.04462151394422298,,2025-07-24,,ev_ebitda,21,,0.35953271140282295,0.22160890919626205,6.320880900051815,5.947198043351282,3.1400255743884973,0.035630912729766706,0.049925337020722216,-0.0014845850617934975,0.03634228544385221,0,0.003417320541354796,-0.0002892905084508346,10.0,0.11864754280954243,0.16063536412991195,0.3840223066670628,0.08368704854774012,False,1,36.889671361502344,562
1000783,MHK,MOHAWK INDUSTRIES INC,Industrials,Building Products,screen,7619808000.0,8686708000.0,-0.03257834315854791,-0.23343577135832816,2023-10-01,0.5666666666666667,ev_ebitda,60,0,0.12231562061642604,0.07298792937287447,6.222458889305111,5.945918153732356,0.7756789123282869,0.027353103021348968,0.021344329372723347,0.015330244130670634,-0.07844301155878508,0,0.00016720598087860417,0.010226622305583577,14.0,0.1071681633865381,0.10745990825703856,0.5849471497914459,-0.021928915833404172,False,1,35.88028169014085,603
1000784,MHO,M/I Homes INC,Consumer Goods,Home Building,screen,3543127110.0000005,3694473110.0000005,-0.06445582941013572,-0.22747541733363819,2023-10-01,,ev_ebitda,32,,0.11510651714198152,0.07948361294990136,7.3761010134070695,,0.328293529194514,0.009742050074232012,,-0.13242711908854687,-0.043463754116769504,,,-0.01042707023984335,2.0,0.10202281308859631,0.005418267481854524,0.72170277115212,-0.04429817224610244,False,1,31.725352112676056,779
1005868,MIAX,"Miami International Holdings, Inc.",Financials,Securities exchange,screen,3736581063.75,3180412063.75,-0.16790859413810233,,2025-08-14,,ev_ebitda,20,,0.5259321935109721,0.4540364841938594,10.081561811752206,8.89024478636087,-2.219982839488859,0.09804540513978077,0.14704847075420924,0.12501252915306216,0.2630861301944478,0,0.03277188176349166,0.008049278211694766,6.0,0.08031754413791416,0.09786138522801688,0.9513257545479638,0.21823292170215902,True,1,,
1003272,MIDD,MIDDLEBY CORP,Industrials,Industrial Machinery and Equipment,screen,4658506177.5,6478852177.5,-0.03132908364196507,-0.28144294134222325,2023-10-01,0.4166666666666667,ev_ebitda,60,0,0.23540327706042133,0.20577031725635475,10.534306565502634,10.04336324828658,3.201942069129379,0.04591348635335124,0.05991113549867655,-0.36998106533971253,-0.2848923545479094,0,-0.23454775655328153,-0.26856333471142557,7.0,0.095757571198773,0.10472400567330344,0.7253167043291143,-0.08010987840049599,False,1,25.974178403755868,986
1005241,MIR,Mirion Technologies Inc.,Health Care,Health Care Technology,screen,3947211450.0,4730411450.0,-0.39294926913155637,-0.5253781512605042,2023-10-01,,ev_ebitda,21,,0.28011047371391923,0.23129134334983487,13.78082385771841,12.144881057384682,2.760631263231085,0.07796953304019816,0.1352184216842558,0.08351909632054433,0.10610758509375984,0,0.031097011117904527,-0.003023389865153492,7.0,0.06666624819506377,0.07537485655380372,0.766606807180146,0.14609850724352058,True,0,,
1004583,MIRM,Mirum Pharmaceuticals Inc,Health Care,Biotechnology,screen,5318361437.36,5630149437.36,0.1660073659800847,-0.3351481683129812,2023-10-01,0.7333333333333333,ev_sales,60,0,-0.021624826056927265,-0.08329645598107632,-317.2368755707556,32.51861974110673,,0.22890594042378187,,0.13244433198461714,-1.2371706314947202,,,-0.0008089651420252197,8.0,-0.011774246275524376,0.02745204714467849,3.5283747538431487,0.14414970782647485,True,0,,
1000785,MKC,MCCORMICK & CO INC,Consumer Goods,Packaged Foods & Meats,screen,11882488000.0,16484788000.0,-0.28413035887256066,-0.42791611696099696,2023-10-01,0.0,ev_ebitda,60,0,0.2006219500126249,0.16514476408467166,10.086190429271278,9.635958836209154,3.0430540526014696,0.03220767936357749,0.05084914662452156,0.06611792343250644,0.05372922031839722,0,-0.002513680362437376,-0.0003024015068112673,6.0,0.09431703895851443,0.10175585777436777,0.6857113520350634,-0.00045125429122760963,False,1,25.645539906103284,992
1003007,MKL,Markel Corp.,Financials,Property & Casualty Insurance,screen,21735177120.0,22034873120.0,-0.10406726100786867,-0.21873716866645376,2023-10-01,,,,,,,,,,0.02229660627354879,,0.005256322908374855,,,,-0.001784979865020797,,,,,-0.0194593387690134,False,0,,
1000786,MKSI,MKS Inc.,Technology,Other Semiconductors,screen,19068172000.0,22400172000.0,1.1529530061381559,-0.40286242936420835,2023-10-01,0.55,ev_ebitda,60,0,0.304396044197151,0.22706182251841633,12.035136961269652,10.760849506549015,2.521696280624093,0.14571077077452022,0.20245789824063443,0.426597007003656,0.7213601855161893,0,0.19602690724016547,0.1127526151752467,10.0,0.06692492871876302,0.08507087869138064,0.6856408140881984,0.024354285607589565,False,0,,
1003504,MKTX,MarketAxess Holdings Inc,Financials,Investment Banking & Brokerage,screen,5787441240.0,5671170240.0,-0.04111924611762263,-0.425568595007322,2023-10-01,0.16666666666666666,ev_ebitda,60,0,0.49851793865077265,0.17673813103628402,11.922710538074167,11.008814019476514,-0.2658516258432706,0.06851101445905661,0.08081302296898896,-0.054946607100589295,-0.08372121884072248,0,-0.003678973877083158,-0.0066365990990499,6.0,0.031076626189188914,0.08642564718659419,0.37811401439500647,-0.033955675671557106,False,0,,
1003655,MLKN,"MillerKnoll, Inc.",Industrials,Office Services and Supplies,screen,1411318210.8999999,2531518210.8999996,0.15385749524244496,-0.31697666473707165,2023-10-01,,ev_ebitda,18,,0.1051863160991519,0.0688172814242486,6.105613088762656,5.813999204603954,2.8280083952970276,0.03365723832134315,0.061123561650460845,0.0011127534503543313,-0.04894971283818317,,,,1.0,0.14529536192975673,0.20837978276601032,0.4945667559647418,-0.03183043583846856,False,1,,
1000787,MLM,MARTIN MARIETTA MATERIALS,Materials,Building and Construction Materials,screen,28846034000.0,34677034000.0,-0.2344532857090279,-0.31950374671041226,2023-10-01,0.45,ev_ebitda,60,0,0.3427406685837363,0.24015682098479818,13.064419684741981,11.879232626720741,2.5154431911469204,0.06859215645306871,0.10237223016834496,-0.04218449500118571,-0.07682319746135513,0,-0.010463582515502945,0.015618987163948717,14.0,0.05685479359268968,0.0633830049057531,0.617876072534466,-0.010771447154700575,False,0,26.091549295774648,981
1005399,MLTX,MoonLake Immunotherapeutics,Health Care,Biotechnology,screen,847808445.12,410292445.12,0.6317991631799162,-0.8167867209520827,2023-10-01,,ev_sales,18,,-14.631919418300626,0.0,-1.2881443694785937,-1.3966487395047218,,,,-0.7014660233181422,-0.025768691562110257,,,0.16731196003925453,7.0,-0.00419244545540322,0.005770627605107841,0.011159280102924149,0.10776272348257243,False,0,,
1005526,MLYS,"Mineralys Therapeutics, Inc.",Health Care,Biotechnology,screen,2009731129.04,1445936129.04,-0.33728902953586504,-0.4690471159940841,2023-10-01,,ev_sales,14,,-2.7755819773736596,-0.0,-6.5298533652648265,-14.619598801474888,,,,-0.3240581370421777,0.31153882418281253,,,-0.3427573489621959,5.0,0.010650448904713027,0.013790054704206557,-0.09666298273377416,0.31401613955751007,False,0,,
1005977,MMED,"Minimed Group, Inc.",Health Care,Health Care Equipment,screen,5507600000.0,,0.05300162249864804,,2026-03-06,,ev_ebitda,0,,0.15399359277325864,0.0758907379284263,,,,0.0931779471590477,0.7757848675825205,0.010868705491419384,-0.00706742047119957,,,,8.0,0.04758977237576845,0.0735886681379304,0.49513378637584643,0.007487789290580027,False,0,,
1000789,MMI,MARCUS & MILLICHAP INC,Financials,Real Estate Services,screen,1101030240.0,964418240.0,-0.013326073176246678,-0.3309053045407192,2023-10-01,,ev_ebitda,31,,0.08125264939147299,0.08125264939147296,13.016676978693518,,-2.918518008136971,,,-0.1960455200573158,0.3744001326079913,,,-0.0034407985985636103,1.0,0.08414353474198057,0.003325201629667647,1.2504165442708346,-0.011310669170954468,False,1,,
1000283,MMM,3M CO,Industrials,Diversified Industrials & Conglomerates,screen,85135528000.0,94356528000.0,0.07733042338234397,-0.10290247939096431,2023-10-01,0.6166666666666667,ev_ebitda,60,0,0.3045036810553223,0.23909158622086912,11.654470824782726,11.018017768202641,1.2526505105501917,0.0409280441646771,0.06994075648858988,0.039212873493530864,0.06473889027161772,0,0.028293637572030628,0.022565278919885357,12.0,0.07087138132856985,0.07872776501874831,0.7452506069537563,-0.02620026663469377,False,0,30.950704225352112,820
1003445,MMSI,Merit Medical Systems Inc,Health Care,Health Care Equipment,screen,5169516900.0,5457075900.0,0.03604469542232369,-0.21815214434672225,2023-10-01,0.16666666666666666,ev_ebitda,60,0,0.2700979045286128,0.2162072570094987,11.626121197978744,10.578062926929308,0.6870722529976887,0.06136858713910942,0.0929779018656729,0.03008429116415412,0.13180247602698092,0,0.05372939591687054,0.012797667915414479,6.0,0.07032221473904823,0.07964915172961609,0.7744927402597555,0.010001475096192536,False,0,,
1000790,MNKD,MANNKIND CORP,Health Care,Biotechnology,screen,1221304450.0,1202671450.0,-0.2737430167597765,-0.47580645161290325,2023-10-01,0.62,ev_ebitda,50,0,0.14432746083243897,0.10432509179508669,16.339414822768063,15.37217665512042,-0.5122033095721543,0.0853227188281731,0.5761361541096042,0.13613135887476857,-0.37450594731844533,0,-0.3958636437309756,-0.026485558627697636,6.0,0.006153057966240733,0.014323539446916484,0.10209499289709967,0.06316839560444976,False,0,,
1005613,MNR,Mach Natural Resources LP,Energy,Oil & Gas Exploration & Production,screen,1728987539.9999998,2857789540.0,-0.11084228941043905,-0.3262567422624566,2023-10-25,,ev_ebitda,34,,0.5044815862259482,0.27605140638757125,4.12143975536069,4.054237637416314,1.6157610209157112,-0.0017488580688342914,-0.019771780197581745,-0.12780103564012113,-0.18556185395175095,0,-0.062028432649316234,-0.03863361435174728,6.0,0.16794930467210192,0.17966374725692344,0.4187827528205424,0.3114155199448425,False,1,34.58920187793427,658
1000322,MNST,MONSTER BEVERAGE CORPORATION,Consumer Goods,Soft Drinks,screen,83309010120.0,79889754120.0,0.23666617144555024,-0.3521170610211706,2023-10-01,0.5166666666666667,ev_ebitda,60,0,0.31643375658085876,0.29450708640325535,23.624416388659498,21.158404645535192,-1.17093798667247,0.09409455218048945,0.11827400703837965,0.13111049735290337,0.11668880615806532,0,0.02046210816965499,0.024329984631162427,16.0,0.03916565924647408,0.04215065482482746,0.9648669251587383,-0.013222849754477961,False,0,40.528169014084504,434
1000791,MO,ALTRIA GROUP INC,Consumer Goods,Tobacco,screen,111806500000.0,134016500000.0,0.08831781270030059,-0.08681924504069116,2023-10-01,0.7166666666666667,ev_ebitda,60,0,0.6442124881899758,0.6299901877183641,10.049287577039895,9.854378996104057,1.727708131381448,0.007813721813338503,0.023260839609911432,0.01972880226294027,0.004561197890905921,0,-0.0006081836749446401,0.0012567676040062814,6.0,0.10728290819950792,0.11009595770161025,0.8994449610222416,-0.014267744908882607,False,1,31.46713615023474,788
1003665,MOD,Modine Manufacturing Co,Industrials,Industrial Machinery and Equipment,screen,10217340000.0,10598240000.0,0.31682611142374784,-0.3900094496399361,2023-10-01,0.20512820512820512,ev_ebitda,39,0,0.16331267917113565,0.08611823939068373,16.29116204447851,11.021922037983458,0.6784049703325132,0.27206352204924555,0.4289724715139771,0.15309215193396652,0.12135720581148202,0,-0.03194569212308185,-0.025750560175540116,6.0,0.03093826712906324,0.05650845757625553,0.4859058682185119,0.004208575996524244,False,0,39.448356807511736,472
1000792,MOGA,MOOG INC.,Industrials,Aerospace & Defense,screen,12515698542.52,13355935542.52,0.8439131337003885,-0.14349544209439125,2023-10-01,0.8666666666666667,ev_ebitda,60,0,0.15164907853425494,0.10984669460688018,18.621735651350004,,1.2694106056944736,,,0.11925897204313318,0.07088568859030597,0,0.027305350717251153,0.023498484621119475,1.0,0.03587645753597593,0.0,0.6260521204147815,-0.004501183263489694,False,0,,
1000359,MOH,MOLINA HEALTHCARE INC,Financials,Life & Health Insurance,screen,9277605000.0,8061605000.0,-0.011810200668896376,-0.5492575024432103,2023-10-01,0.13333333333333333,ev_sales,60,1,0.02038459950103341,0.008576688869331299,8.175748166869976,6.276035647991326,-1.5654122747891843,0.06742147773704255,0.36239969956353035,-0.03442197109559497,-0.42995392650275643,0,0.013215011321752845,-0.0037709455626351307,12.0,0.022867963358338118,0.0388807948170541,0.21516387475391438,-0.0583040521011694,False,1,,
1005158,MORN,Morningstar Inc,Financials,Financial Data and Information Services,screen,7285101000.0,8474601000.0,-0.1724236167760056,-0.46244520953073376,2023-10-01,,ev_ebitda,31,,0.35113739301542857,0.3032783024431143,8.617349334865228,7.939747319503192,1.3628238499188936,0.05873482209198744,0.08538292611220832,0.0018373851149933174,0.06947587053079296,0,0.0221220016294561,0.010665392138720087,3.0,0.10737420606134622,0.11702891790054011,0.7954080496514099,-0.05827125738497785,False,1,,
1001053,MOS,THE MOSAIC COMPANY,Materials,Fertilizers,screen,6850745000.0,12412445000.0,-0.3527921667536884,-0.4073342494808908,2023-10-01,0.85,ev_ebitda,60,0,0.1649491227865387,0.06136128368643349,5.985380311764049,5.501095142265095,3.086797914967303,0.009298136853771455,0.18897362906988158,-0.009581934096807632,-0.19595010298085147,0,-0.05897358977566103,-0.0036308468963440754,11.0,0.08034506532019026,0.134422396425135,0.26541864284893424,-0.004343987554374595,False,1,34.448356807511736,669
1004903,MP,MP Materials Corporation,Materials,Specialty Minerals,screen,8222874727.650001,7704818727.650001,-0.29491575965409267,-0.5206284845413076,2023-10-01,0.23333333333333334,ev_ebitda,60,0,0.4888961991737566,-0.323347023184194,19.848824784111834,14.573666964273652,-4.728070415906302,0.460977815142283,0.9283943673492645,-0.2095471958203251,-0.14494410183848505,0,-0.06746448487470946,-0.0022971060911939345,11.0,-0.03562494658180261,-0.0027390804350201857,-0.754658153020572,0.05599569230139623,True,0,,
1000793,MPC,MARATHON PETROLEUM CORP,Energy,Oil & Gas Refining & Marketing,screen,121843500000.0,146891500000.0,1.0858394294514073,-0.06935912824495749,2023-10-01,0.38333333333333336,ev_ebitda,60,0,0.13352286146621317,0.11006397211759587,6.687095832710532,9.648050627510148,1.077844672171683,-0.044268144509997054,-0.25078952838143853,0.26478701842245256,0.9343229407296858,0,0.5291911911813063,0.19070748077260458,13.0,0.13818084656921403,0.08440981392201848,0.7664628262817536,-0.08817781040620565,False,1,36.53755868544601,569
1005894,MPLT,"MapLight Therapeutics, Inc.",Health Care,Biotechnology,screen,437503987.17,133533987.17000002,-0.4443838604143948,,2025-10-27,,,,,,,-0.5092857378384821,-0.4480733404690096,,,,-0.4444444444444444,0.17325579034048344,,,,7.0,0.03499942659245063,0.05400414734717121,-0.05839997242419211,7.508911852392764,False,0,,
1000753,MPLX,MPLX LP,Energy,Oil & Gas Storage & Transportation,screen,57195250000.0,81804250000.0,0.21877170603670693,-0.06491781504233762,2023-10-01,0.75,ev_ebitda,60,0,0.5610421992193394,0.40207741334506514,10.448086636684872,9.924010563704881,3.4160872908318205,0.050269024416984776,0.06512164037030699,-0.011168092279033148,-0.01664886279627409,0,0.0010731344427243883,0.018804297693262972,12.0,0.07664948940880532,0.08497516580480437,0.5599253455761228,-0.0010873374742046416,False,0,28.838028169014084,887
1000754,MPT,"MEDICAL PROPERTIES TRUST, INC.",Financials,Health Care REITs,screen,2015128570.0,11323566570.0,-0.26262734244789865,-0.3905150843874904,2023-10-01,0.38333333333333336,ev_ebitda,60,0,0.824037300553293,0.6616249998260095,12.82161587773825,12.859023905316144,10.619311614938946,0.015109162086650807,-0.0023035975287838406,-0.0015327662568531686,-0.05993963671789493,0,-0.0199131645159778,-0.0012305879923962815,3.0,0.04489570183033988,0.10252185287725367,0.1024394055344516,-0.0020807848364996495,True,0,,
1003093,MPWR,"Monolithic Power Systems, Inc.",Technology,ICs Semiconductors,screen,67041382200.0,65627621200.0,0.473171146536036,-0.20038070378008022,2023-10-01,0.5,ev_ebitda,60,0,0.40140551119580836,0.3258232178959739,30.621804192548982,24.781117402012747,-0.9565553302489506,0.24090447280335936,0.2765542966327834,0.4766636009793226,0.5342592832309827,0,0.21145283207194243,0.1797077382410861,8.0,0.026437109944551857,0.03273664232861434,0.8269915064399098,0.0048079414203829884,True,0,67.89906103286384,69
1005105,MQ,Marqeta Inc,Technology,Payment Processing,screen,1815549000.0,1118795000.0,-0.1953125,-0.4203615279672578,2023-10-01,0.07142857142857142,ev_ebitda,42,0,0.2199924836720128,0.25382774040464173,6.324748045810788,5.130114223472249,-5.118805659966832,0.14048893757904812,0.226681988590961,-0.08067426466387029,-0.004369626124144932,0,-0.0010604941853713523,-0.02728097137499974,11.0,0.1255751934583984,0.15297601814288178,1.288856432084181,-0.09004870714203539,False,1,58.57981220657277,103
1000755,MRCY,MERCURY SYSTEMS INC,Industrials,Aerospace & Defense,screen,5150044130.0,5377238130.0,0.07235142118863047,-0.34236589810633067,2023-10-01,0.5333333333333333,ev_ebitda,60,0,0.1818961308729105,0.1037664228176647,27.279170091052297,21.437109265116757,1.4011459893852451,0.10642590566492705,0.2923291002443442,0.05312009171631793,0.07585461663441162,0,0.0661040713746921,0.03488793648044752,7.0,0.0181435131513971,0.031111290668682484,0.4740282434596838,0.014802630609400458,False,0,33.955399061032864,684
1000374,MRK,"Merck & Co., Inc.",Health Care,Pharmaceuticals,screen,355173649999.99994,401938649999.99994,0.7821621569225932,-0.06572238641378791,2023-10-01,0.9166666666666666,ev_ebitda,60,0,0.4849839846955822,0.4073693739600573,11.809120853063533,11.012251982493046,2.2860718983836295,0.05346302067651143,0.4705035140601257,-0.016348077243684922,-0.052293794855214126,0,-0.00750473274372121,0.001118467474394036,15.0,0.07695932602644671,0.0863928626753973,0.803081814804436,-0.012461553805499404,False,0,33.321596244131456,711
1004353,MRNA,Moderna Inc,Health Care,Biotechnology,screen,75198120000.0,71289120000.0,6.455284552845528,-0.05352403420819829,2023-10-01,0.9666666666666667,ev_sales,60,0,-0.767616735519535,-0.8808023704331809,-39.12760745531415,-74.14764741558915,,0.2196620866287855,,-0.03355430344136601,-0.11924963832773072,,,0.00494719563423951,13.0,-0.025822868445621632,-0.014742909278614866,1.0657896657666286,0.014108317814637283,False,0,,
1005817,MRP,"Millrose Properties, Inc.",Financials,Specialized REITs,screen,4184735032.7999997,6629296032.799999,-0.1451569624648107,,2025-02-05,,,,,,,,,,0.0555814743062204,,-0.024292215508722625,,,,,,,,,0.0001941183623124232,False,0,,
1000788,MRSH,Marsh,Financials,Insurance Brokers,screen,82831700000.0,103186700000.0,-0.13544151323781428,-0.2918008362767386,2023-10-01,0.03333333333333333,ev_ebitda,60,0,0.2911628595432966,0.25503390426504186,11.824625043389469,11.10583869029691,2.517563033775561,0.04969333711184509,0.06270646406188418,-0.0022242274020276565,-0.07128891206983068,0,0.002803162659597014,0.005586074260342411,13.0,0.08322412201102489,0.09348233592175019,0.789967913240805,-0.014984350718717954,False,1,,
1006377,MRTN,"Marten Transport, Ltd",Industrials,Trucking,screen,1067772720.0,963911720.0,0.23389604653293583,-0.3684763889524941,2023-10-01,0.15,ev_ebitda,60,0,0.1749539632251732,-0.008683770126167516,5.498668986118292,,-0.807529773161088,,,0.07983272849207035,0.07463153307062464,,,,2.0,-0.004402529418352739,,-0.026816457321727223,0.0009552238119512335,False,0,,
1006442,MRVI,Maravai LifeSciences Holdings Inc,Health Care,Life Sciences Tools & Services,screen,2005500000.0,2082514000.0,1.6689895470383274,-0.32451499118165783,2023-10-01,0.8490566037735849,ev_ebitda,53,0,0.17275419761538657,0.1485013658289629,53.684328884226574,42.61298240886795,4.053302394054054,0.06793762056705543,0.17051067301868983,-0.009684541057529028,0.2637640009205988,0,0.06351499030269081,-0.008056939403522034,7.0,0.00944012020412696,0.01397998714487745,0.4880449117449222,0.02057484002303611,False,0,24.683098591549296,1013
1000052,MRVL,Marvell Technology Group Ltd.,Technology,ICs Semiconductors,screen,246955296000.0,247985396000.0,2.149433771827092,-0.1648226125891039,2023-10-01,0.9166666666666666,ev_ebitda,60,0,0.3901037869798288,0.23540475398820174,52.75217927775873,32.68233842587605,0.24453416775414819,0.49226956802144706,0.5304205771028954,0.2826632662355031,0.29198323622494393,0,0.049693212681049426,0.04629665230895408,20.0,0.010848846426100909,0.02271095107643567,0.5699230285299554,-0.0015544050847362545,False,0,41.044600938967136,421
1000756,MS,MORGAN STANLEY,Financials,Investment Banking & Brokerage,screen,295019070000.0,680197070000.0,0.210013008011376,-0.17254283180461594,2023-10-01,,,,,,,,,,0.05731272479401883,,0.1555825987238364,,,,0.05183733941291924,,,,,-0.015332543880446692,False,0,,
1003050,MSA,MSA Safety Inc,Industrials,Diversified Support Services,screen,6927923910.0,7327610910.0,0.04613229088941284,-0.11656010503920045,2023-10-01,,ev_ebitda,29,,0.25806698613568424,0.2170566303306351,12.449879977063521,11.606269203010148,0.7650156244778719,0.06384273291658049,0.08237180030525648,0.1087370672978083,0.10420290538502064,0,0.07555786868367487,0.08865569010612928,4.0,0.06889969274141891,0.08083720882631082,0.8110043027628651,-0.009681726587585482,False,0,,
1000269,MSCI,MSCI Inc.,Financials,Financial Data and Information Services,screen,39758931000.0,45782931000.0,-0.03704137061960355,-0.1603583177409088,2023-10-01,0.0,ev_ebitda,60,0,0.6208235973707028,0.5848104047374124,19.340965290141884,17.68945385501274,2.8771380279577934,0.08511506789462908,0.0956582629977345,0.03934863474905459,0.05015105156471744,0,-0.0029635905721687728,0.006141267558529506,14.0,0.049255140073146235,0.05496698613932019,0.8272957827295669,-0.03987628205163074,False,0,,
1005649,MSDL,Morgan Stanley Direct Lending Fund LLC,Financials,Asset Management & Custody Banks,screen,1161988431.39,3063712431.3900003,-0.04090525973659209,-0.2723623078076183,2024-01-24,,,,,,,,,,-0.0006369152916427812,,-0.029537416637171465,,,,0.009497461607729019,,,,,-0.023165871478950995,False,0,,
1000185,MSFT,MICROSOFT CORPORATION,Technology,Systems Software,screen,3816770399999.9995,3770994399999.9995,-0.0016025083073917257,-0.04602730123012433,2023-10-01,0.2,ev_ebitda,60,0,0.6090498049047743,0.10076355052359195,15.835291451166956,13.050250106462997,-0.21929929060611453,0.18635134935940245,0.20596856046017908,0.054156088157947035,0.09244955819015921,0,0.021570480173523032,0.015988790253251395,33.0,0.010216740078599748,0.01552692290781958,0.1637489612961711,-0.0010047224479992067,False,0,28.884976525821596,885
1004734,MSGE,Madison Square Garden Entertainment Corp,Consumer Services,Out-of-Home Entertainment,screen,3801014150.0,4077659150.0,0.7707780725022104,-0.09398326170549653,2023-10-01,0.8775510204081632,ev_ebitda,49,0,0.2937528712915512,0.2261930469802539,12.306564236633847,11.401127747404432,0.8602478800908653,0.05885279538800536,0.06009625718875,0.06050938764067326,0.03181625612525085,0,0.04578690275322228,0.026541420595058707,4.0,0.05893194898350144,0.08050957749738813,0.6760459152088539,-0.006058816461381511,False,0,34.49530516431925,666
1000333,MSGS,Madison Square Garden Sports Corp,Consumer Services,Out-of-Home Entertainment,screen,9710695940.0,9804684940.0,0.785066079295154,-0.026732958639573368,2023-10-01,0.9,ev_sales,60,0,-0.009185311723877614,0.013726539889093307,-983.1363216641839,-1811.7755039911847,4.404240607299612,-0.011719279781135628,,0.03674728827331308,-1.3068509718778951,0,-3.1658254397318695,0.03261453932677272,5.0,-0.0004400926932317106,-0.0009958601988567968,0.4285234694054449,0.0032318294320896612,False,0,,
1000757,MSI,MOTOROLA SOLUTIONS INC,Telecommunications,Communication Equipment,screen,74936532000.0,83258532000.0,-0.013437773318491275,-0.09940018149167607,2023-10-01,0.4166666666666667,ev_ebitda,60,0,0.3304911576789941,0.3010783474060847,18.064120303197566,16.451385984157376,1.9959174006377751,0.07102382499775062,0.08288378252665618,0.043167170690258994,0.057595966120683295,0,0.014516297793176536,0.022960471274062533,9.0,0.05065076010776207,0.057754012761913776,0.823507625992798,-0.010197395643151475,False,0,27.05399061032864,953
1000228,MSM,MSC INDUSTRIAL DIRECT CO INC,Industrials,Industrial Distribution,screen,7194715000.0,7627395000.0,0.3934790348479067,-0.02796983029541167,2023-10-01,0.9,ev_ebitda,60,0,0.12620452592852024,0.08924527026415521,14.127520325316363,12.789596823408518,0.9027203485293487,0.06274834828908071,0.12205898566689766,0.0423287708686968,0.15195434577305234,0,0.07241456682040104,0.02325006536028118,8.0,0.050220380908088155,0.05801732159907178,0.6692421728283244,-0.003964182981348152,False,0,35.62206572769953,613
1003040,MSTR,Strategy Inc,Technology,Application Software,screen,56581707000.0,61539984000.0,-0.5248750814686074,-0.6769094400945487,2023-10-01,0.2982456140350877,ev_ebitda,57,0,2.689174459533728,2.585585811324405,45.54378128978879,4.36729955615636,1.6118580924700627,0.014671772297639496,0.8576327792037981,0.04910672495782009,26.779736113806386,0,-0.8719110826577643,-0.021089776694520834,3.0,0.023247440644553256,0.2493244022483289,0.9734707331459018,0.37798638862188594,False,0,24.166666666666668,1020
1000759,MTB,M & T BANK CORP,Financials,Diversified and Regional banks,screen,31897851300.0,32641851300.0,0.13265464694422557,-0.13808401214789878,2023-10-01,,,,,,,,,,0.038690105392587215,,0.006658259549690682,,,,0.008840544393966976,,,,,-0.06553348681611504,False,0,,
1003006,MTCH,Match Group,Technology,Interactive Media & Services,screen,9942488410.0,12910558410.0,0.16310167394194508,-0.09572072072072069,2023-10-01,0.38333333333333336,ev_ebitda,60,0,0.3909870589142893,0.38558365562318797,9.11477659326989,8.356353394018218,2.2639142859829464,0.05203483129961217,0.0754477819691739,-0.060377742012212465,-0.04858702640970691,0,0.011583126140180422,0.0026053390986842118,17.0,0.12385388823518338,0.1341407733411511,0.8693721831644219,-0.065341034438682,False,1,31.725352112676056,779
1000276,MTD,METTLER TOLEDO INTERNATIONAL INC,Health Care,Life Sciences Tools & Services,screen,29869715608.66,31930295608.66,0.23080620066633561,-0.022203383249420727,2023-10-01,0.6,ev_ebitda,60,0,0.3350822944162235,0.30427740396668956,21.443065732799656,20.037823530699335,1.4930613631048928,0.05071320424268522,0.06666564272404152,0.02306106192671109,0.024053095435022653,0,0.007667460433236961,0.001176779953159901,10.0,0.04303133527277347,0.04607507670430388,0.8631769765075539,-0.028629462751976087,False,0,24.847417840375588,1008
1003005,MTDR,Matador Resources Co,Energy,Oil & Gas Exploration & Production,screen,6575301760.0,10700796760.0,0.18487129647258715,-0.22327728182030537,2023-10-01,0.16666666666666666,ev_ebitda,60,0,0.6803692187049674,0.32075887965087047,3.2691337100586955,3.284987588505622,1.544190943718806,0.08169397402717538,0.08746459902567794,0.20068623203996783,0.1668385037397273,0,0.07340252085429522,0.08033836854139742,16.0,0.18609769538670792,0.1860526787293841,0.37382922631230153,0.00039356390984512934,True,1,70.6924882629108,54
1002904,MTG,MGIC Investment Corp.,Financials,Mortgage Insurance,screen,5562619650.0,5994397650.0,-0.06869404697583081,-0.17890054019701296,2023-10-01,,,,,,,,,,0.0034649062039964207,,-0.0707293004598708,,,,0.003257101622540448,,,,,-0.11180451867098251,False,0,,
1000274,MTH,Meritage Homes CORP,Consumer Goods,Home Building,screen,4256852470.0000005,5296962470.0,-0.10787006921264652,-0.3857939903820411,2023-10-01,0.7666666666666667,ev_ebitda,60,0,0.08870091828697381,0.05931171912122625,10.3786913605793,8.331692551556278,2.1020040831406823,0.07463588912515995,0.17871214444355799,-0.13905133159717542,-0.4052757723423652,0,-0.059586571168751656,-0.030395496548586975,7.0,0.07832537185889919,0.10228989182311286,0.6532911362411928,-0.052846271876184736,False,0,29.401408450704224,874
1000760,MTN,VAIL RESORTS INC,Consumer Services,Leisure Facilities,screen,4952769660.0,7907788660.0,-0.022947729567548536,-0.3350935318578241,2023-10-01,0.36666666666666664,ev_ebitda,60,0,0.27007999169609026,0.18844387758687142,9.6363660518168,9.137701068454398,3.865190624686643,0.05057410194432155,0.07201152463777527,-0.026810053331670414,-0.09724056139534676,0,-0.05160398465730176,0.00811582036894909,7.0,0.072457257753463,0.08376279121465313,0.43730884255617525,-0.02893781222206171,False,0,29.354460093896712,876
1000761,MTRN,MATERION CORP,Materials,Specialty Minerals,screen,6009325500.0,6430026500.0,1.2389630294752307,-0.09294359444996014,2023-10-01,0.8809523809523809,ev_ebitda,42,0,0.11787961172404304,0.07964291468210355,20.641948791665786,,1.6390075577321845,,,0.2893450325886291,0.10253340250314058,,,,2.0,0.0313284757335396,,0.6043700399368588,0.003101078506202004,False,0,,
1000762,MTSI,MACOM TECHNOLOGY SOLUTIONS,Technology,Broadline Semiconductors,screen,23650506670.0,23327941670.0,1.287894610008836,-0.30477445811364967,2023-10-01,0.6,ev_ebitda,60,0,0.4150069964675665,0.36281905239195694,31.388842799879345,26.12857879368868,-0.6792470423136854,0.2539277178072703,0.3722172823355081,0.4726382693412845,0.8882940424563692,0,0.25359161397211705,0.1327361171291972,6.0,0.02864869971671229,0.03209822487661886,0.9116838232608682,0.029058628279844623,False,0,22.546948356807512,1041
1000763,MTZ,MASTEC INC,Industrials,Construction & Engineering,screen,16852152899.999998,19276746900.0,0.0038062121140924887,-0.5117368745857238,2023-10-01,0.38333333333333336,ev_ebitda,60,0,0.09312368653059158,0.07325091150686068,9.543754325238584,7.782361500260327,1.6268781540358719,0.16841428193205865,0.2429374660752348,0.30822698111502644,0.33031055987723335,0,0.09018673860028148,0.08594513506891133,16.0,0.0825141539038971,0.112486443028232,0.6884451546248476,0.00335541636398462,False,1,41.18544600938967,415
1000139,MU,"Micron Technology, Inc.",Technology,Memory Semiconductors,screen,1260901110000.0,1222646110000.0,5.375923312321736,-0.12219107901134929,2023-10-01,0.15,ev_ebitda,60,0,0.8913386422380295,0.6372267401367046,4.963243775158894,4.152098975786251,-0.3130148981982498,0.5437743953315555,0.6310020085207311,3.7059893932651713,5.772762421696892,0,0.12100270348314401,0.12287376340079281,7.0,0.14197437893397252,0.17888428721573413,0.7267011387231528,0.009715397054333996,False,1,52.73474178403756,142
1000764,MUR,MURPHY OIL CORP,Energy,Oil & Gas Exploration & Production,screen,5476203030.0,6542770030.0,0.3562651372047927,-0.169138594077492,2023-10-01,0.5833333333333334,ev_ebitda,60,0,0.5776637696278416,0.09577730688707463,3.563916570065903,3.4703941194722034,0.6167259956708505,0.013421321632809624,0.009146689041980238,-0.005437085752182047,-0.018299086501071926,0,-0.0021845041870798276,0.011356340491427863,10.0,0.03818062420904317,0.07519293696435994,0.11389074627104194,-0.018256692447395362,False,0,40.26995305164319,447
1003064,MUSA,Murphy USA Inc,Consumer Services,Automotive Retailers,screen,9486936240.0,11497636240.0,0.3055086689834323,-0.1897528656074523,2023-10-01,0.5333333333333333,ev_ebitda,60,0,0.05206994332596875,0.031896748538616314,10.1003022565128,9.836583358884834,1.6817438646189664,-0.038278583841867,-0.03458996457694863,0.042995645021377316,0.027135182317923112,0,0.02369458990530182,0.00855617787437235,10.0,0.061232809773134285,0.06267817112383257,0.5103122293345903,-0.05909881789260141,False,0,25.715962441314552,990
1003210,MWA,"Mueller Water Products, Inc.",Industrials,Machinery Tools and Components,screen,3381950000.0,3339550000.0,-0.15885844764258839,-0.2969174186726753,2023-10-01,0.0,ev_ebitda,60,0,0.25782922991866813,0.204129133630452,8.620219062663184,8.435176631690876,-0.11488663685116926,0.027100065601683543,0.035805891811876656,-0.019660063162632135,0.05600374165673694,0,-0.001303915557059887,-0.026115944454018325,3.0,0.08888241963132294,0.09459104643063482,0.7759136708059913,0.00130040792192343,False,1,43.36854460093897,341
1005943,MWH,"SOLV Energy, Inc.",Industrials,Construction & Engineering,screen,3020873441.0,2674419441.0,-0.21682425823280083,,2026-02-11,,ev_ebitda,13,,0.11295435881288335,0.09006260519553869,5.272651733336018,4.858142091768878,-0.7638638877970158,0.11017402352120653,0.05917257910561258,0.055317722968786454,0.12054322899665948,,,,7.0,0.13608832313693023,0.17558355968350295,0.8104998888497867,-0.0013450128912819714,False,1,52.75821596244131,141
1002930,MXL,MAXLINEAR,Technology,ICs Semiconductors,screen,8966315960.0,9025427960.0,4.616293532338309,-0.29461844880106225,2023-10-01,0.8333333333333334,ev_ebitda,60,0,0.3633451834915352,0.3723134168265198,25.553136265328003,19.851046222050325,0.3053001523327313,0.2503245531898961,0.40945116763350997,0.6104496502420262,1.0302331624414949,0,0.42440694252411926,0.23158354468144116,3.0,0.039699279008017264,0.048290721688730234,1.0077970087771346,0.07418064754863773,True,0,,
1006660,MYPS,PLAYSTUDIOS Inc,Technology,Online Gaming,screen,60756793.0,-29912207.0,-0.506648659879493,-0.5519811320754717,2023-10-01,0.1276595744680851,ev_ebitda,47,1,0.11393506453170231,0.09595478077140403,-1.1801238976942212,-1.4763648234146243,-3.220247789436821,-0.014095879308595127,-0.1118518870659525,-0.12819939702925087,-0.5042670252425909,0,-0.024220502822603684,-0.01239639941555315,2.0,0.3989997012618866,0.31713232477243625,0.9564153986889959,0.013051904961995708,False,2,49.14319248826291,197
1003034,MYRG,MYR Group Inc,Industrials,Construction & Engineering,screen,4686579520.0,4571969520.0,0.4058549247704657,-0.4163989383992178,2023-10-01,0.48333333333333334,ev_ebitda,60,0,0.0807311977207607,0.061929617200878175,11.115739272205921,9.555255836009293,-0.3616627641999093,0.1375095374101969,0.1779123473463069,0.23123786255682677,0.4066897889117622,0,0.1432551594603706,0.12647538380505652,7.0,0.06565224861799425,0.07904902159581545,0.7480672137532643,-0.025273892956223287,False,0,47.45305164319249,239
1003556,MZTI,The Marzetti Company,Consumer Goods,Packaged Foods & Meats,screen,2725325220.0,2899505220.0,-0.4077878719629672,-0.4965328695026464,2023-10-01,0.0,ev_ebitda,60,0,0.16356687950124738,0.1173762474078209,8.857190282783035,8.337894519440178,0.5536404996631615,0.035979116583659154,0.05871545736860684,0.008215970217933632,0.034658846202044735,0,-0.017396574009638344,-0.020095306865331675,5.0,0.08246506987183737,0.09073289719579045,0.6865314648047652,-0.001001922119881371,False,1,34.56572769953052,662
1005482,NAMS,NewAmsterdam Pharma Co. NV,Health Care,Biotechnology,screen,2980624805.12,2556555805.12,-0.14486638537271457,-0.41326899879372747,2023-10-01,0.0,ev_sales,45,0,-1.848173528504548,-1.9205655622478346,-10.082113874443671,-15.470517583563119,,2.3679079917550845,,0.007122810330709939,0.14070960344834038,,,-0.11613269767220835,11.0,-0.08359045749212042,-0.06423798596284312,0.9825628388718286,0.1430301142032384,False,0,,
1005647,NATL,NCR Atleos Corp.,Technology,Payment Processing,screen,3413274000.0,5779274000.0,0.14932587127957264,-0.06129233326407657,2023-10-11,,ev_ebitda,34,,0.20990488159234327,0.1654663366569861,5.8836663975856,5.619164961428163,2.6561415855232138,0.04780786595388675,0.06256173706043633,-0.0217349238965312,-0.025017805838527418,0,0.02524235152110177,-0.015936716110027782,2.0,0.16093469613571712,0.19272922570161927,0.5592366070086866,0.012286877959778897,False,1,26.467136150234744,971
1005895,NAVN,"Navan, Inc.",Consumer Services,"Hotels, Resorts & Cruise Lines",screen,5887541832.5,5074364832.5,0.04949999999999988,,2025-10-30,,ev_ebitda,17,,0.11782565951393287,0.05615436857942996,46.2627216010498,31.373054456886514,-7.69751941381267,0.2824658920680161,0.2874166401776408,0.1192617178685409,3.3438111548674616,,,,11.0,0.007589010544690031,0.016798026548100448,0.4073508736046854,0.4810535653535173,True,0,,
1003271,NBHC,National Bank Holdings Corporation,Financials,Diversified and Regional banks,screen,1759351494.3000002,,0.04674081883828962,-0.19388782948772987,2023-10-01,,,,,,,,,,0.0775809747161933,,-0.060408165132307956,,,,-0.023586336871975755,,,,,0.07883883879354703,True,0,,
1005815,NBIS,Nebius Group N.V.,Technology,Systems Software,screen,65127041532.2,65630641532.2,1.1010065021822393,-0.17722976036834215,2023-10-01,,ev_ebitda,21,,0.5364669947983943,-1.7987684038475484,10.538550479366686,4.609543988502344,0.5154556354837436,1.6006455721140296,2.2804933039158874,1.330576137533801,1.3938705332804906,0,-0.024994683552572172,-0.04130218622396242,11.0,-0.34096832552972445,-0.2927172551783277,-3.565739547370861,0.027078478239446868,False,0,,
1000795,NBIX,NEUROCRINE BIOSCIENCES INC,Health Care,Biotechnology,screen,14661982000.0,14673982000.0,0.010400341929049706,-0.23536388140161724,2023-10-01,0.06666666666666667,ev_ebitda,60,0,0.30739122022580934,0.29522668482985254,10.546189551464362,8.238282831406984,0.013109358403868001,0.1377097565821317,0.33119710075051034,0.2575751598670668,0.22527101719469478,0,0.016031111695360423,0.05361164153340692,19.0,0.09025673221279408,0.11405388509528666,0.9510861961474233,0.0028799135258916753,False,1,48.13380281690141,222
1000796,NBR,NABORS INDUSTRIES LTD.,Energy,Oil & Gas Drilling,screen,1139413590.0,2749856590.0,0.9114264741864451,-0.37990157167804417,2023-10-01,0.2,ev_ebitda,60,0,0.2928372628986976,0.08815146011889513,2.5773665028010604,2.3986105215782096,1.7520899198213864,0.06762433838909021,0.11550667833079431,0.09319518791921455,0.08495521675058448,0,0.02191286123559788,0.017645369353957108,6.0,0.13708968409129485,0.19587787049752753,0.14640378520691663,0.25185537518849266,False,1,37.89906103286385,519
1003300,NBTB,NBT Bancorp Inc.,Financials,Diversified and Regional banks,screen,2650605997.42,2827147997.42,0.24207759242273785,-0.06831445730627095,2023-10-01,,,,,,,,,,0.06987854837612528,,-0.0007758143071699974,,,,,,,,,0.04936978872652342,False,0,,
1000300,NCLH,Norwegian Cruise Line Holdings Ltd.,Consumer Services,"Hotels, Resorts & Cruise Lines",screen,6791970936.240001,21608655936.24,-0.4047909053999188,-0.49570003439972476,2023-10-01,0.16666666666666666,ev_ebitda,60,0,0.25775002360981236,-0.03801740304962231,7.93140284334233,7.098104418779941,5.772813061713226,0.059846008381117866,0.1007963930561675,-0.11261215481624143,-0.21029261405513633,0,-0.05156993761021211,-0.022596207793372458,17.0,-0.1694358146059422,0.022017307310103946,-0.42239939547130956,-0.050369669048950017,False,0,,
1004785,NCNO,nCino Inc,Technology,Application Software,screen,2038739065.2,1965252065.2,-0.33124308373293987,-0.574812382739212,2023-10-01,0.0847457627118644,ev_ebitda,59,1,0.33033843664631024,0.2864402860091529,9.210226361987282,8.269906042183685,-0.3684752861125555,0.08563615886699227,0.1765670971088924,0.014014998570929027,0.12672828680051085,0,0.016641202649021913,0.002526577209291503,8.0,0.08237338371891656,0.10355637710447686,0.7870468656071428,-0.0024334541715962388,False,2,51.39671361502347,158
1000798,NDAQ,NASDAQ INC,Financials,Securities exchange,screen,52050226000.0,60265226000.0,0.053978086428805305,-0.0795643994711267,2023-10-01,0.2,ev_ebitda,60,0,0.60408074550368,0.5582084906966412,15.473755943278631,13.981422635711821,2.400689628218116,0.08963969197341859,0.10328087766369554,0.07522717055000783,0.10342201207147861,0,0.038485060228131696,0.03145445853157325,12.0,0.06346864541972885,0.06882409316735298,0.8482244801173666,-0.009945490598643136,False,0,,
1003374,NDSN,Nordson Corp,Industrials,Industrial Machinery and Equipment,screen,18434003540.0,20051577540.0,0.46257607623776953,-0.017524357814440394,2023-10-01,0.9666666666666667,ev_ebitda,60,0,0.32152346413966365,0.2938585929548146,19.489066488653595,18.305997803705377,1.6697840711061274,0.04943930713827571,0.0599629516183211,0.045869153197954704,0.03584623749403537,0,0.0048456380640302665,0.019953781309761442,4.0,0.047076322517756265,0.050445429107922754,0.843460380126072,-0.013569262129413007,False,0,,
1001022,NE,Noble Corporation plc,Energy,Oil & Gas Drilling,screen,6657385560.0,8089607560.0,0.5473241562966835,-0.2158248498808336,2023-10-01,0.8,ev_ebitda,60,0,0.3674266570294079,0.20067862608761464,6.918164445995429,5.717169004539489,1.5135351299224875,0.10590605019935495,0.2587559711274252,-0.07903076047436597,-0.0690291441318549,0,-0.06027187753664043,-0.04579753039740109,7.0,0.07690454869297586,0.13445744835292273,0.43784376016621945,0.02720648405479542,False,0,41.16197183098592,417
1000799,NEE,NEXTERA ENERGY INC,Utilities,Non-Renewable Electricity,screen,159800550000.0,267131550000.0,0.03214687721879361,-0.21466232289198262,2023-10-01,0.23333333333333334,ev_ebitda,60,0,0.5973799119289142,-0.28799637566638797,13.115308380630337,11.76382638213484,6.581096717279701,0.09807192155564803,0.13799119187011177,0.018690184382648356,-0.018198197206015454,0,-0.03336577682617958,-0.013678145254198637,13.0,-0.09543776786185912,-0.10359377061657773,-0.7487759133958519,0.008220043293978074,False,0,,
1003017,NEM,Newmont Corp.,Materials,Gold and Silver,screen,122352890000.0,118426890000.0,0.3808778570935343,-0.1447380547653072,2023-10-01,0.38333333333333336,ev_ebitda,60,0,0.6646642552541739,0.522611060686996,6.139652139496396,5.906675266405643,-0.23889499342497075,0.06070019122715542,0.07297842020920764,0.3579622985700124,0.552492963351296,0,-0.07231205315799571,-0.043151722352596344,15.0,0.12257694794856433,0.1337365450045252,0.7775287860842027,-0.038310228891070386,False,1,43.39201877934273,340
1003514,NEO,NEOGENOMICS INC,Health Care,Health Care Equipment,screen,2326175180.0,2625282180.0,1.378238341968912,-0.11432706222865419,2023-10-01,0.5333333333333333,ev_ebitda,45,0,0.09464640057485282,0.03897080237105264,31.420017270362745,25.167401778766415,5.56946640184353,0.09686224011060074,0.35111756816347883,0.014952546938437061,-0.019357356826824268,0,0.018373316358429426,0.0030002343009551957,9.0,0.015377961334008592,0.02160374394684587,0.42812600755205316,0.0166865022889382,False,0,25.082159624413148,1003
1003838,NEOG,Neogen Corp,Health Care,Health Care Equipment,screen,2664648000.0,2479148000.0,1.2416812609457093,-0.3816425120772946,2023-10-01,0.9333333333333333,ev_ebitda,60,0,0.11424168810826349,0.08198689475101553,24.57677532949486,19.205616358088168,-1.9167099860830128,0.005382215805471491,0.16751404249593027,0.05636099244405801,-0.20520464533882454,0,0.046525395539112724,0.04847154638897666,2.0,0.009873449333290643,0.017712759406714202,0.26081417672966084,0.0023068081402728424,False,0,41.37323943661972,409
1004340,NESR,National Energy Services Reunited Corp,Energy,Oil & Gas Equipment & Services,screen,2573751053.35,2558463053.35,1.4824561403508771,-0.2985403470118425,2023-10-01,0.6346153846153846,ev_ebitda,52,0,0.21644710689516905,0.1285967301421616,4.690613020854697,3.9218610875767084,-0.03947869806429653,0.20089693413197862,0.24273966152950943,0.731633754433251,0.6291916805126865,0,0.11445502273948582,0.11915296717616441,5.0,0.1177014647019389,0.1497224552304241,0.5553910280768939,0.03676048028264245,False,1,52.617370892018776,144
1004611,NET,Cloudflare Inc,Technology,Internet Services and Infrastructure,screen,131162733000.0,130270201000.0,0.6183419544247168,-0.03216097207513524,2023-10-01,0.9,ev_ebitda,60,0,0.26622688473213774,-0.0020149655660121426,132.5000290447289,94.48034853577964,-1.3719548486644044,0.28297752935523923,0.4007852845326825,0.07927397073359477,0.16428368762943713,0,0.06955721139104076,0.02859245982632741,20.0,0.0010369643110204403,0.007029155556977241,0.1383391673007735,0.023655941731919095,True,0,,
1003683,NEXA,Nexa Resources SA,Materials,Diversified Metals & Mining,screen,1562780200.0,2969912000.0,1.4681872760551862,-0.26338190744525247,2023-10-01,0.05,ev_ebitda,60,0,0.3528512636734222,0.2365886892244909,2.388043049928044,2.78026521008415,1.323683457832841,-0.04425703577717843,-0.04029609581356486,0.27447617849020145,0.8332072840517606,0,0.11850039268844226,0.06487165482138124,6.0,0.4442144042785212,0.3744376296445195,0.5581990689651003,-8.041441178496811e-07,False,1,40.575117370892016,433
1006846,NEXT,NextDecade Corp,Energy,Oil & Gas Storage & Transportation,screen,1674591970.0,11591629970.0,-0.06480117820324016,,2025-08-27,,ev_ebitda,5,,0.6075308261300334,0.0,10.850474398763655,7.41308663197551,,,,4.57096687660838,8.868534273377927,0,0.943908014742739,0.5100762992893717,3.0,-0.3601177316081758,-0.4318475344591534,-0.5644919171552892,0.013184123902346245,False,0,,
1000801,NFG,NATIONAL FUEL GAS CO,Utilities,Gas Utilities,screen,7300864117.320001,9633087117.32,-0.15662800282840428,-0.1982365434191118,2023-10-01,0.21666666666666667,ev_ebitda,60,0,0.5682611813024211,0.19414480042765916,5.654528139540821,5.992610954777155,1.5504229829372131,,0.03393643405272484,0.006328491578518225,-0.041149491787766945,0,0.0026228077111765113,-0.004819010529278467,3.0,0.04789658129654395,-0.018596918997537615,0.20526252323402167,0.009888125864953912,False,0,,
1000102,NFLX,"NETFLIX, INC.",Consumer Services,Digital Entertainment Distribution,screen,289129205000.0,294339279000.0,-0.4196443465785874,-0.4804089222106891,2023-10-01,0.03333333333333333,ev_ebitda,60,0,0.3506684815835189,0.3352724077427082,14.768738312042018,12.648007028836318,0.320072677163238,0.10645774510899231,0.16915390023997778,-0.00033864911591374725,-0.037670386927408095,0,-0.02331523977625538,-0.008353835200776594,36.0,0.0646469281706324,0.07645439014971346,0.9378535549448499,-0.016380631615107943,False,0,40.997652582159624,424
1003311,NGVT,Ingevity Corporation,Materials,Industrial Chemicals,screen,2509477000.0,3612277000.0,0.28193513317630003,-0.09143444201874928,2023-10-01,0.7333333333333333,ev_ebitda,60,0,0.37175274682338677,0.328019418391032,8.699100258927775,8.416797148899049,2.795744458013042,0.020122278666030224,0.0444185520279865,-0.1975099761752157,-0.0954048219468625,0,0.047308425547955224,0.06437159625169442,2.0,0.12290399575101599,0.12466863245330417,0.7427497468572075,-0.01934736794645575,False,1,,
1000802,NHI,"NATIONAL HEALTH INVESTORS, INC.",Financials,Health Care REITs,screen,3156261619.48,4400395619.48,-0.13276019340163903,-0.25150562479847693,2023-10-01,0.3333333333333333,ev_ebitda,60,0,0.6174194562152004,0.10050758802127813,14.24460229033584,12.805588828405421,4.294945134648157,0.04902797765279776,0.08789753868828476,0.22792864268586688,-0.10624310811313631,0,-0.027535131472042118,0.057975198948611695,4.0,-0.00024993990170896256,0.007711730286646575,-0.002553684223997012,0.052948188614553526,False,0,,
1006505,NHP,"National Healthcare Properties, Inc.",Financials,Health Care REITs,screen,992943640.0000001,1595405640.0,0.34311153970950303,,2026-04-22,,ev_ebitda,12,,0.2922596941612997,0.20125504225264065,13.848150639882975,11.53479069997882,5.061008472033304,0.11242584503087838,0.06122302218328346,-0.02402263291944773,0.016973940601764825,,,,7.0,0.04826834039228914,0.06587762319862525,0.416013688899579,0.4475169212294985,False,0,,
1000803,NI,NISOURCE INC,Utilities,Multi-Utilities,screen,19012212000.0,36345212000.0,-0.07518464215615783,-0.20005428451985718,2023-10-01,0.45,ev_ebitda,60,0,0.48100325945846123,-0.20509143201822705,10.319418535911286,9.391344604952959,5.272475774701704,0.06537793413928816,0.09054023681985024,0.12710646752485588,-0.0252022300814716,0,-0.09885115218559903,0.013402399977916257,4.0,-0.12527036437832847,-0.13717888972985878,-0.6762215542192865,0.028325766969331756,False,0,,
1003995,NIC,Nicolet Bankshares Inc,Financials,Diversified and Regional banks,screen,3555284908.6800003,3182786908.6800003,0.22332687350866554,-0.08743546728456575,2023-10-01,,,,,,,,,,0.05612935147373266,,-0.04436575108338048,,,,,,,,,0.1611468637564113,True,0,,
1005887,NIQ,NIQ Global Intelligence plc,Consumer Services,Advertising,screen,5086883654.679999,8219583654.679999,0.08343949044585997,,2025-07-23,,ev_ebitda,21,,0.24673201733179695,0.1685354303087619,7.030779852334699,6.530905083660047,3.027506843603098,0.050781361142145265,0.08251170688962794,0.034542173349316085,0.0671710075963583,0,0.019660279242809553,0.007548730818190519,9.0,0.11472711063129541,0.1364595331849122,0.4991965101340787,0.09815127478254126,False,1,32.33568075117371,756
1000805,NJR,NEW JERSEY RESOURCES CORP,Utilities,Gas Utilities,screen,5206047000.0,8875062000.0,0.0910271788419541,-0.14922277325965594,2023-10-01,0.15,ev_ebitda,60,0,0.3759084443618965,0.08642246886364238,11.391098103860129,10.484081110579089,4.608806682499409,-0.006763216638112635,0.031162952367652874,-0.02187050910837518,-0.00439529314158571,0,-0.029523545154434894,-0.09523123864561878,2.0,0.004297813833625498,0.012089779885030343,0.028717714956980188,0.011725115141560716,False,0,,
1000208,NKE,NIKE INC,Consumer Goods,Footwear,screen,52123935000.0,51516935000.0,-0.4755886083552088,-0.6948004935252584,2023-10-01,0.0,ev_ebitda,60,1,0.08228813468262455,0.07537991271427456,13.820980536589847,11.681438769287757,-0.1679068164091523,0.003698177526450186,0.11332988788726261,-0.08560787888055599,-0.30961342010943793,0,-0.06648549086391786,-0.024994377393270373,26.0,0.0664578401999627,0.0720496608640144,0.9293349201742709,-0.01600538233369353,False,1,43.720657276995304,330
1000807,NKTR,NEKTAR THERAPEUTICS,Health Care,Biotechnology,screen,1553248106.3500001,947463106.3500001,0.06405975395430596,-0.3966616841056303,2023-10-01,0.5833333333333334,ev_sales,60,0,-10.244458152802652,-10.157037566955458,-2.6914709676409543,-2.3320461930991114,,-0.06860200721477916,,0.11467046588581731,0.21846606732456575,,,-0.058128362584126125,4.0,-0.22093016680827246,-0.25808717612565707,0.9748173382362456,0.5284372041992875,False,0,,
1000808,NLY,ANNALY CAPITAL MANAGEMENT,Financials,Mortgage REITs,screen,13842791818.9,133317677818.9,0.06966273017509761,-0.17380203440424846,2023-10-01,,,,,,,,,,0.108061155387839,,0.23991186710773715,,,,0.00876865615358069,,,,,0.19528461165953215,False,0,,
1006813,NMAX,"Newsmax, Inc.",Communication Services,Broadcasting,founder-led,,,,,,,,,,,,,,,,,,,,,,,,,,,True,0,,
1003688,NMIH,NMI Holdings Inc,Financials,Mortgage Insurance,screen,2916356800.0,3262255800.0,-0.026604068857590035,-0.1835484576679064,2023-10-01,,,,,,,,,,0.050967360972122844,,0.003509235587082271,,,,0.01867248966246504,,,,,-0.02984839336185563,False,0,,
1000285,NMM,Navios Maritime Partners L.P.,Industrials,Marine Transportation,screen,2660697932.1000004,4607811932.1,1.0026167725604238,-0.04055063493757338,2023-10-01,0.8666666666666667,ev_ebitda,60,0,,,4.493169095653294,4.273781176975328,2.120054123402199,,0.04792865417723813,-0.007396041664247344,0.13098422195008785,0,0.008772769600775998,,2.0,-0.04579607885989418,-0.041774887418797715,-0.11881790338047685,-0.027293725520669443,False,0,,
1003764,NMRK,Newmark Group Inc,Financials,Real Estate Services,screen,3186066950.0,3793649950.0,-0.33487767446529326,-0.366469286454429,2023-10-01,0.2,ev_ebitda,60,0,0.17963178064465493,0.13825469856063974,5.04229695911751,4.502204656934865,0.9349866359174595,0.08866302951549199,0.11410287381032425,0.13569358209238502,0.06523824111593601,0,0.02924552262167346,0.013604849186736434,6.0,0.1741130457922536,0.20447324544496162,0.7373223093882159,-0.0055545939732714045,False,1,,
1005684,NNE,NANO Nuclear Energy Inc.,Industrials,Heavy Electrical Equipment,screen,823400456.45,253409346.45000005,-0.5889522821576764,,2024-05-08,,ev_sales,21,,-13.563021960150964,0.0,-2.8151616683970837,-2.524107047780784,,1.413317390951725,,-0.027912824612872034,0.1194766713883928,,,0.7903896545328859,3.0,-0.006380078810207869,-0.01392552828969049,0.05836034605329195,0.4085032413110139,False,0,,
1000809,NNN,"NATIONAL RETAIL PROPERTIES, INC.",Financials,Retail REITs,screen,7622724402.000001,12619774402.0,0.02092801392328547,-0.16059473882588038,2023-10-01,0.05,ev_ebitda,60,0,0.9351539824006594,0.22898983635894823,13.394366519478233,12.697053027210597,5.687396488244197,0.030027465533615016,0.05651802576214404,0.02012200611625925,0.01850872366999523,0,0.011899912454698791,0.008654065096667551,8.0,0.0008413375105248816,0.007709827407512539,0.006806926445382113,0.018870508215004023,False,0,,
1000183,NOC,NORTHROP GRUMMAN CORPORATION,Industrials,Aerospace & Defense,screen,68636800000.0,80757800000.0,-0.19358913508108022,-0.3648389074757583,2023-10-01,0.0,ev_ebitda,60,0,0.1407607302969131,0.09160436323927436,12.181399340175432,11.387056568445951,1.9791488934889279,0.06637230994421128,0.07221082570792925,0.012705269974455868,-0.007793688034659851,0,0.007725502346389357,0.0038671651705124432,14.0,0.05414061716103627,0.05679793265486744,0.5605223460014888,-0.01663967714078296,False,0,27.476525821596248,942
1003357,NOG,"Northern Oil and Gas, Inc.",Energy,Oil & Gas Exploration & Production,screen,2542308928.32,5219519928.32,-0.0017756690167727296,-0.4083176046104414,2023-10-01,0.7,ev_ebitda,60,0,0.6572109851753101,0.20414433423468642,3.4697140884456052,3.341906723992429,2.7534081248835824,0.06729992040216781,0.2869696126875185,0.0474091054616399,0.01753397507005916,0,0.0032204502469106444,0.004008207660538554,6.0,0.1186983542432913,0.13660059535309765,0.20060241153869313,0.023192379147939146,False,1,,
1000810,NOV,"NATIONAL OILWELL VARCO, INC.",Energy,Oil & Gas Equipment & Services,screen,6845420000.0,7387420000.0,0.4456804388681148,-0.13360655041319758,2023-10-01,0.31666666666666665,ev_ebitda,60,0,0.12238291029348423,0.07925616077282831,6.609676528233078,6.0963871471970545,0.541800654605991,0.046324567689575824,0.10587045061445033,0.0523730861456424,0.08643813191807959,0,-0.0058745079691907565,-0.0008432383839476199,15.0,0.0986022849681759,0.11153188079178859,0.6039131603492355,-0.042779446479271455,False,1,44.73004694835681,306
1006342,NOVT,Novanta Inc,Industrials,Electrical Components and Equipments,screen,5113156602.0,,,,,,,,,,,,,,,,,,,,,,,,,,False,0,,
1000038,NOW,"SERVICENOW, INC.",Technology,Systems Software,screen,142443840000.0,145296840000.0,-0.2719063763202505,-0.42749852613231487,2023-10-01,0.2,ev_ebitda,60,0,0.38832547751865365,0.37173302371245015,19.457046204153823,16.143031069845723,0.4772356614638605,0.18448248693752722,0.19143716509461295,0.03626900024234181,0.07908758334712274,0,0.025965075913135793,0.0015378841176374447,32.0,0.052853689906396745,0.065224520937712,1.00818382699399,-0.001231536513971565,False,0,40.50469483568075,435
1005915,NP,Neptune Insurance Holdings Inc.,Financials,Insurance Brokers,screen,3982304347.9199996,4204751347.9199996,0.10282258064516125,,2025-10-01,,ev_ebitda,18,,0.6078887287052874,0.6095188828823276,28.701323784959094,24.56680584570604,1.9231814248647428,0.17561612189572906,0.1818861956110076,0.0994439951932169,0.0990778363071565,,,,9.0,0.03443968988545611,0.041404890119012015,0.9361712284165833,0.040238200523141865,True,0,,
1003664,NPKI,NPK International Inc.,Industrials,Diversified Support Services,screen,1015534520.0,1017749520.0,0.009725906277630259,-0.3015290519877677,2023-10-01,0.6,ev_ebitda,60,0,0.30871825522546076,0.30871825522546076,9.33923058582533,,0.023802017111226932,,,0.07976227756550669,-0.02508133869087459,0,0.017716458657586864,-0.0008072289469976957,2.0,0.1085627756378759,0.004607543042555811,1.011686188382351,-0.009505096768868126,False,1,35.786384976525824,607
1000811,NRG,NRG ENERGY INC,Utilities,Non-Renewable Electricity,screen,20549160000.0,43643160000.0,-0.40208718867706594,-0.47680547244475413,2023-10-01,0.26666666666666666,ev_ebitda,60,0,0.17305986599088882,0.13927863082476805,7.125987801000876,6.638563922253504,4.485042964620941,0.021043196514747065,0.09311594961037128,-0.03829769948022255,1.7054856832343646e-05,0,-0.01723015500534064,0.0038774294451695557,9.0,0.17809767696989764,0.19033266617975747,0.5975595817882742,-0.00847940425765814,False,1,37.406103286384976,542
1005113,NRIX,Nurix Therapeutics Inc,Health Care,Biotechnology,screen,2592710432.82,2207324432.82,1.5660173160173159,-0.1574271499644634,2023-10-01,0.6666666666666666,ev_sales,60,0,-1.818637802302127,-1.9433951669475305,-9.83378090940625,-19.071055294500713,,-0.06228909481933331,,0.19192423888468269,-0.34612896016529715,,,0.3870107050242646,9.0,-0.08203735115872361,-0.04590554013440592,0.9475889818714681,0.3194980898146531,False,0,,
1000294,NSC,NORFOLK SOUTHERN CORP,Industrials,Railroads,screen,69808500000.0,85355500000.0,0.04672408977725695,-0.12459629440761522,2023-10-01,0.7,ev_ebitda,60,0,0.45362890261549116,0.2929967882446362,13.546956388160398,12.652092762750996,2.6695372826957544,0.047654934397281634,0.0713266094280327,0.03616887785990652,-0.04238046832810172,0,0.03732673712706114,0.040783475679488035,17.0,0.047688736551686234,0.054890333141396255,0.5283653691758394,-0.0033236318705388568,False,0,23.157276995305164,1036
1003407,NSIT,"Insight Enterprises, Inc.",Technology,Technology Distributors,screen,4867971420.0,5979578420.0,0.37836169649942675,-0.30598472740188254,2023-10-01,0.6666666666666666,ev_ebitda,60,0,0.06707076296980176,0.05384870011984806,9.767824523762279,,1.9264225631877823,,,-0.027886501455084645,0.0353770244888536,0,0.0593289561644148,0.060478404101554695,3.0,0.08225050401582483,0.0,0.6540543988658881,-0.07122995420008316,False,1,,
1003599,NSP,Insperity Inc,Industrials,Human resource training and employment services,screen,1896570000.0,1696570000.0,0.02031884753241253,-0.5593814191526714,2023-10-01,0.3,ev_ebitda,60,0,0.032214418451544956,0.026577035029871104,7.286397796932596,5.899391697898031,-1.081006481712914,0.06666013186534214,0.19038197553416136,-0.008007948233481166,-0.12338132552697123,0,0.0014282843964203984,-0.009255816581130505,3.0,0.09839037498390966,0.13238094364469105,0.8014244480042254,0.005140297443028352,True,1,,
1003541,NSSC,NAPCO Security Technologies,Technology,Electronic Equipment & Instruments,screen,1298605770.0,1166219770.0,-0.15753061196557283,-0.36663278468143756,2023-10-01,,ev_ebitda,32,,0.32461540304325526,0.33036788811762285,16.440487061594705,15.365791936277825,-1.9538375421256255,0.0774301254746197,0.06695842731165946,0.020059790846780334,0.12784571927886956,0,-0.0010828912373970212,0.0022350197512626124,3.0,0.05900992823984791,0.05913974581582462,1.0802808936115877,-0.015977749456568158,False,0,,
1000058,NTAP,"NetApp, Inc.",Technology,"Technology Hardware, Storage and Peripherals",screen,43010000000.0,41922000000.0,0.8044620256803405,0.0,2023-10-01,0.9666666666666667,ev_ebitda,60,0,0.4581265527786805,0.41882936433355117,11.17338537370309,9.92213418855016,-0.37444067823920607,0.1222128922152872,0.3589091992812614,0.15384682022772367,0.1439031845908656,0,0.09844982289844606,0.09510473894149807,12.0,0.0794154570254279,0.09572001903334011,0.9103685929091128,-0.027435167743981914,False,0,47.68779342723005,233
1003257,NTB,N.T. Butterfield & Son,Financials,Diversified and Regional banks,screen,2358869040.0,,0.39938874298922844,-0.09466437177280551,2023-10-01,,,,,,,,,,,,1.0189406233394531,,,,0.009044564594098858,,,,,-0.059765140339887,False,0,,
1003359,NTCT,"NetScout Systems, Inc.",Technology,Internet Services and Infrastructure,screen,3008497010.0,2419066010.0,0.5555555555555556,-0.10392506690454961,2023-10-01,0.75,ev_ebitda,60,0,0.2790621759442907,0.250947204639505,9.60018568847915,8.790739160854065,-2.454300438497397,0.041998389469286135,0.09825409108887762,0.044521145843529286,0.06946245007853102,0,0.00714013801099278,0.003037505210237157,1.0,0.08063628855137232,0.09848827848955337,0.9627466774907594,0.013073177130471292,True,1,,
1003080,NTLA,Intellia Therapeutics Inc,Health Care,Biotechnology,screen,1617777600.0,1203362600.0,-0.30167921250723795,-0.6323170731707317,2023-10-01,0.21666666666666667,ev_sales,60,0,-4.778892362959696,-5.076442819873381,-2.8612036328098256,-3.6705275123905015,,1.124700782493635,,0.21078535857453473,-0.0129653725873774,,,-0.0863426698400499,9.0,-0.2668914451995045,-0.20797534548871277,1.0266105648750854,0.16185365178271494,False,0,,
1003329,NTNX,"Nutanix, Inc.",Technology,Application Software,screen,20936478720.0,19923726720.0,-0.05350181476004845,-0.1524015890213073,2023-10-01,0.3333333333333333,ev_ebitda,60,0,0.27046510330178586,0.29699009205841204,22.890115802439254,19.35317702902498,-1.3201791995490226,0.13196709878934,0.1747345440495589,-0.03380814104032526,0.014215579559502034,0,0.05739195377761708,0.0077299391065694945,12.0,0.04877667008192778,0.05413169389593745,1.1732571294673113,-0.004007796936448704,False,0,43.46244131455399,338
1000814,NTRA,"Natera, Inc",Health Care,Health Care Services,screen,58525173130.00001,57513962130.00001,1.5676212958936446,-0.002919038888352765,2023-10-01,,ev_ebitda,17,,0.03400397055071634,-0.021712660497738432,485.28854419999055,132.1089341785032,,0.19881167823976997,,0.21429515529156462,0.02649168172283578,0,0.04014208562646848,0.05165347575827717,15.0,-0.0007215463873838884,0.004297564003879205,-0.3563146804593839,0.07283704016174619,False,0,,
1000815,NTRS,NORTHERN TRUST CORP,Financials,Asset Management & Custody Banks,screen,31283378524.8,-10858521475.2,0.2848892635077305,-0.11130283330889768,2023-10-01,,,,,,,,,,0.05324935420545551,,0.09020751144330696,,,,0.01433024022070395,,,,,-0.04602468407372673,False,0,,
1005869,NTSK,"Netskope, Inc",Technology,Application Software,screen,7230068154.750001,6860821154.750001,-0.23273207215134184,,2025-09-18,,ev_sales,19,,-0.05233672986440793,-0.20389362662608507,-147.20528412520284,166.67592013470497,,0.23518691119237478,,0.04819101261299652,-0.040472894687877736,,,,11.0,-0.021151011834325238,-0.00036693907323764836,3.2811103807558832,0.5267242794654303,True,0,,
1004833,NTST,Netstreit Corp,Financials,Retail REITs,screen,1787500657.8300002,3166717657.83,0.023760169133059117,-0.19687482356143748,2023-10-01,0.0,ev_ebitda,60,0,0.9421697709678497,-1.6458342929461065,12.298694807648767,10.050710027522165,7.137285349531181,0.09463248500478305,0.23597444238085652,0.2660845934656455,0.2845680125240866,0,0.0375782200251733,0.044755232772088815,12.0,-0.290682448072899,-0.2917005751552,-2.0179699755158778,0.17676582898995696,False,0,,
1005301,NU,Nu Holdings Ltd,Financials,Consumer Finance,screen,65185283729.99999,56315924729.99999,-0.20924422236102447,-0.32515991471215355,2023-10-01,,,,,,,,,,0.23416925032930802,,0.34556382982403155,,,,0.03528954148509378,,,,,0.0020140469230960356,False,0,,
1000053,NUE,NUCOR CORPORATION,Materials,Iron & Steel,screen,53921430000.0,57618430000.0,0.746182871922787,-0.1471740040801467,2023-10-01,0.36666666666666664,ev_ebitda,60,0,0.19006967360351898,0.1449454761924933,7.327992735466183,7.642692876503896,0.5389843416633863,0.007769133508327863,-0.015181419074837499,0.14995686250210483,0.3730916881780353,0,0.0888836027378912,0.05333988867525763,10.0,0.10998538079470441,0.10818295081424656,0.7542580843279244,-0.023172119915266465,False,1,35.316901408450704,629
1005473,NUTX,"Nutex Health, Inc.",Health Care,Health Care Facilities,screen,1490681162.88,1325172162.88,1.0485869144405733,-0.03838989596111042,2023-10-01,,ev_ebitda,24,,0.2838765981372371,0.2838765981372371,4.787050428629222,3.9600837146797794,-0.5906899013797094,0.05334925204459062,0.07970892487716785,-0.06830044049441508,-0.3632371056318279,,,,1.0,0.17959992627413962,0.22487123861939282,0.9671339206960861,0.14517364959147083,False,1,,
1005002,NUVB,Nuvation Bio Inc,Health Care,Biotechnology,screen,1939161199.9999998,1301181199.9999998,0.5135135135135134,-0.4129979035639413,2023-10-01,0.1891891891891892,ev_sales,37,0,-0.25807191954891834,-0.34444468302337755,-18.304184148759443,-296.53646011363634,,0.44497001420553395,,0.18787392787166368,-0.5532548697535842,,,-0.02343155873000413,5.0,-0.041098153550946426,-0.01298801819512253,1.1211115321625897,0.21096764834351145,True,0,,
1000816,NVAX,NOVAVAX INC,Health Care,Biotechnology,screen,1744484400.0,1316634400.0,0.2468281430219148,-0.4845016690510252,2023-10-01,0.9833333333333333,ev_sales,60,0,-0.07327490411723406,-0.27931913617653936,-62.32688453899548,34.04426003143607,-11.047074604669985,-0.09619544777776845,,0.06299484220472928,1.3419336747510093,0,-2.4867611401266307,-0.03959820423161842,5.0,-0.05873655620285737,0.018409228122617718,4.850491980612844,0.05215485953850996,False,0,,
1000170,NVDA,NVIDIA CORPORATION,Technology,ICs Semiconductors,screen,5606435100000.0,5540432100000.0,0.22696517012125095,-0.029006426245049566,2023-10-01,0.0,ev_ebitda,60,0,0.6607515647898684,0.5431319996012708,20.398381674450057,11.984155010127637,-0.2926529609229756,0.7987263818406012,0.8591442880806375,0.4728640600670131,0.4296269399247832,0,0.029584169067169208,0.04570626407941636,29.0,0.04005537675255691,0.07087276493422265,0.8267985321092364,-0.00856717134797802,True,0,70.22300469483568,55
1000818,NVR,NVR INC,Consumer Goods,Home Building,screen,17251886080.0,17021750080.0,-0.23401985896105115,-0.37987283866027155,2023-10-01,0.6,ev_ebitda,60,0,0.13145746477118972,0.1160513206902031,12.940782044001693,11.993287859217823,-0.16515475133801694,0.05622464023377827,0.047693708005279944,-0.012461550094774565,-0.18752260585260172,0,-0.017537629934806898,-0.0031541857329386858,5.0,0.0694160820445883,0.0742785106402635,0.9104434846181312,-0.07871010183750038,False,0,41.678403755868544,394
1004642,NVST,Envista Holdings Corp,Health Care,Health Care Equipment,screen,3800556000.0,4111256000.0,0.1521845851742758,-0.22438863185723734,2023-10-01,0.16666666666666666,ev_ebitda,60,0,0.15084602959086355,0.13460389840084122,9.144877583495814,8.59166294405517,0.7584781694972026,0.0355281133971348,0.06456308569649494,0.06050341273081883,0.062115970676189125,0,0.00982461438701776,0.010346579927464905,12.0,0.09630738214421398,0.10251312422209607,0.814160615697579,-0.02670815376149316,False,1,38.039906103286384,513
1005264,NVTS,Navitas Semiconductor Corp,Technology,ICs Semiconductors,screen,2916593160.0,2359515160.0,0.60803324099723,-0.6347908147216106,2023-10-01,0.7166666666666667,ev_sales,60,0,-0.3476872381640698,-0.44107638226865314,-95.10780895219177,-89.66441894175489,,0.5582504750030179,,-0.1792372884207334,-0.009849813297893584,,,-0.03058246557151756,2.0,-0.007772918293354889,-0.011456127646561306,0.9138046426211708,0.14005211236876325,False,0,,
1003400,NWBI,Northwest Bancshares Inc,Financials,Diversified and Regional banks,screen,2205437072.77,2814036072.77,0.2701912559844408,-0.06131637271830981,2023-10-01,,,,,,,,,,0.05047493481094656,,0.028777221350628768,,,,,,,,,0.07507340837297538,False,0,,
1000819,NWE,"NorthWestern Energy Group, Inc.",Utilities,Multi-Utilities,screen,4215211770.0,7798201770.0,0.21265593973831498,-0.05987460926067156,2023-10-01,0.4666666666666667,ev_ebitda,60,0,0.4028256108677146,0.03612531158353885,10.67355098631807,9.917035116033581,5.543505073934986,0.04756128134905757,0.0834156385925402,0.04352106484764384,0.019280809108184194,0,0.00046537626311637936,0.023286583422562845,4.0,-0.02795883054594843,-0.020292750591109847,-0.16130686889426196,0.002386193692922367,False,0,,
1000465,NWL,NEWELL BRANDS INC,Consumer Goods,Household Products,screen,2284362000.0,7081362000.0,0.07668555621180273,-0.502876744034156,2023-10-01,0.23333333333333334,ev_ebitda,60,0,0.1325814791786309,0.09208603796882824,7.196756068333654,6.837839544281079,4.709712554377873,0.015171907695081144,-0.00793859482161674,-0.016682260827822093,-0.06678047660317943,0,0.001827938488086378,0.002264791476222605,4.0,0.15145010449714674,0.17686487724665387,0.3516045536328564,0.014706473832954092,False,1,37.52347417840376,536
1000820,NWN,Northwest Natural Holding Co,Utilities,Gas Utilities,screen,1968025479.9999998,4567450480.0,0.08159475613250988,-0.14739996537917122,2023-10-01,0.4166666666666667,ev_ebitda,60,0,0.3646093771293322,-0.008619886890524576,8.59565564844027,8.16394723864037,5.418369162535267,0.040978003473424174,0.06764447406196261,-0.03679429039047166,-0.10615668314582316,0,-0.040956924007751305,-0.017851931052320302,5.0,-0.08552703938470875,-0.0884043795167277,-0.31676655177026247,0.03976854601070956,False,0,,
1006538,NWPX,NORTHWEST PIPE CO,Materials,Iron & Steel,screen,1009669538.0,,,,,,,,,,,,,,,,,,,,,,,,,,False,0,,
1000121,NWSA,NEWS CORPORATION,Consumer Services,Publishing,screen,15720496000.0,15614496000.0,-0.060028434824676236,-0.07834563218846902,2023-10-01,0.4666666666666667,ev_ebitda,60,0,0.1915117473015878,0.1368119561678341,8.659046031751473,7.904670168971779,-0.06340055590337026,0.04093145489973371,0.10186485813821045,0.048942459583664055,0.063365504829481,0,0.018374169390247053,0.012508156394753334,11.0,0.08380778587780258,0.09591812341511084,0.7306219056645289,-0.013252593295433823,False,1,46.02112676056338,267
1000085,NXPI,NXP Semiconductors N.V.,Technology,Broadline Semiconductors,screen,60759282990.0,68513282990.0,0.06145656740379124,-0.28034318074002507,2023-10-01,0.3,ev_ebitda,60,0,0.4144893821955744,0.37601432332761625,10.327830292206174,9.224084068771292,1.436081221118356,0.10769633752786167,0.14934891162840347,0.09030585486946907,0.12376394687057468,0,0.037547687405050656,0.02380295535196275,14.0,0.09381896995415828,0.10650253153552947,0.8592857609933646,-0.008587486232699115,False,1,37.617370892018776,534
1000821,NXST,"Nexstar Media Group, Inc.",Consumer Services,Broadcasting,screen,4902317880.0,16428317880.0,-0.15219579813083772,-0.35052894717006666,2023-10-01,0.7666666666666667,ev_ebitda,60,0,0.2892360439958071,0.258463617434508,7.477998920783202,5.477023485299501,4.705360176052309,0.03875663815188246,0.04539618431602643,0.4813263646313939,0.3497574903291478,0,-0.02398070059011359,-0.015918544928451905,6.0,0.26243382271355864,0.44488749572885977,0.5856168655789772,-0.02532045438979935,True,1,52.26525821596244,148
1005523,NXT,Nextpower Inc.,Industrials,Electrical Components and Equipments,screen,12330674714.880001,11116776714.880001,0.05325043924854733,-0.5017263427109975,2023-10-01,0.43333333333333335,ev_ebitda,60,0,0.15880476745793098,0.11088813048460076,16.07039455275744,12.39993388524491,-1.8303135669969466,0.20924307453773072,0.18894975373055534,0.17681885747194315,-0.0168972704652105,0,0.011330472517450785,0.03290039597882832,15.0,0.041348890705452716,0.06581361117327059,0.73705239341816,0.018805741339351645,True,0,74.54225352112675,24
1000824,NYT,The New York Times Company,Consumer Services,Publishing,screen,10387405820.0,9726593820.0,0.12284108618569811,-0.2557726478201142,2023-10-01,0.016666666666666666,ev_ebitda,60,0,0.21146902473137086,0.20045386496188955,13.811793778441329,12.553815286341312,-1.0784052401067519,0.06708613869842694,0.10584844042804487,0.06162847288526918,0.06474338932963919,0,-0.03227603419991942,0.004932435242172906,6.0,0.06862517159400876,0.07434684715806052,1.0122314989045864,-0.007671479554210658,False,0,41.18544600938967,415
1000410,O,Realty Income Corp,Financials,Retail REITs,screen,50176024320.0,80275029320.0,-0.05337625411796054,-0.171003901915599,2023-10-01,0.05,ev_ebitda,60,0,1.0224341540232236,-0.22497988006144937,13.068119170123955,11.959804029271458,5.541217003709376,0.04398116219223769,0.10110224964764392,0.05080604455684412,0.05681230937334725,0,0.0033063441664475945,-0.006880353810049145,12.0,-0.04733753174725349,-0.04081650812108154,-0.3866646504310512,0.04864984074512968,False,0,,
1004584,OBDC,Blue Owl Capital Corp.,Financials,Asset Management & Custody Banks,screen,5171737080.599999,12837221080.599998,-0.07097495340440096,-0.2151535830679311,2023-10-01,,,,,,,,,,-0.00814889245495587,,-0.0668515849356307,,,,-0.0034939631029373697,,,,,0.12599498723615699,False,0,,
1004154,OBK,Origin Bancorp Inc,Financials,Diversified and Regional banks,screen,1639530118.74,,0.5407122520538719,-0.04926826681302099,2023-10-01,,,,,,,,,,0.06545531186604836,,0.059126655331041444,,,,,,,,,-0.0019227701642240413,False,0,,
1000826,OC,OWENS CORNING,Industrials,Building Products,screen,9437454000.0,14356454000.0,-0.15375341902693374,-0.4274468966399899,2023-10-01,0.5,ev_ebitda,60,0,0.20653319304963916,0.14603617277507017,6.73635441533685,6.3266289387404875,2.3759272043885793,0.03731059860622987,0.0639274104096097,-0.05372863021945917,-0.18561662196681428,0,0.008907661396941435,0.003626001325349293,14.0,0.13303844993802127,0.13512944832893772,0.5891281414189631,-0.0462466624315665,False,1,42.640845070422536,357
1003291,OCFC,OceanFirst Financial Corp.,Financials,Diversified and Regional banks,screen,1170884130.0000002,3296621130.0,-0.018173240961595116,-0.1752094654271712,2023-10-01,,,,,,,,,,0.16185326388033716,,0.5813891821965049,,,,0.001962696119018892,,,,,0.17755272219100182,False,0,,
1003730,OCSL,Oaktree Specialty Lending Corp,Financials,Asset Management & Custody Banks,screen,1056151140.0,2475075140.0,0.02949019247233986,-0.24664610988054836,2023-10-01,,,,,,,,,,0.028841831408308538,,-0.02120854017583318,,,,0.021106855550780512,,,,,0.04659055361367437,False,0,,
1006506,OCTV,Octave Intelligence plc,Technology,Application Software,screen,5116428280.0,5433565280.0,-0.13979963570127507,,2026-05-21,,ev_ebitda,10,,0.39473588659131004,0.3296054439867894,7.9197591997355214,7.513622268485068,0.47149655366001914,0.06148888898280824,0.03720434298334596,-0.014727965262897658,-0.03670956593337393,,,,6.0,0.10909754639450647,0.11628418881848744,0.8135962947766332,0.0007990756088698259,False,1,41.63145539906103,397
1000827,OCUL,OCULAR THERAPEUTIX INC,Health Care,Pharmaceuticals,screen,1639903200.1200001,1114057200.1200001,-0.34388366124893066,-0.5238981998758535,2023-10-01,0.45,ev_sales,60,0,-2.9206416623130615,-3.0016147071197916,-3.426389103412448,-4.547961782504353,,1.331653547736102,,0.06292859483752355,0.19341267896327508,,,-0.03809435695024255,6.0,-0.19910772967828175,-0.15696172227425367,1.0042353945797051,0.19261618794283364,False,0,,
1000267,ODFL,OLD DOMINION FREIGHT LINE INC,Industrials,Trucking,screen,37172141500.0,36908199500.0,0.24250876330370508,-0.3000040376582459,2023-10-01,0.16666666666666666,ev_ebitda,60,0,0.34446790539466965,0.26884120139892587,16.772529698148016,15.148120154926564,-0.13759816214571255,0.07730590872883325,0.10870360630677478,0.00854136898790192,0.031229889012446943,0,0.03074210072193062,0.013921372952910849,17.0,0.04647537463605087,0.05120079180278935,0.7850841166260757,-0.019099173578182582,False,0,33.39201877934272,705
1006807,ODTX,"Odyssey Therapeutics, Inc.",Health Care,Biotechnology,screen,980799534.0,695049534.0,0.3532277710109619,,2026-05-08,,,,,,,,,,,,,,,,,,0.009232943896658326,0.0056161162600050964,,5.207447770045138,True,0,,
1000829,OFG,OFG BANCORP,Financials,Diversified and Regional banks,screen,2149103930.0,1859927930.0,0.18687666336417919,-0.06525077530269663,2023-10-01,,,,,,,,,,0.020652084938380444,,-0.01541843372666063,,,,0.0407488992485574,,,,,-0.0485897228866744,False,0,,
1000830,OGE,OGE ENERGY CORP,Utilities,Non-Renewable Electricity,screen,9490226000.0,15332526000.0,0.018270591148222826,-0.09069069069069069,2023-10-01,0.11666666666666667,ev_ebitda,60,0,0.44964615238632566,-0.053239100069393586,9.55449562801098,8.718308597054497,4.063840700778883,0.05987467584516093,0.09614483496392623,0.019815782816398286,-0.014295046813157408,0,0.010220846739483758,-0.007714272152754109,4.0,-0.054459676352988984,-0.025046902365080736,-0.3220665841115467,0.015471379097309779,False,0,,
1005067,OGN,Organon & Co.,Health Care,Pharmaceuticals,screen,3604304160.0,11057304160.0,0.2932279791607231,-0.37656723907909617,2023-10-01,0.3,ev_ebitda,60,0,0.3133131547811372,0.26636419263171285,5.674611217597811,5.572767229334285,3.9156971787567185,0.012341035361709274,0.02132966788618096,-0.02784029244887498,-0.04704516338568843,0,0.0,0.0,3.0,0.3274453550187585,0.35141421162547987,0.6056854252915671,0.009574880644370287,False,1,33.62676056338028,697
1000831,OGS,ONE GAS INC,Utilities,Gas Utilities,screen,4528701630.0,6838935630.0,-0.08235374318111766,-0.19371209498301867,2023-10-01,0.06666666666666667,ev_ebitda,60,0,0.33986506386675885,0.01481195432733433,7.798871153068739,7.188653602789718,2.863405858071521,0.038806210267956276,0.07878347727946089,-0.11642143683486605,-0.0034764023544162637,0,0.0002824293169327863,0.013690803711828181,5.0,-0.02541185884284903,-0.016237891430345364,-0.13123611698743431,0.05311066500015582,False,0,,
1000832,OHI,OMEGA HEALTHCARE INVESTORS INC.,Financials,Health Care REITs,screen,14303987499.999998,18144386500.0,0.1633764632783341,-0.09241209497482372,2023-10-01,0.7166666666666667,ev_ebitda,60,0,0.9629914626915588,0.8866428833539488,14.799064471475099,13.892609468915955,3.2474289862723382,0.03534823516777452,0.03934151518282647,0.0038418772819170943,0.004929183139231297,0,-0.0017513509422276696,-0.017134567733320005,11.0,0.0652850446258292,0.07203162516048757,0.7616628983774701,0.08247738680333772,False,0,,
1000307,OI,O-I Glass Inc,Materials,"Metal, Glass and Plastic Containers",screen,867263700.0,5514263700.0,-0.5643793369313801,-0.6726535341830823,2023-10-01,0.1,ev_ebitda,60,1,0.18170844108171558,0.0993980948359125,4.630540437925055,4.43189173698954,4.275732943640591,0.01684075210896374,0.09197353605514591,-0.012182552164452853,-0.08680869743190922,0,-0.07021434553254657,-0.010777958968228307,6.0,0.3743840055500456,0.49963583707239756,0.27265445984426123,-0.008766225463101573,False,2,46.84272300469483,253
1000833,OII,OCEANEERING INTERNATIONAL INC,Industrials,Aerospace & Defense,screen,4468249720.0,4329021720.0,0.7606941081517353,-0.19367954167436696,2023-10-01,0.9,ev_ebitda,60,0,0.1555664659487537,0.10112869968293944,8.839709983456428,8.259221345495986,-0.33136736207620854,0.06271918627022766,0.10874495011828711,0.04773747616433677,0.08005406890604605,0,0.038975204541170205,0.014723900535804413,3.0,0.06662303126924188,0.07584616319262394,0.607869114192181,-0.013046558542643805,False,0,46.725352112676056,256
1000834,OKE,ONEOK INC,Energy,Oil & Gas Storage & Transportation,screen,55085120000.0,87946120000.0,0.23199615799493367,-0.21334785899377473,2023-10-01,0.21052631578947367,ev_ebitda,38,0,0.20876058440187142,0.13816428051969457,9.71552377725561,9.15348217354091,3.945066972901094,0.07280954114559757,0.06742529766432703,0.3065652134039263,0.0002827410555026333,0,0.04332553639655834,0.19382357488346713,11.0,0.08132877156072045,0.09650075673537424,0.4949120719412886,0.03776127720731992,False,1,31.044600938967136,815
1005660,OKLO,Oklo Inc,Utilities,Non-Renewable Electricity,screen,6368749960.56,3904291960.5600004,-0.6683687180865359,-0.7874124267830481,2023-10-01,,ev_sales,16,,-16.931574430038037,-0.0,-14.341936259745722,-14.449679579330672,,3.215629235206496,,0.6981501655558362,1.4497251874238346,,,0.2649288680770203,14.0,0.014624272886977121,0.013338432968705414,-0.34213222561832557,0.3352862739161311,True,0,,
1003513,OKTA,"Okta, Inc.",Technology,Internet Services and Infrastructure,screen,39219178240.0,36973178240.0,1.280370774263904,0.0,2023-10-01,0.8,ev_ebitda,60,0,0.28028272309398206,0.17164088363837493,40.92675130052646,36.834159715618846,-2.5248397790793122,0.10157207211017294,0.07910666730625149,0.024378216398362573,0.009000678208153312,0,0.0015752583218178184,0.007756950450821032,33.0,0.016131034889000233,0.022371013502620753,0.7002952944144388,0.017080477025249285,True,0,69.54225352112677,60
1003207,OLED,Universal Display Corp.,Technology,Other Semiconductors,screen,3612729498.97,3141419498.97,-0.4522901397308564,-0.6648223978169425,2023-10-01,0.0,ev_ebitda,60,1,0.4337055283780881,0.3308568314777804,10.602247782564401,9.309467623966245,-1.7147890927967875,0.09167502924968418,0.12188807635669163,-0.18113698671924705,-0.23359892519050518,0,-0.02317187100835827,-0.026520698271758736,4.0,0.07172196482702052,0.08194282776475044,0.8744996470056017,-0.010236627969485879,False,1,,
1000835,OLLI,Ollie's Bargain Outlet Holdings Inc,Consumer Services,Broadline Retail,screen,5295346760.0,5110073760.0,-0.3329439252336448,-0.39169034090909094,2023-10-01,0.15,ev_ebitda,60,0,0.1444443183108061,0.09697395912021556,12.058448513259998,11.360778717344859,-0.4580850098743769,0.10980589706741273,0.10864405174826142,-0.016880696160156528,0.007909654355527929,0,0.003709035460622845,-0.016236310596516534,12.0,0.05788698311971902,0.05881430066527508,0.7233351757397419,-0.0023792562857499755,False,0,38.063380281690144,512
1006439,OLMA,Olema Pharmaceuticals Inc,Health Care,Biotechnology,screen,863832363.64,405762363.64,-0.11746680286006117,-0.7588612894222718,2023-10-01,,ev_sales,17,,-9.432604816327803,0.0,-1.3558337143395383,-1.4058067865779635,,,,-0.46230383870420055,0.46757705859958154,,,0.19898742424552252,8.0,0.015813478090598524,0.0234939050095347,-0.045644824264834946,0.3226894312210289,False,0,,
1000836,OLN,OLIN CORP,Materials,Commodity Chemicals,screen,1817844000.0,4669544000.0,-0.35693333552048623,-0.723207144231607,2023-10-01,0.5,ev_ebitda,60,0,0.10438325112902609,0.06713152186286951,6.154361654244517,5.094011347088481,4.692194421977538,0.044648217313602245,0.243179803140956,-0.004806571426780315,-0.2465807134922543,0,-0.04046865289748469,0.005173882035427901,10.0,0.17171956018342555,0.2441692884591896,0.4114195454732502,-0.02389156413935145,False,1,39.35446009389671,476
1006541,OLO,Olo Inc,Technology,Application Software,screen,1869720398.82,1505003398.82,1.1876332622601278,,2023-10-01,0.5116279069767442,ev_ebitda,43,,,,,,,,,0.006514064339401715,0.06223504143999081,,,,,0.0,,,,True,0,,
1000081,OMC,OMNICOM GROUP INC.,Consumer Services,Advertising,screen,20990700000.0,28895500000.0,-0.05944104753497237,-0.25482173976198286,2023-10-01,0.26666666666666666,ev_ebitda,60,0,0.1929945128615646,0.17048656302699886,6.0023369893605105,5.614692115436408,1.9364112483045863,-0.0016999807883406604,0.06523139802983313,0.30747407672456006,0.44477584373347656,0,-0.05679012382680204,-0.007499826426078049,8.0,0.18391349398842533,0.20820928440880296,0.801919321480984,0.19000343242896123,False,1,39.448356807511736,472
1003158,OMCL,"Omnicell, Inc.",Health Care,Health Care Technology,screen,1548338880.0,1424376880.0,0.11822660098522153,-0.35815268614514606,2023-10-01,0.016666666666666666,ev_ebitda,60,0,0.13833156215916823,0.09350171257423674,7.975130862593711,6.6079133129093055,-0.7261365802969751,0.058872094479288206,0.0914415534481694,0.03551012712046098,0.0719440533928366,0,-0.01877553992237646,-0.020762197424167295,7.0,0.08131022557834977,0.11361698799452562,0.7048944442954607,-0.0007835727719238683,True,1,80.88028169014085,5
1005850,OMDA,"Omada Health, Inc.",Health Care,Health Care Technology,screen,1305158270.0,1083446270.0,-0.058796924468566325,,2025-06-06,,ev_ebitda,19,,0.0936138809286166,0.0801964717500891,28.349174479946566,21.57180382226377,-10.411522790287464,0.19981805357159677,0.38417155455087193,0.18433786412561504,1.200417805877049,0,0.46494322725792303,0.041563446289820005,8.0,0.029868332281163496,0.04223983386457149,1.020016487762377,1.851112491905326,True,0,74.82394366197184,20
1006766,OMER,Omeros Corp,Health Care,Pharmaceuticals,screen,1655385995.61,1565464995.61,3.643902439024391,,2025-07-28,,ev_ebitda,2,,0.07789326570824101,0.0,90.81354500722972,11.118685050961965,,0.5789967616714282,,1.6091690462500865,-1.2441731365966089,,,0.5467424273519494,2.0,-0.009552141741322307,-0.008603319396329924,-0.9172913604192603,0.20225226939835994,True,0,,
1002952,OMF,ONEMAIN HOLDINGS INC,Financials,Consumer Finance,screen,6467246320.33,27931246320.33,0.05367141898610428,-0.1809910745731047,2023-10-01,,,,,,,,,,0.07056266875322037,,-0.014414244110805052,,,,0.012134960132116568,,,,,-0.017339660332883367,False,0,,
1000035,ON,ON SEMICONDUCTOR CORPORATION,Technology,Broadline Semiconductors,screen,31791760000.0,32386660000.0,0.5589129993916042,-0.42604345553647427,2023-10-01,0.7333333333333333,ev_ebitda,60,0,0.3489719093769424,0.29862907279644446,12.544428399959772,10.50414388498889,0.2869212592503707,0.12567910025221662,0.19409400924755293,0.07190801809743497,0.12130287155952812,0,-0.03698098186314802,0.02779092734164923,12.0,0.07081872163816924,0.08379595723949185,0.872062013309964,-0.039805438453685005,False,0,44.636150234741784,310
1000794,ONB,OLD NATIONAL BANCORP,Financials,Diversified and Regional banks,screen,9574159540.0,17264783540.0,0.14994490399137872,-0.0920376323616896,2023-10-01,,,,,,,,,,0.05924934673054505,,0.0021411770653956275,,,,0.0016690191976522772,,,,,0.10799519660399781,False,0,,
1005003,ONDS,Ondas Inc.,Telecommunications,Communication Equipment,screen,3585582160.0,2209107160.0,-0.050518134715025864,-0.476802284082798,2023-10-01,0.3333333333333333,ev_sales,45,0,-0.019866680110089376,-0.02966199609665324,-109.36420007257274,23.18376017615621,,0.5686353767101071,,5.6316357672433135,-1.9738871119622337,,,0.4527198767621834,5.0,0.005062847870864711,0.030927762636784643,-0.8986963000093857,1.8023051745392071,False,0,,
1005222,ONON,On Holding AG,Consumer Goods,Footwear,screen,10143699925.699999,8817660592.556442,-0.30082644628099175,-0.5345803206538824,2023-10-01,0.03333333333333333,ev_ebitda,60,1,0.2027656500884544,0.1565747676603026,8.662461937621103,7.010882772122029,-1.6496154496454307,0.18872823137261197,0.2199674445716715,-0.06472690107025758,0.023474805457891934,0,-0.0020354639619556414,-0.016408938384798955,21.0,0.07808150457414459,0.09605183139082168,0.7780948267636952,0.006683676804686733,False,1,53.063380281690144,139
1003020,ONTO,Onto Innovation Inc,Technology,Semiconductor Equipment,screen,15643868160.0,15233449160.0,1.3821389877727905,-0.1866296736689127,2023-10-01,0.5283018867924528,ev_ebitda,53,0,0.3630872797787149,0.2954055010944771,22.291242499969943,17.48351644453363,-0.9811181398609984,0.23941668387398107,0.36817345562376946,0.4634080611712086,0.3241900451277915,0,0.16870803698377324,0.11609904485602995,6.0,0.03753308249433087,0.05015492311661599,0.8592002793523283,0.0027032899958354673,False,0,24.3075117370892,1018
1000529,OPCH,"Option Care Health, Inc.",Health Care,Long Term and Alternative Care,screen,3465691299.9999995,4430744300.0,-0.18984149855907795,-0.38535118884941255,2023-10-01,0.05,ev_ebitda,60,0,0.0846657716263885,0.07613263043146218,8.531115690575996,7.819884559652169,2.0119747210380976,0.07421376414496872,0.08372457206211381,-0.073552228166475,-0.09364353475558163,0,-0.0030069088482710393,0.002968161954038928,11.0,0.11964072247377194,0.12289098441470034,0.7983586720078473,-0.056661854840029835,False,1,39.11971830985915,485
1004950,OPEN,Opendoor Technologies Inc,Financials,Real Estate Services,screen,2317872000.0,3377872000.0,-0.7026348808030113,-0.7747148288973384,2023-10-01,0.43333333333333335,ev_sales,60,0,0.014023488775075626,-0.13259271089034697,34.73779047919158,19.30014951821107,,0.5105130719398983,,0.6140754521447773,-3.8008484043253903,0,-0.14260661496403781,0.03172255745854469,7.0,-0.4753814702781977,-0.3242831866705065,-11.331586063257417,0.17700384164736782,False,0,,
1000838,OPK,OPKO HEALTH INC,Health Care,Biotechnology,screen,1185769623.32,974865623.3199999,0.03870967741935494,-0.1701030927835051,2023-10-01,0.8666666666666667,ev_sales,60,0,,0.0,,,,0.03637660224068817,,-0.19644709113953363,-0.6960258582748868,0,0.011765961074344133,0.0013566918934093675,,-0.03280569786488971,-0.025300024060326255,,0.04094181476159675,False,0,,
1000200,OPLN,"OPENLANE, Inc.",Consumer Services,Automotive Retailers,screen,4386646000.0,6618646000.0,0.18589298123697007,-0.20442890442890438,2023-10-01,0.7666666666666667,ev_ebitda,60,0,0.1830880008170379,0.15703854490433708,15.199811492407242,15.232437468886511,5.9254941157837,0.03475521049062835,0.05374590753655695,0.1437649599200479,0.1517723767696968,0,0.03271682615280769,0.034050967051731496,4.0,0.07843744829315306,0.09122934961462954,0.7901782909456834,-0.074154640714582,False,0,,
1003037,ORA,"Ormat Technologies, Inc.",Utilities,Renewable Electricity,screen,5606798440.0,8315291440.0,-0.04544234001160752,-0.3687787174031235,2023-10-01,0.38333333333333336,ev_ebitda,60,0,0.6023379180713342,-0.04380822189200567,12.059284650467823,10.758068188001669,4.307333418574535,0.027392302489683162,0.09523416283965469,-0.013747939180286606,0.004089237166398529,0,0.013079293660470226,-0.03721776259075393,7.0,-0.037012215320501925,-0.03348447202581032,-0.30095675467379995,0.01874798039342429,False,0,,
1005316,ORC,Orchid Island Capital Inc,Financials,Mortgage REITs,screen,1050876279.4100001,11324156279.41,-0.06439751788059123,-0.252678130569029,2023-10-01,,,,,,,,,,,,0.3106948552737572,,,,,,,,,0.7391968274529328,True,0,,
1000169,ORCL,Oracle Corporation,Technology,Systems Software,screen,414240000000.00006,502500000000.00006,-0.5062405796004991,-0.5770569262840568,2023-10-01,0.0,ev_ebitda,60,1,0.5751403479641173,-0.25954936975051063,9.665401931968443,6.790266271095832,2.113931246020686,0.3961040835041669,0.4229604273444765,0.10372340650026302,0.17357361171307217,0,0.04673752749868787,0.006537406467825413,23.0,-0.07208069405373635,-0.06780209798271183,-0.5743211969569032,0.016031941799271365,False,1,,
1003437,ORI,Old Republic International Corp,Financials,Multi-line Insurance,screen,9232511815.140001,,-0.0421310488454818,-0.15702766726894146,2023-10-01,,,,,,,,,,0.05850656601900672,,1.1055094849060745,,,,0.023499538201070536,,,,,-0.02880680110197964,False,0,,
1006432,ORIC,ORIC Pharmaceuticals Inc,Health Care,Biotechnology,screen,1352315097.76,1087554097.76,0.12250000000000005,-0.1597005614472864,2023-10-01,,,,,,,-5.34112099283045,-4.677061396341849,,,,0.30025473799631563,0.18713437146492318,,,,9.0,0.012182348751307723,0.016288516310495736,-0.08090781484605064,0.26591616437999166,False,0,,
1005729,ORKA,"Oruka Therapeutics, Inc.",Health Care,Biotechnology,screen,5244808767.56,4373790767.56,3.331253250130006,,2024-08-30,,,,,,,-18.98948352458179,-14.992473075009414,,,,,0.18992069732901395,,,,5.0,0.007116021195554974,0.008110988959743716,-0.16203992754858482,1.0006614078950182,False,0,,
1000026,ORLY,"O'REILLY AUTOMOTIVE, INC.",Consumer Services,Automotive Retailers,screen,70479241250.0,80490619250.0,-0.20777293386513318,-0.20784641068447407,2023-10-01,0.35,ev_ebitda,60,0,0.22574316311809556,0.1733350628562265,17.59811894752118,16.32627229729272,2.372012938694754,0.06009910585637024,0.07036229486535239,0.01062250308971846,-0.005026606875269013,0,0.003713146106281151,0.002838311741351518,20.0,0.04600580901626587,0.04966331983284389,0.7089161535297426,-0.031875121963053865,False,0,21.607981220657276,1049
1003276,OSBC,"Old Second Bancorp, Inc",Financials,Diversified and Regional banks,screen,1283723900.31,,0.43615006950608426,-0.0548050945580858,2023-10-01,,,,,,,,,,0.03936119921735348,,0.06301467160414576,,,,0.01766608466866426,,,,,0.06772157805849677,False,0,,
1005016,OSCR,Oscar Health Inc,Financials,Life & Health Insurance,screen,9969616800.0,6325633800.0,0.6291600633914423,-0.0878438331854482,2023-10-01,0.37037037037037035,ev_ebitda,54,0,0.047966397164319295,0.03196169516028959,6.353822807601049,4.81451084273225,-6.827842906059697,0.13871384281443544,0.2784451075989789,0.6572621659107907,1.429697266655387,0,0.5351749319441041,0.04076555826893369,9.0,0.06442028632526385,0.1253288316338025,0.6451076164384277,0.08997620867444267,False,0,,
1003465,OSIS,OSI Systems Inc,Industrials,Aerospace & Defense,screen,3324844200.0,3966061200.0,-0.2201492537313433,-0.37235210539912167,2023-10-01,0.5166666666666667,ev_ebitda,60,0,0.16516007540827274,0.13125926194443277,12.642850437299673,11.457537617182048,2.103841822400814,0.06784391956327385,0.07107769485396687,-0.019847694378541503,-0.09174320875817799,0,-0.059236301582809014,-0.0283912045895941,3.0,0.07060273756457243,0.08447871911158004,0.7483046242556031,-0.002134351024370096,False,0,28.110328638497652,915
1005275,OSK,Oshkosh Corp.,Industrials,Industrial Machinery and Equipment,screen,8208448072.5,8907648072.5,0.008783703067856585,-0.27015016204734654,2023-10-01,0.1,ev_ebitda,60,0,0.12182179560968336,0.09170569140882948,6.080044438852978,5.429644595784728,0.5727621835075254,0.06592966350541607,0.160566835783005,0.020994536910399875,-0.03296521699785049,0,-0.0034840247872516272,0.02139013388391442,11.0,0.12161105397962306,0.14322934181382566,0.6813618457629923,-0.023930173791494203,False,1,48.485915492957744,211
1005832,OTF,Blue Owl Technology Finance Corp.,Financials,Asset Management & Custody Banks,screen,4493567276.25,11437589276.25,-0.18561591430244484,,2025-06-12,,,,,,,,,,0.07566782900633817,,-0.03153074885711327,,,,0.02421439996266117,,,,,0.47949172278122076,False,0,,
1004714,OTIS,Otis Worldwide Corp,Industrials,Industrial Machinery and Equipment,screen,24728080000.0,32351080000.0,-0.2813522854167758,-0.37335253856179285,2023-10-01,0.0,ev_ebitda,60,0,0.17454677868481164,0.16102071474127283,11.57639093991121,10.729909097846331,2.952180883604861,0.04944016131708717,0.08244502222374939,0.011900710375957413,-0.06863101026656215,0,-0.03331568211234848,0.00994532271001769,10.0,0.09374717146477352,0.10224403855584918,0.8295316699613394,-0.0240575180448237,False,1,27.33568075117371,945
1006537,OTTR,Otter Tail Corporation,Utilities,Multi-Utilities,screen,3713913486.0,,,,,,,,,,,,,,,,,,,,,,,,,,False,0,,
1005018,OUST,Ouster Inc,Technology,Electronic Equipment & Instruments,screen,2697029160.19,2452009160.19,0.4913123844731979,-0.354766474728087,2023-10-01,,ev_ebitda,11,,0.06327831769889261,-0.003775856218485293,127.38572574236723,25.040524011845452,,0.371724593903638,,0.07732838048156498,-0.6402228336495897,0,-0.3582890245993692,0.0072852614512666225,3.0,0.0026501538117580364,0.028699822064311972,0.3713260348492222,0.20682285640499165,True,0,,
1000458,OUT,Outfront Media,Financials,Specialized REITs,screen,4978875000.0,7377075000.0,0.5831747368910196,-0.16991968411736136,2023-10-01,0.7166666666666667,ev_ebitda,60,0,0.2963436830708919,0.24749866970259612,12.172896054546039,11.456840414328788,4.2563198075568325,0.03431083549221725,0.04936193465696115,0.06174192666182354,0.1366957098493502,0,0.01826466434896945,0.015312266264132512,6.0,0.0723287210853777,0.08255691406124788,0.5942261006331361,0.020493172973766516,False,0,,
1000605,OVV,Ovintiv Inc.,Energy,Oil & Gas Exploration & Production,screen,16908362000.0,19903362000.0,0.4648858338415751,-0.13662834104823052,2023-10-01,0.6333333333333333,ev_ebitda,60,0,0.5128300786122364,0.2801731320400231,4.076777675802086,3.9679049800257076,0.658267147179669,-0.027903663550909008,0.03195207360744279,0.11795404244816532,0.07416264065988254,0,-0.013765664104841036,0.027717460960836382,13.0,0.14338496693281172,0.15019446051510515,0.49658745494722245,0.015504381645875753,False,1,40.66901408450704,430
1000018,OWL,Blue Owl Capital Inc,Financials,Asset Management & Custody Banks,pipeline,14130748007.699999,18306239007.699997,-0.4203507121465333,-0.6209369446089179,2023-10-01,0.3695652173913043,ev_ebitda,46,0,0.5630486775041819,0.5630486775041819,9.95894589604453,8.738615538817077,2.730626214357038,0.1288704944587249,0.15960495451210033,-0.17322200358146,-0.14410457450830783,0,-0.009995425360638022,-0.009273874146719763,5.0,0.12346470296074824,0.14545432033647515,0.9491223763285959,0.03925582775871739,True,1,,
1000839,OXY,OCCIDENTAL PETROLEUM CORP,Energy,Oil & Gas Exploration & Production,screen,58545648000.0,68138648000.0,0.19410624638898333,-0.1656883938972189,2023-10-01,0.11666666666666667,ev_ebitda,60,0,0.6004006889872566,0.3799276950886638,4.586632842063658,4.605918349124564,0.6123938908837591,-0.030632332977422516,-0.057327120561247,-0.13380058115134452,-0.005276559810046488,0,0.003405175212172873,-0.007423708585505784,15.0,0.15109548694297747,0.14475253047712408,0.5954517476357544,0.022677082680903515,False,1,39.917840375586856,459
1003286,OZK,Bank OZK,Financials,Diversified and Regional banks,screen,5083590680.0,4957583680.0,-0.06355462368582832,-0.1343002448672067,2023-10-01,,,,,,,,,,0.06295204800434107,,-0.06926880550249881,,,,-0.02390796792559713,,,,,-0.01988942381731007,False,0,,
1000416,P,"Everpure, Inc.",Technology,"Technology Hardware, Storage and Peripherals",screen,46367407789.99999,45584823789.99999,0.5604343157141152,0.0,2023-10-01,0.8666666666666667,ev_ebitda,60,0,0.22589139043251552,0.1489062586319394,39.930348823632755,23.608364544570865,-0.7660640977788927,0.375674110168875,0.5708902301560366,0.2100182982014127,0.14592040831639075,0,0.12474037734125165,0.12607547301064326,14.0,0.01720154722265601,0.039545992965467486,0.6986556133727007,0.022613945336218855,False,0,45.387323943661976,286
1000441,PAA,Plains All American Pipeline LP,Energy,Oil & Gas Storage & Transportation,screen,16732200000.0,24114200000.0,0.5051219215667953,-0.09118773946360159,2023-10-01,0.6166666666666667,ev_ebitda,60,0,0.04725048271537948,0.03702530842392268,8.306756527390824,8.083263899115497,2.551806387471268,0.01594533365817341,0.012028812989605564,0.22413142083035398,0.09096943142931657,0,0.025619483670753063,0.1423189750856657,10.0,0.10485506441615035,0.11179983270275169,0.6043674711432444,0.007549070285600035,False,1,27.899061032863848,924
1005676,PACS,"PACS Group, Inc.",Health Care,Long Term and Alternative Care,screen,6646315326.75,6909082326.75,2.0262199563000727,-0.14241486068111464,2024-04-11,0.4722222222222222,ev_ebitda,36,0,0.11078483554946107,0.10698637920065715,9.725558970036548,8.94188081431671,0.42424875114285,0.08502871228250175,0.08417277089789321,0.07077229792622419,0.44978505906540955,0,0.07739755645781754,0.0502413933912047,5.0,0.09995114632345328,0.10800187303311928,0.935110482058188,0.04481766756629013,True,1,63.532863849765256,85
1000130,PAG,"Penske Automotive Group, Inc.",Consumer Services,Automotive Retailers,screen,13326588000.0,15753088000.0,0.19018064967684034,-0.09743986049828057,2023-10-01,0.8666666666666667,ev_ebitda,60,0,0.046554474740465236,0.03283675693025688,10.065666294771347,9.292809501165458,1.6339382336477495,0.02186293773967196,0.06647013937481172,0.01999288851567327,-0.08021555615195519,0,0.006366092810796253,0.017940358019997493,6.0,0.06163590849684993,0.06406200050428718,0.5248432333290078,-0.009331421335900036,False,0,29.377934272300468,875
1000841,PAGP,PLAINS GP HOLDINGS LP,Energy,Oil & Gas Storage & Transportation,screen,5134140000.0,4083140000.0,0.5304946334251011,-0.09027046013347384,2023-10-01,0.25,ev_ebitda,60,0,0.04777131782501206,0.037522955339273203,1.3404184620737514,1.3169459857590327,-0.38382823935013377,0.031102655908775034,0.04935743105677326,0.2601679169997453,0.17060278922347294,0,0.04290249655607936,0.12022856995146025,5.0,0.362720684927654,0.3814912042974137,0.6113447117344006,0.002585600223580009,False,1,47.382629107981224,242
1000843,PAHC,PHIBRO ANIMAL HEALTH CORP,Health Care,Biotechnology,screen,1470670000.0,2121470000.0,-0.10567449944518059,-0.39570974581412277,2023-10-01,0.36666666666666664,ev_ebitda,60,0,0.16649086693007417,0.089135330478137,8.099281034494627,7.676211735017452,2.534811677602116,0.036501459844412665,0.04111710312868966,0.04457311863616398,0.11043290910372328,0,-0.002159629232431959,0.01721644694334712,3.0,0.066502948959675,0.07509768474308973,0.3733926037805171,0.0054266301353111945,False,0,32.382629107981224,754
1000173,PANW,"Palo Alto Networks, Inc.",Technology,Systems Software,screen,329680000000.0,328383000000.0,0.9512326883410274,0.0,2023-10-01,0.9333333333333333,ev_ebitda,60,0,0.3672048409704349,0.4064338740649328,63.15822673952922,56.12348682558156,-0.2961939509744228,0.18605415166142314,0.1787599994264637,0.18709254318452828,0.3294471052614967,0,0.050072078374261864,0.02616436263264421,28.0,0.01735064694509085,0.021000031224765032,1.1001642698182001,0.05491669970010893,False,0,37.852112676056336,523
1006515,PAR,PAR Technology Corp,Technology,Application Software,screen,594033590.0,938442590.0,-0.6523496715512885,-0.8304165639635198,2023-10-01,0.0,ev_ebitda,40,1,0.13204754828336382,0.12466366589401064,12.348296804076211,9.747004721787487,7.730693631763506,0.10720449685585609,0.3644018817701411,0.0125494206356207,-0.0026045570996025003,0,0.03319370168308944,0.009078161210990476,5.0,0.1038687605433112,0.1441265015484968,0.8118864673690365,0.09956284171075702,False,2,,
1003881,PARR,Par Pacific Holdings Inc,Energy,Oil & Gas Refining & Marketing,screen,4262567239.9999995,4814915240.0,1.3043478260869565,-0.056307087524569255,2023-10-01,0.2833333333333333,ev_ebitda,60,0,0.10595629366320065,0.0763714008348977,5.0732470847236275,6.601597701941563,0.45902998721398597,0.040343192228117664,-0.27628425405416945,0.21998939380568894,0.5879546499855461,0,0.3631244549072876,0.2190362762734166,3.0,0.15097618291372714,0.14197040307279638,0.6780739372984282,-0.06989868680401612,False,1,,
1005051,PATH,"UiPath, Inc.",Technology,Application Software,screen,6966533160.0,5751981160.0,-0.04035874439461895,-0.5223214285714286,2023-10-01,0.15,ev_ebitda,60,1,0.2643505241972917,0.18506480566991576,12.144222326167183,11.192402657300136,-2.731866783180612,0.09788332109291753,0.15278614440300742,0.04680141887568934,0.18241681231184237,0,0.0399008822174205,0.007453577670449407,13.0,0.05376240947160669,0.07060462403130258,0.7907654525867791,-0.027721664383182243,True,1,74.40140845070422,25
1003466,PATK,Patrick Industries Inc,Consumer Goods,Auto Parts,screen,2261242880.0,3650828880.0,-0.3323550106562976,-0.5282702085022897,2023-10-01,0.36666666666666664,ev_ebitda,60,0,0.11803634043387534,0.08917401118938081,7.571393127111275,6.7978590931368,3.070046547944385,0.03677844057251778,0.09549402754600678,0.00362016315323066,-0.03804477536660156,,,-0.034866535049867475,7.0,0.1295989607944687,0.19036699485541822,0.6077613116009918,0.01094992506918846,False,1,,
1004977,PAX,Patria Investments Ltd,Financials,Asset Management & Custody Banks,screen,1617635021.3400002,,-0.26951674046922625,-0.3997943632313683,2023-10-01,,,,,,,,,,0.09271003467339356,,-0.02902528415968253,,,,-0.00967405678628075,,,,,0.02135186015994206,False,0,,
1005090,PAY,Paymentus Holdings Inc,Technology,Internet Services and Infrastructure,screen,3974644388.91,3605782388.91,0.0013071895424836555,-0.3130044843049328,2023-10-01,0.16666666666666666,ev_ebitda,60,0,0.12740374699229723,0.0990528654289668,16.458298830120043,13.859242704393012,-2.153599932029125,0.17945747973672255,0.19391311410046796,0.05193827456259803,0.1877027859895828,0,0.06760956435068843,0.01621406208348386,3.0,0.04566772998203028,0.06438019297752764,0.8285011836249875,-0.0020581595064496083,True,0,,
1000844,PAYC,PAYCOM SOFTWARE INC,Technology,Application Software,screen,10440873000.0,11142873000.0,0.05556605247658353,-0.1992598689722065,2023-10-01,0.23333333333333334,ev_ebitda,60,0,0.46481393672874205,0.3924556901953333,10.106286424699102,9.225075927361887,0.7145058922015588,0.07850204126121874,0.09045539518940937,-0.042254279925769356,0.029724650162898714,0,0.05524771903829784,0.011280178057998969,15.0,0.08513554565592091,0.09225401888915177,0.8061988212729484,-0.0891246470288457,True,1,62.99295774647887,87
1005126,PAYO,Payoneer Global Inc,Technology,Payment Processing,screen,2409504212.64,2058467212.6399999,0.18016528925619824,-0.3538461538461539,2023-10-01,0.2,ev_ebitda,60,0,0.26397867735004815,0.2333945004541926,6.241887855550804,5.200493982597005,-1.229429587165188,0.1162911620546625,0.16802104395504003,0.015311208390905273,0.03567327310859714,0,0.016295926650434778,0.0114675480523303,4.0,0.11570738998863465,0.15126409480102831,0.8453971803628957,-0.0479536286897555,False,1,39.636150234741784,465
1000099,PAYX,"PAYCHEX, INC.",Technology,Application Software,screen,35959544000.0,39583344000.0,-0.18871578475555895,-0.35817573026720406,2023-10-01,0.06666666666666667,ev_ebitda,60,0,0.4739459309394977,0.4112218320854367,12.171151643770603,11.519098679737453,1.1691999486544464,0.05413830179006651,0.06640290297795137,-0.002180660203569884,0.008352889777942574,0,0.006023218414836329,-0.00022336729174421421,12.0,0.07249031108850822,0.07607430444416295,0.8015180964848819,-0.0029039679648461547,False,0,31.490610328638496,787
1000845,PB,PROSPERITY BANCSHARES INC,Financials,Diversified and Regional banks,screen,6732304400.0,,0.03262112149697449,-0.17496143273840026,2023-10-01,,,,,,,,,,0.11202301826371053,,0.3507011621460536,,,,0.010521865437023159,,,,,0.07428274030618098,False,0,,
1000846,PBF,PBF ENERGY INC,Energy,Oil & Gas Refining & Marketing,screen,9968637265.42,10823637265.42,1.6172608758451483,-0.01711366538952752,2023-10-01,0.3333333333333333,ev_ebitda,60,0,0.08317979671614414,0.07132236839392299,3.5443745594578457,6.268700457817727,0.24276147883173735,-0.028496376905591814,-0.3802679255247301,0.0988608539840603,1.876108958821149,0,0.8941045220889929,0.09347128206672539,11.0,0.24976896528055043,0.10941260152672434,0.8153435678682821,0.005035224215808487,False,1,41.98356807511737,383
1000847,PBH,"Prestige Consumer Healthcare, Inc.",Health Care,Pharmaceuticals,screen,2131231080.0000002,4059789080.0,-0.2649038461538462,-0.48512739925917614,2023-10-01,0.03333333333333333,ev_ebitda,60,0,0.33173269787721904,0.31568477267985207,9.409300216704764,8.696681896075876,5.052559535886686,0.12621958028383862,0.18738102965295678,0.14624908945716708,0.14332293970037413,0,0.13148094300949387,0.11270327537154134,4.0,0.14542959390033566,0.15626625913124748,0.7183518039957342,-0.014635376447480586,False,1,31.044600938967136,815
1003242,PBI,Pitney Bowes Inc.,Technology,Electronic Equipment & Instruments,screen,2309504230.0,4064645230.0,0.473951768719592,-0.11322386129267348,2023-10-01,0.4166666666666667,ev_ebitda,60,0,0.3092685988447318,0.3127621338278878,7.149192128259099,7.030541727153628,3.0919538786920735,-0.0004976351716476923,0.010745103798182276,-0.033381762314353414,-0.04771714029530927,,,,5.0,0.19173540784024892,0.18402126657467108,0.7788528377293664,-0.12037600769440848,False,1,30.199530516431924,848
1001062,PCAR,PACCAR Inc,Industrials,Heavy Transportation Equipment,screen,58004344000.0,64033344000.0,0.14439730267492967,-0.20338060646775202,2023-10-01,0.6,ev_ebitda,60,0,0.14283385170097143,0.10833953999224184,13.124472764187166,11.673164534615639,1.5727374518187722,0.08180553555572057,0.16968837581900487,0.03411277010257452,0.05086365088065947,0,0.09222592842793298,0.03519603347824041,10.0,0.06201158154687676,0.07752290210976887,0.7372402042084983,0.0005139042192352505,False,0,32.429577464788736,749
1000849,PCG,P G & E CORP,Utilities,Non-Renewable Electricity,screen,27808450000.0,91054450000.0,-0.17703913624169343,-0.42507040215024106,2023-10-01,0.0,ev_ebitda,60,0,0.4753367707911973,0.019215582459968662,7.00220836255475,6.486082105798247,5.435675296437604,0.03760584539155354,0.0980883373407,-0.001893638875260728,0.012526477986297246,0,0.052192036341889514,-0.000809533327158829,7.0,-0.09102785452886987,-0.16258838433992115,-0.19466368654363642,0.025247507777134803,False,0,,
1005081,PCOR,Procore Technologies Inc,Technology,Application Software,screen,7893311693.4,7296212693.4,-0.2907295666483818,-0.41446847050832103,2023-10-01,0.058823529411764705,ev_ebitda,51,0,0.3114363618648133,0.28596938169407055,13.627408182662522,11.223420909020533,-1.595704165384814,0.1419072423862615,0.27521216253563274,0.02720673091857395,0.3102672913828539,0,0.1697085702652268,0.011412292805655033,17.0,0.06544314831917271,0.08125864255908279,0.9648042671791034,0.004419754940881093,False,0,49.002347417840376,200
1006352,PCRX,PACIRA PHARMACEUTICALS INC,Health Care,Biotechnology,screen,1007903000.0000001,1119996000.0,-0.027939464493597188,-0.2939684329199548,2023-10-01,0.25,ev_ebitda,60,0,0.2696812208971043,0.23767698519318586,5.262083306776076,4.711573869038814,0.6023127058665536,0.05538806516649264,0.1305443058697855,-0.09956507809178972,-0.21896963040266937,0,-0.11535000183386523,-0.04996021477400503,5.0,0.18785500192874038,0.20975092931189115,0.8895753679125608,-0.06465075803837528,False,1,46.86619718309859,251
1005056,PCT,PureCycle Technologies Inc,Industrials,"Waste, Disposal & Environmental Services",screen,790389600.0,1028612600.0,-0.664638783269962,-0.7393617021276596,2023-10-01,0.07692307692307693,ev_sales,52,1,-0.0668384058431904,-2.3383574246387875,-134.86142228355519,10.582485722972992,,2.1343259205219285,,-0.3476769005236183,-1.4545977838206436,,,-0.09133271457837167,3.0,-0.42199030473731025,-0.4044114915251093,43.730010930637,0.08240462398329496,False,1,,
1000850,PCTY,PAYLOCITY HOLDING CORP,Technology,Application Software,screen,7911122400.0,7720455400.0,-0.10485339360833812,-0.3455889103093731,2023-10-01,0.18333333333333332,ev_ebitda,60,0,0.3633152581530767,0.29677862589166026,11.246529100124423,10.318739155612622,-0.2876092900433237,0.07149351946461979,0.06886772290036958,0.009223243076881493,0.01313107420987114,0,-0.0026774768506231394,-0.0017881508284749437,16.0,0.07188501498201827,0.07445836818774212,0.8284228405421458,-0.01952528101893669,False,0,42.54694835680751,360
1004747,PCVX,Vaxcyte Inc,Health Care,Biotechnology,screen,8098894641.299999,6727501641.299999,0.5796779566907273,-0.5175103875180191,2023-10-01,,ev_sales,26,,-10.713052658506477,-0.0,-7.206134215753763,-10.920985791426093,,,,0.2655789066522969,0.045378565266435356,,,-0.33333333333333337,6.0,0.014505697102253006,0.015752079911508045,-0.1258383131970073,0.10197196702151645,True,0,,
1006776,PD,Pagerduty Inc,Technology,Application Software,screen,1233016780.0,1159903780.0,-0.08595641646489105,,2025-07-28,,ev_ebitda,10,,0.2809164538543708,0.20853422467416,8.346769781004221,7.522754532704284,-0.5314159928527727,0.016439602222792615,0.06938503119258321,-0.06121077232808447,0.030739621282941165,0,0.022284143597403938,0.0004831685217396853,7.0,0.09034712280930379,0.11182348847687566,0.8016407483430502,-0.040052763294359583,False,1,48.321596244131456,216
1004351,PDFS,PDF Solutions Inc,Technology,Application Software,screen,2230420640.0,2182054640.0,0.9771494965143299,-0.2788529453312616,2023-10-01,0.5416666666666666,ev_ebitda,48,0,0.2865281980415496,0.08542152434518482,23.93959459480778,20.14201884147784,-0.7289519672756583,0.19837523237616228,0.2302540508935167,0.039708608947782276,0.3671382269724446,0,0.034136850282508124,0.0020558263255916476,2.0,0.012093841251804828,0.015999209806123044,0.2959390048758348,0.03562405817021097,True,0,,
1006791,PE,Premier Energy PLC,Utilities,Multi-Utilities,screen,1323760015.4662426,302896485.05558276,1.2371931703335246,,2025-07-28,,ev_ebitda,8,,0.16045321017135322,0.14600587489909428,0.7955218157811151,0.7370654863360201,-4.657179682821391,0.07205485342431839,0.3503082526653245,0.2175055249918323,0.5721360347850368,0,0.09167875352088317,0.12878989646960926,1.0,0.2255321924266666,0.2814347910375525,0.7841075958779316,0.042577283132693156,False,1,49.213615023474176,194
1000852,PEB,PEBBLEBROOK HOTEL TRUST,Financials,Hotel & Resort REITs,screen,2390846893.3799996,4201136893.3799996,0.651551914775149,-0.04961862862058497,2023-10-01,0.7333333333333333,ev_ebitda,60,0,0.23839134722165803,0.18153383989396235,11.654270513146514,11.218514837317194,5.15407001403513,0.02706720756570924,0.02831881993869012,-0.02512578050531833,0.010009043648371296,0,0.01793287059175297,0.009090304816037342,10.0,0.07065182850836535,0.0726159417629308,0.4685904494436922,-0.006274452795235086,False,0,,
1003430,PEBO,Peoples Bancorp Inc.,Financials,Diversified and Regional banks,screen,1312050619.74,,0.2817832669584903,-0.12473021391071837,2023-10-01,,,,,,,,,,0.07646030555438865,,0.14789599101334083,,,,,,,,,0.013355960238391917,False,0,,
1005164,PECO,Phillips Edison & Company Inc,Financials,Retail REITs,screen,5218345570.0,7639144570.0,0.1259461153446484,-0.14672687043536825,2023-10-01,0.15,ev_ebitda,60,0,0.6828508144439052,0.5424722562844814,14.230625037481818,13.348645770065266,4.945365316708182,0.029799438531067368,0.0724433417776309,0.024277933239914784,0.020219483506332292,0,0.011495679424897931,0.0006628065065443778,8.0,0.055590168706411036,0.0598155722724118,0.540393447249734,0.011241479569356727,False,0,,
1000404,PEG,Public Service Enterprise Group Inc,Utilities,Multi-Utilities,screen,33877110000.0,58226110000.0,-0.16549281484419254,-0.24700543295357225,2023-10-01,0.0,ev_ebitda,60,0,0.4035992962923904,0.02929884740716771,11.25420046484308,10.564945138031536,5.247744123550701,0.037685536092974425,0.07676482300759235,0.13416840065747992,-0.002389190355536641,0,-0.0170379132691989,0.05027869699395282,13.0,-0.022500994456144036,-0.019660814488504985,-0.14733466405539403,-0.0005819070001861215,False,0,,
1003484,PEGA,Pegasystems Inc,Technology,Application Software,screen,5913868950.0,5608957950.0,-0.4181494366616668,-0.498215007844913,2023-10-01,0.15,ev_ebitda,60,0,0.28144397860739945,0.3126752966606039,9.837721945878181,8.720762696201735,-0.6250836223042516,0.07952315639433039,0.1350364648042497,0.03474515497104469,0.03969307785587506,0,-0.21258324715628407,-0.08546928338213422,8.0,0.10987100965504572,0.1265453249879161,1.1396386542573465,-0.012948920221753868,True,1,,
1000853,PEN,PENUMBRA INC,Health Care,Health Care Equipment,screen,12583914762.0,12137829762.0,0.2566714037580924,-0.11424596549805233,2023-10-01,0.2,ev_ebitda,60,0,0.1964406450385988,0.13211715706359087,34.30074534394681,28.43828005447869,-1.6254629043802784,0.12615495193714543,0.23163763908710755,0.02048407983868583,-0.08191923235064513,0,-0.060551448713618616,-0.004390361627990225,6.0,0.020246675679061684,0.025241451699944444,0.7199991923440585,0.004016361743550023,True,0,67.96948356807512,68
1003560,PENG,"Penguin Solutions, Inc.",Technology,Other Semiconductors,screen,2904978260.0,2907841260.0,1.081050228310502,-0.32805012900847774,2023-10-01,0.8833333333333333,ev_ebitda,60,0,0.1501477755504171,0.12750659476603315,8.81000468028285,7.526237341027633,0.011376063859936213,0.20804887794030757,0.25733837519574543,0.26957032590837615,0.1789978166716184,1,0.3672425115390099,0.18431702747067247,5.0,0.09574694135092751,0.09672051652141224,0.8427004783521175,0.018066212426717687,False,2,45.809859154929576,274
1000854,PENN,"PENN Entertainment, Inc.",Consumer Services,Casinos and Gaming,screen,1990692000.0,6152392000.0,-0.2393561786085151,-0.4492481203007519,2023-10-01,0.05,ev_ebitda,60,0,0.15853640381137124,0.06803162889630428,5.028920296604714,4.900230036309968,3.899046584846665,0.03491214818385768,0.04662386224422033,-0.002280387905887582,-0.051663288690643516,0,0.017882870955229446,0.0031531457693148024,10.0,0.049129960442814626,0.13372281944848505,0.07994314679973569,-0.05544796740805169,False,0,32.406103286384976,753
1000152,PEP,"PepsiCo, Inc.",Consumer Goods,Soft Drinks,screen,171946400000.0,203842400000.0,-0.06113805977300979,-0.248480523288088,2023-10-01,0.0,ev_ebitda,60,0,0.19658015102460646,0.14290111754714918,10.210743256440034,9.763666227094882,1.6703056519340027,0.029099900864363093,0.03901122141491031,0.023685739197725653,0.001115771818317679,0,-0.015631118652703724,-0.003633951261931556,15.0,0.07938868173968924,0.08605352330364208,0.6837770343126945,-0.0034513937204359024,False,0,29.65962441314554,867
1003884,PFBC,Preferred Bank,Financials,Diversified and Regional banks,screen,1277090680.3799999,,0.1972446944425883,-0.043386919985385464,2023-10-01,,,,,,,,,,0.07033418815071246,,-0.027492332929819563,,,,,,,,,-0.055611763288084815,False,0,,
1000389,PFE,PFIZER INC.,Health Care,Pharmaceuticals,screen,161240080000.0,210036080000.0,0.19780890078515756,-0.017229496898690577,2023-10-01,0.6,ev_ebitda,50,0,0.44503982727343006,0.4097308899405537,7.879603420467206,9.020269973197381,1.8531482244182407,-0.05932045314190992,-0.07557072006216237,-0.006223929288095009,-0.03340147550431649,0,0.013917591357042625,0.008048347174572035,18.0,0.1395033905311353,0.12470797736119563,0.8438557688632322,0.002079191388389079,False,1,31.4906103286385,786
1000855,PFG,PRINCIPAL FINANCIAL GROUP,Financials,Life & Health Insurance,screen,24546888000.0,23627988000.0,0.39692718351238754,-0.05526959750232052,2023-10-01,,,,,,,,,,0.06777087051465869,,-0.007910161196629129,,,,0.01595182680202245,,,,,-0.03838722588549448,False,0,,
1000856,PFGC,PERFORMANCE FOOD GROUP CO,Consumer Services,Food Distributors,screen,14437248000.0,19351648000.0,-0.12043444828911953,-0.21551650235747966,2023-10-01,0.11666666666666667,ev_ebitda,60,0,0.03013487969247353,0.01854434384586285,8.81332316453866,8.012527059238666,2.46057276211658,0.05206383087087829,0.11882738072355759,0.021192290170716,-0.010544432733141762,0,0.002700810562279221,0.0022856118190746066,11.0,0.0656658086663125,0.08590254659008452,0.4317630300907804,0.0031201323869440856,False,0,32.45305164319249,745
1003301,PFS,"Provident Financial Services, Inc.",Financials,Diversified and Regional banks,screen,2914180650.6000004,,0.20051680199805344,-0.11532379540473747,2023-10-01,,,,,,,,,,0.05759407381326076,,0.004512184735949054,,,,,,,,,0.09091350735678416,False,0,,
1000857,PFSI,PENNYMAC FINANCIAL SERVICES INC,Financials,Thrifts & Mortgage Finance,screen,3298899450.0,,-0.4952525364200364,-0.6088019890124358,2023-10-01,,,,,,,,,,0.10093330655861399,,-0.1088168840692606,,,,-0.07619051297520585,,,,,0.0008909784746824467,False,0,,
1000150,PG,THE PROCTER & GAMBLE COMPANY,Consumer Goods,Household Products,screen,347308165000.0,371504165000.0,-0.026678997895782874,-0.15800705135104975,2023-10-01,0.03333333333333333,ev_ebitda,60,0,0.27255713414953564,0.21730288161228598,15.347160151965813,14.567066399151011,1.0167641874041011,0.02521232630258674,0.038283514973985744,-0.011088257876378349,-0.052060130573262975,0,-0.0002743186868146008,-0.007058318763219273,17.0,0.05383041403796312,0.05918448418674436,0.7723373748875771,-0.010042741937733246,False,0,26.842723004694836,961
1001006,PGEN,"Precigen, Inc",Health Care,Biotechnology,screen,3396369161.6500006,3452041161.6500006,1.601823708206687,0.0,2023-10-01,,ev_ebitda,12,,0.4605495982453604,0.2973053158232092,22.401233683432206,10.735010026628514,2.3150395081124193,0.5798296249146,1.1798542689233225,0.21492997094578414,0.3619384213450392,1,0.8234147869040129,0.4116259893664156,2.0,0.02669922586279009,0.0648238693080545,0.588449948505488,0.20917195102850794,False,1,,
1004634,PGNY,Progyny Inc,Health Care,Health Care Services,screen,2041214485.8000002,1888582485.8000002,0.1705390334572492,-0.3947621335896203,2023-10-01,0.13333333333333333,ev_ebitda,60,0,0.1754415822080733,0.14833122826763742,7.113061325451026,6.620167485045158,-0.6537075931656279,0.08059708859407944,0.09650634359739962,-0.006797274577309831,0.03438701101091035,0,0.0007168460722495329,0.006329482990754309,8.0,0.1145283629772817,0.12445587160723778,0.8804856655930149,-0.06909493656735266,False,1,46.913145539906104,248
1000446,PGR,Progressive Corp,Financials,Property & Casualty Insurance,screen,123242832000.0,131436832000.0,-0.10597661653231527,-0.24168417567745726,2023-10-01,,,,,,,,,,0.046687560827376684,,-0.06839066242491454,,,,-0.014780461862993088,,,,,-0.0039025113133837053,False,0,,
1005458,PGY,Pagaya Technologies Ltd.,Technology,Application Software,screen,1695997777.7600002,2321671777.76,-0.41663859885483334,-0.6046564711253138,2023-10-01,0.10638297872340426,ev_ebitda,47,1,0.32217777849024626,0.2962271653228588,4.241145217461771,3.5722065608222104,1.4121403454054184,0.1450136180768924,0.17969673348916038,-0.0008922825934410961,0.08518149451630541,0,0.07381578150688073,0.0050200295085505164,8.0,0.18551235621098458,0.27248678091161743,0.574751933903714,0.16091568806900391,True,2,55.340375586854464,126
1000311,PH,PARKER HANNIFIN CORP,Industrials,Machinery Tools and Components,screen,123439464000.0,131458464000.0,0.27069210284970247,-0.1085100884022997,2023-10-01,0.6833333333333333,ev_ebitda,60,0,0.27472718388977124,0.2239477279981883,19.94411525202016,18.308042172246367,1.3666826494087094,0.09221900724335841,0.13032977249065447,0.10093475520991091,0.1212251243694964,0,0.06692120892448661,0.05962383259556159,12.0,0.03929582565452312,0.046684935591950395,0.735913325868087,-0.00830669558647168,False,0,28.438967136150232,905
1005531,PHIN,"PHINIA, Inc.",Consumer Goods,Auto Parts,screen,2281140000.0,2930140000.0,0.05219621073673464,-0.2990637705641319,2023-10-01,,ev_ebitda,34,,0.14332442337664786,0.11839442449856846,5.414669735477616,5.351141205276588,1.303183744959145,0.02714070864678786,0.04165226722672166,0.04433211847273699,0.005748206344249773,0,0.004203930703606584,-0.0007304498944492588,4.0,0.1650144122375488,0.15390876053821653,0.6955965477217625,-0.08195153241304609,False,1,38.767605633802816,495
1000242,PHM,PULTEGROUP INC,Consumer Goods,Home Building,screen,22174332050.0,23095171050.0,-0.11412911159764949,-0.2102322072987216,2023-10-01,0.65,ev_ebitda,60,0,0.16241996360928124,0.11348190041492054,8.412041489592069,7.700835083507063,0.3359004878607012,0.0435866874143116,0.07116073340737117,-0.07447437377647115,-0.1717599731831131,0,-0.01511797330347664,-0.016788770734367353,12.0,0.08650802990437503,0.09754932971938211,0.6986942854384176,-0.05058205613801625,False,1,45.340375586854464,288
1004994,PHVS,Pharvaris NV,Health Care,Biotechnology,screen,2110940163.8500001,1748248916.8476021,0.27134268537074147,-0.1837364899639733,2023-10-01,,ev_sales,24,,-6.67754139486656,-0.0,-7.184236199044838,-17.494988645472407,,,,-0.3572640384295208,0.18420959794491676,,,-0.24019096188346212,10.0,0.006287695565562662,0.009595120141332224,-0.05454372116383876,0.1419832064279256,False,0,,
1003355,PI,Impinj Inc,Technology,ICs Semiconductors,screen,5920696080.0,6029620080.0,-0.008077455048409399,-0.2588565995618205,2023-10-01,0.45,ev_ebitda,60,0,0.2188067171213168,0.1266648741068639,58.666804459906416,42.56292766667654,1.4805678833676768,0.23613816535204224,0.3752843755549391,-0.126518832674541,-0.2512127607033382,0,-0.041638198170330765,0.004934372514924901,6.0,0.00963532971058213,0.014299830859248087,0.5550624310363557,0.02197104238792469,True,0,57.73474178403756,110
1000858,PII,POLARIS INDUSTRIES INC,Consumer Goods,Leisure Products,screen,3053171000.0,4999471000.0,-0.06468976060660447,-0.43800225703700413,2023-10-01,0.31666666666666665,ev_ebitda,60,0,0.08554439978430839,0.05384976528772269,7.604664301291238,6.850734340851039,3.433814180332115,0.03312575165287468,0.08595807383558496,0.026682389540756635,-0.03214757486995523,0,0.02927941159900227,0.016325799205991753,14.0,0.09560652819607664,0.12353339791641119,0.44401196178188873,0.016421895983138368,False,1,31.279342723004696,800
1004492,PINS,Pinterest Inc,Technology,Interactive Media & Services,screen,11240640880.0,10946867880.0,-0.41280696300901465,-0.5800355713650511,2023-10-01,0.0,ev_ebitda,60,1,0.30566911535158253,0.2841538655458064,6.434831763342723,5.593793925323664,-0.20607689461898945,0.12055572109681423,0.1509838349341006,0.0102036932688927,-0.07241015627688185,0,0.03214606753881033,0.01384459844496111,28.0,0.14511784580627504,0.16784106425237333,0.9588688633168435,-0.0777479227231952,False,2,56.60798122065728,121
1003651,PIPR,Piper Sandler Cos,Financials,Investment Banking & Brokerage,screen,4709453320.0,4580231320.0,-0.21928228011259587,-0.28497788771614796,2023-10-01,,,,,,,,,,0.08956356023552714,,0.11107233064634858,,,,0.011078734690309844,,,,,-0.003844772757978676,False,0,,
1003372,PJT,PJT Partners Inc,Financials,Investment Banking & Brokerage,screen,3999862225.9,4183671225.9,-0.19205307996825738,-0.25096890395176563,2023-10-01,,,,,,,,,,0.07446028223819745,,0.07653102573133963,,,,0.04747852908173833,,,,,-0.10541780341075702,False,0,,
1003378,PK,Park Hotels & Resorts Inc.,Financials,Hotel & Resort REITs,screen,3084000000.0,6735000000.0,0.5089294444562329,-0.03082054093740172,2023-10-01,0.7,ev_ebitda,60,0,0.2489127810141605,0.16754802120183704,10.461070381246856,10.371188332560047,5.851300634879417,0.029190361452037905,0.016136725928252993,-0.03135504867770389,-0.006710465595936577,0,0.024190153529850544,-0.0013941218951076806,13.0,0.06871065701968136,0.06680581615523738,0.3291372185110418,-0.02135931433766647,False,0,,
1000859,PKG,PACKAGING CORP OF AMERICA,Materials,Paper Packaging,screen,20446860000.0,23821960000.0,0.07863836305491478,-0.10366383298396897,2023-10-01,0.38333333333333336,ev_ebitda,60,0,0.2246971864513631,0.14505814226835984,9.787035894581573,9.594532047930638,1.663245368448682,0.05293024777591948,0.09127589955128834,0.08813930021700367,0.13839727025632476,0,0.047018797540287816,0.029645296947811817,8.0,0.07061083739665251,0.07529631541994862,0.5931597526275727,-0.0027407980822374833,False,0,,
1005400,PL,Planet Labs PBC,Industrials,Aerospace & Defense,screen,6962703985.860001,6543649985.860001,0.2627118644067796,-0.6811284046692607,2023-10-01,,ev_ebitda,29,,0.023438168356902815,-0.005089726624907466,635.0178542836444,118.60105347726396,-34.807501722769516,0.36300916924829996,0.8870524937390833,0.2782239663387118,-0.5424174663827208,0,0.03918245637258444,0.0048864214706074716,6.0,0.0022599797262239547,0.004093989445367281,1.5270327450636854,0.05756885920302568,True,0,54.471830985915496,130
1000448,PLD,Prologis Inc,Financials,Industrial REITs,screen,122810307640.0,158021107640.0,0.16937095154403536,-0.12787645943295411,2023-10-01,0.3620689655172414,ev_ebitda,58,0,0.818754635162195,0.730928515191492,20.662167574660092,19.135844897973396,4.979918062811166,0.06765790658878523,0.08996294268662974,0.035149422719454204,0.0005917698365573987,0,0.015220959324503847,0.018475066300885468,8.0,0.04693527455005668,0.05084677163945819,0.75369382951671,0.0035210621753083426,False,0,,
1005553,PLGO,Pelagos Insurance Capital Limited,Financials,Property & Casualty Insurance,screen,2072368842.5000002,2275768842.5,0.34124609526730776,-0.08384616444007764,2023-10-01,,,,,,,,,,0.06763431020918453,,-0.1463567117716129,,,,-0.04385431897035963,,,,,-0.1379366001974458,False,0,,
1004506,PLMR,Palomar Holdings Inc,Financials,Property & Casualty Insurance,screen,3407231845.2200003,3640731095.2200003,0.05969407045880826,-0.2981727101952524,2023-10-01,,,,,,,,,,0.18892792885796905,,0.30972498812207827,,,,0.016474064398155353,,,,,0.015580556653349786,True,0,,
1000860,PLNT,PLANET FITNESS INC,Consumer Services,Leisure Facilities,screen,3241784700.0,5344606700.0,-0.5932562620423892,-0.628181417877587,2023-10-01,0.0,ev_ebitda,60,1,0.4106636198534524,0.2812475977089086,8.52179516210257,7.596709934566752,3.6375454181978286,0.08662118079401515,0.09489854374603723,-0.028851925133822842,-0.07176720528828395,0,-0.01066887021602636,-0.0038664831551492584,14.0,0.09779264090277826,0.12020343832175744,0.5054819844442154,-0.0553105836048321,False,2,35.34037558685446,627
1004854,PLTR,Palantir Technologies Inc,Technology,Application Software,screen,488154607760.0,478956908760.0,0.02538098892665297,-0.09716188821314797,2023-10-01,0.4666666666666667,ev_ebitda,60,0,0.6159463946050162,0.6072572875514712,62.79997687941275,42.41032319048627,-2.1314241736294055,0.47179421497613916,0.5042220916494304,0.580096054483862,0.9386903262026718,0,0.13092224523582763,0.09927279260994437,19.0,0.01605468861811761,0.024011012654143748,1.0275958023231158,0.02541920689828925,True,0,72.21830985915493,41
1000861,PLUG,PLUG POWER INC,Industrials,Heavy Electrical Equipment,screen,2629391946.2999997,3203200946.2999997,-0.1673819742489271,-0.7487046632124352,2023-10-01,0.48333333333333334,ev_sales,60,0,-0.08330026315948572,-0.1151520184435585,-39.59711493848969,47.09389685893569,,0.1913484425399623,,-0.1725467515355832,-0.09614039809590735,,,0.007874298366220334,14.0,-0.060960686712687555,-0.0010183671839117609,1.9814564846485352,0.3331962752221267,False,0,,
1000862,PLXS,PLEXUS CORP,Technology,Electronic Manufacturing Services,screen,7377672025.862069,7339077025.862069,0.8035109544543506,-0.1411032848397077,2023-10-01,0.85,ev_ebitda,60,0,0.07681362839418328,0.03535759211438052,16.958916768867926,15.772117525109158,-0.10253508278199895,0.11499446137137848,0.11207931987611963,0.2452924042918505,0.19508364472748974,0,0.06431152410671714,0.07305003916179831,3.0,0.0234265339016937,0.03234733116521482,0.39937791428333236,-0.011038539121126623,False,0,,
1000209,PM,Philip Morris International Inc.,Consumer Goods,Tobacco,screen,293560800000.0,336674800000.0,0.21905542461514216,-0.04671029624818901,2023-10-01,0.8333333333333334,ev_ebitda,60,0,0.46071743219952166,0.4102927748635592,15.802884186182055,14.586206001639423,2.2284461661896477,0.06108506110684675,0.08371654440104637,-0.013875914982599546,0.006021148958722522,0,0.002351809337835409,-0.0011528187889665586,9.0,0.06142812770925488,0.06725345428967695,0.8464300777955258,0.0010895325718767168,False,0,26.02112676056338,983
1000444,PNC,PNC Financial Services Group Inc,Financials,Diversified and Regional banks,screen,88962250000.0,145940250000.0,0.142555595274666,-0.13507413316729588,2023-10-01,,,,,,,,,,0.0528161450486222,,0.08229888197168211,,,,0.016020308575928066,,,,,0.002069138299551243,False,0,,
1003363,PNFP,"Pinnacle Financial Partners, Inc.",Financials,Diversified and Regional banks,screen,14333416840.0,,0.015769431075409956,-0.2647586914740442,2023-10-01,,,,,,,,,,0.08509808563587806,,0.03545239549841139,,,,-0.002876517199719264,,,,,0.40374537062304183,False,0,,
1004649,PNTG,Pennant Group Inc,Health Care,Long Term and Alternative Care,screen,1394772030.0,1603549030.0,0.5463917525773196,-0.08192090395480223,2023-10-01,0.6862745098039216,ev_ebitda,51,0,0.08661247575852989,0.07256632161213228,14.510328571747701,13.131054502179103,2.290195662935674,0.06888342746303544,0.1198975431349878,0.1880755533567524,0.1680294693833484,0,0.02444674504877975,0.015842668803938365,7.0,0.05591000480572905,0.06630547673080743,0.7056474274122381,0.05773516871895601,False,0,,
1000865,PNW,PINNACLE WEST CAPITAL,Utilities,Non-Renewable Electricity,screen,11778999810.0,21545683810.0,0.0778749745538787,-0.1415745889576684,2023-10-01,0.11666666666666667,ev_ebitda,60,0,0.4162754498386936,-0.017072574417125303,8.735670056821377,7.976923989696522,,0.06723335433658728,0.12307034613812307,0.009122623358493342,0.010567530527994418,0,0.012493110846006683,0.005922322968446858,6.0,-0.053747141885582564,-0.04105837743924168,-0.2566845505028765,0.03401209548367934,False,0,,
1000866,PODD,INSULET CORP,Health Care,Health Care Equipment,screen,9077218370.0,8561218370.0,-0.5773977261684968,-0.6302080380930786,2023-10-01,0.0,ev_ebitda,60,1,0.24868044107446774,0.16773260155941808,9.168399691866393,7.813382320018995,-0.6803531876926989,0.13976720035012624,0.16935511416667892,0.03227990831488792,0.03319680679171255,0,-0.04747439431129896,-0.04891869869083065,17.0,0.06532865814588334,0.08452713617795558,0.6350595983984512,-0.028580667301618456,False,1,49.82394366197183,181
1003577,POOL,Pool Corporation,Consumer Services,Distributors for Retailers,screen,5805328440.0,7117282440.0,-0.46481933062851544,-0.5980003100308515,2023-10-01,0.0,ev_ebitda,60,1,0.12364941628297706,0.10881557088626596,10.22051021819198,9.601008411470202,1.9985525408536482,0.03899523680978034,0.062100670854911666,-0.022719288544760685,-0.07811627432668511,0,-0.017463623288158425,-0.0025533854372383757,11.0,0.09705157904847403,0.09873226125959927,0.8090731284019862,-0.02788773626922747,False,2,24.3075117370892,1018
1006353,POR,PORTLAND GENERAL ELECTRIC CO,Utilities,Non-Renewable Electricity,screen,5208989760.0,10128989760.0,0.059902013588731595,-0.15810500299974095,2023-10-01,0.0,ev_ebitda,60,0,0.3561583001728135,-0.10436745209124373,7.237650613621026,6.574407234799645,4.0666329388264435,0.06676479226764598,0.11928211934110089,-0.0032885768420336525,0.0063881401733842935,0,-2.2279479514275558e-05,-0.0036320680373943537,6.0,-0.13114431597230863,-0.09901379538534708,-0.4881288293181517,0.06712094066284435,False,0,,
1000325,POST,"Post Holdings, Inc.",Consumer Goods,Packaged Foods & Meats,screen,3736179000.0,11096279000.0,-0.3221994789728322,-0.3965374420145792,2023-10-01,0.0,ev_ebitda,60,0,0.17728307560576637,0.1335002136877292,7.915321680758386,7.698667382871261,4.96305059054971,-0.013054017928918027,-0.014218246335160778,-0.10241595900874201,-0.0783104231866475,0,-0.05492147191251684,-0.04377658367864001,3.0,0.17280217885172747,0.18329787011366055,0.4605407784563838,-0.10650321769006432,False,1,27.05399061032864,953
1003041,POWI,Power Integrations Inc,Technology,ICs Semiconductors,screen,2919844000.0,2657231000.0,0.3107786304214757,-0.4044978056359231,2023-10-01,0.2833333333333333,ev_ebitda,60,0,0.2376364733157063,0.18333053470367242,20.68850765980622,,-2.5889490929004944,0.1860645517051691,,-0.11449951261029201,0.04496961546250211,,,-0.00673092297157063,1.0,0.037942154573006516,0.0051251937808640706,0.8625444635095236,-0.007645884096420086,False,0,28.978873239436616,883
1006480,POWL,"Powell Industries, Inc.",Industrials,Electrical Components and Equipments,screen,6976722400.0,6345685400.0,0.8194053205985072,-0.4267501348891529,2023-10-01,,ev_ebitda,11,,0.20861021924750653,0.17993809262519025,20.175895265199348,17.353868736994166,-2.566148769101826,0.19306710301319452,0.21989127487479743,0.08013222008499743,0.05816645910297935,,,,3.0,0.041377442184674665,0.04915607738270547,0.9178450308052744,0.00033600497686747666,False,0,45.058685446009385,296
1002999,PPC,Pilgrim's Pride Corporation,Consumer Goods,Packaged Foods & Meats,screen,6018843600.0,8482811600.0,-0.33668958742632604,-0.48238491417230467,2023-10-01,0.3,ev_ebitda,60,0,0.0790905238681653,0.03585210615987822,5.664973216669194,5.278490278276386,1.5333962600632818,0.01911818292178613,0.07634010380058376,0.005399412490227684,-0.29635095175718507,0,-0.1257954122985343,-0.0017328725641077014,7.0,0.09452514037416739,0.14717199277891554,0.37994298341668575,0.0014837253638668724,False,1,44.02582159624413,325
1001023,PPG,"PPG INDUSTRIES, INC.",Materials,Paint & Coating,screen,23437180300.0,28729180300.0,0.018555069108844746,-0.2640763446516504,2023-10-01,0.0,ev_ebitda,60,0,0.17631129126975895,0.13495744266430115,9.395522974071861,8.830725986010172,1.8546525343508458,0.03231109463369286,0.06319593891736774,0.03538510670076889,-0.03995531752024106,0,-0.002032182401714766,0.004475985793194859,16.0,0.09491924380848608,0.10295231440738153,0.727540802259864,-0.02549912290223466,False,1,32.78169014084507,733
1000868,PPL,PPL CORP,Utilities,Multi-Utilities,screen,24806691000.0,25008691000.0,-0.08626549773062209,-0.16025951151751983,2023-10-01,0.06666666666666667,ev_ebitda,60,0,0.44863395581849347,-0.10166959696467691,5.437384538039327,4.913438510425636,0.051711204047733675,0.062428777216962494,0.1195522860259215,0.0708005076836431,0.03308570662074506,0,0.010631326388120144,0.051647242189667875,8.0,-0.08282760218883296,-0.07635264348175091,-0.4467278346409826,0.010861354041447058,False,0,,
1000093,PPLI,People Incorporated,Technology,Interactive Media & Services,screen,3108105000.0,3385315000.0,0.23158203698268265,-0.11885762284754298,2023-10-01,0.3333333333333333,ev_ebitda,60,0,0.18045515742413396,0.15132787020117044,10.20354628278133,9.391626277048514,1.0484338512696312,0.013993290688128823,0.15725308223313528,-0.25346941922561006,-0.005205469993205369,0,0.06558124706875001,-0.0037758493218006395,11.0,0.0559972210782728,0.06329559402565538,0.5245829975664099,-0.04719417230719536,False,0,37.805164319248824,528
1003377,PR,Permian Resources Corp,Energy,Oil & Gas Exploration & Production,screen,18755478990.0,21616806990.0,0.7073780407507697,-0.13193588161830794,2023-10-01,0.7833333333333333,ev_ebitda,60,0,0.7371297993992442,0.4316833065620199,4.297294404337575,4.386708513279668,0.6094224671934385,-0.000434629613867199,-0.007484285175928251,0.17562462513952481,0.2144180252497805,0,0.04438013359896997,0.040927961288468095,17.0,0.14612091875896022,0.14015271022294504,0.544808804126555,0.015165634391078209,False,1,39.49530516431925,470
1004887,PRAX,Praxis Precision Medicines Inc,Health Care,Biotechnology,screen,8358082801.250001,7600618801.250001,4.494905660377359,-0.246162607097559,2023-10-01,0.0,ev_sales,39,0,-0.8475492472892382,0.0,-25.34322326820384,33.955887049117884,,33.5478419190848,,8.151704021091302,-0.003926706673842872,,,0.006546967506104728,12.0,0.00524182189265628,0.005581255834570629,-0.14608372270678274,0.29478813154616734,False,0,,
1005036,PRCH,Porch Group Inc,Technology,Application Software,screen,2022411750.0,2209235750.0,-0.00715137067938032,-0.125,2023-10-01,0.4878048780487805,ev_ebitda,41,0,0.21928649422908997,0.1747234062137278,15.456339288204562,11.164569242428895,2.046776669275862,0.15332922036370955,0.43457918544225893,-0.008558127464489473,0.013290291957572808,0,0.030051147307800008,-0.006875285569641232,2.0,0.027916730241543043,0.06637191981551661,0.3950014682920212,0.09153758167960424,True,0,,
1005221,PRCT,Procept BioRobotics Corp,Health Care,Health Care Equipment,screen,971280340.0,795081340.0,-0.4894928551414962,-0.8167923579688285,2023-10-01,0.0,ev_sales,60,1,0.0023487948694197584,-0.06126960682419009,708.9547483782649,28.41453458553602,,0.18996842273073633,,-0.09356326234364065,-0.9684811711482364,0,-0.9376680375628003,-0.028091268448808715,12.0,-0.024967078503030777,0.007735974938368803,-21.62316586028637,0.048530068916722735,False,1,,
1004905,PRG,PROG Holdings Inc,Consumer Services,Specialized Consumer Services,screen,1268864100.0,2070727100.0,-0.028032336809015068,-0.36647566170886325,2023-10-01,0.05,ev_ebitda,60,0,0.12331442924047643,-0.43143420037574814,5.092076783125782,0.854695424339017,2.3605062902886056,0.06916201558490975,1.5830207003340973,0.207347187350561,-0.5424019050079341,0,0.035943388483871574,0.0028118645848844714,5.0,-1.1613903404604942,0.2411808474139616,-3.6238098084038652,-0.03401145521033799,False,0,,
1000414,PRGO,PERRIGO Co plc,Health Care,Pharmaceuticals,screen,1971212000.0,4866312000.0,-0.2747426631821255,-0.5016938117927758,2023-10-01,0.05,ev_ebitda,60,1,0.1948302007054422,0.1556746464840267,6.139319037916273,6.7685123923419495,3.6769782509478857,0.0005527777513931742,-0.03185399497196684,-0.08430562781895645,-0.04399817281552054,1,0.1820607624587165,0.0013006163702804496,2.0,0.25057928250010897,0.26302178967363304,0.6231588230181738,0.0060752930668943605,False,3,40.340375586854464,444
1003554,PRGS,Progress Software Corp,Technology,Systems Software,screen,1517265240.0,2636247240.0,-0.09014340997040748,-0.42810130204607244,2023-10-01,0.016666666666666666,ev_ebitda,60,0,0.4939561150598345,0.45390351436598214,4.234258591164982,3.9232726119180743,2.0390929435611373,0.10571284554301386,0.10528330841735212,0.25943380557914675,0.20567863515634843,0,0.194268322951199,0.2541456457068514,2.0,0.3225805242263036,0.38867063567397386,0.7861237027287334,-0.02601706552065919,False,1,,
1000869,PRI,PRIMERICA INC,Financials,Life & Health Insurance,screen,8581428640.000001,,-0.0020044339561854363,-0.16212178855376846,2023-10-01,,,,,,,,,,0.05184260195816992,,0.04038701033250147,,,,0.01427890068628801,,,,,-0.04699818280423962,False,0,,
1003038,PRIM,Primoris Services Corp,Industrials,Construction & Engineering,screen,4117500000.0,4696300000.0,-0.45565908144649003,-0.6320630309756912,2023-10-01,0.43333333333333335,ev_ebitda,60,0,0.06573068470914223,0.04783068584012649,8.747243257882836,7.587388620151542,1.6921031397530528,0.10750190992963149,0.4887141584336747,-0.035464091295305256,-0.15251051846453523,0,-0.021024119410607445,-0.003026435279715911,13.0,0.08375163016688418,0.11070387544679118,0.6423063998100184,-0.0020134529382689337,False,1,35.528169014084504,620
1003487,PRK,Park National Corp,Financials,Diversified and Regional banks,screen,3257463470.88,,0.13696577454016756,-0.15488545939170295,2023-10-01,,,,,,,,,,,,0.20718272617109568,,,,0.025039729456984627,,,,,0.05380226239993413,False,0,,
1000321,PRKS,"United Parks & Resorts, Inc.",Consumer Services,Leisure Facilities,screen,1470698240.0,3729193240.0,-0.3733075435203096,-0.4625974456792171,2023-10-01,0.016666666666666666,ev_ebitda,60,0,0.34999078728948047,0.19473625300019803,6.243832982065627,6.007260021473374,3.8366815127642924,0.03039725238276647,0.031730888324546846,-0.05625035195910144,-0.1713143883258833,0,-0.037979633139008206,-0.018604290518306144,9.0,0.1355639084874534,0.1664779481477921,0.333813613141776,-0.11181128156215514,False,1,30.974178403755868,818
1000870,PRLB,PROTO LABS INC,Industrials,Industrial Machinery and Equipment,screen,2304117913.56,2163455913.56,0.8958624825104935,-0.021155830753354143,2023-10-01,0.9666666666666667,ev_ebitda,60,0,0.16698315271734857,0.141169160280097,20.612655131306884,,-1.5147770456232041,,,0.09240934752593444,0.3740597688588734,,,,2.0,0.04100104435034262,,0.9000891090290252,-0.017125607374331775,False,0,,
1006706,PRM,Perimeter Solutions SA,Materials,Diversified Chemicals,screen,4437056032.0,,,,,,,,,,,,,,,,,,,,,,,,,,False,0,,
1005780,PRMB,Primo Brands Corporation,Consumer Goods,Soft Drinks,screen,6966070650.0,11755570650.0,-0.11849499190773605,-0.4521144661033626,2023-10-01,,ev_ebitda,27,,0.22662994611765552,0.19033378757672056,7.324086826580506,6.9147528774488505,3.2502621780498417,0.03685743794391372,0.07088109498421824,-0.022956541803699215,-0.08816300483742034,0,0.010510916591593977,0.009471286610622798,9.0,0.15024896991880748,0.1591603523060855,0.6520924115089528,0.22721625203214701,False,1,36.30281690140845,580
1006547,PRPL,Purple Innovation Inc,Consumer Goods,Home Furnishings,screen,9286800.0,133022800.0,-0.9062299293513166,-0.9578846153846153,2023-10-01,0.0,ev_ebitda,49,1,0.05312335733310742,0.041634780138886524,5.753562211095344,,8.400708675824204,,,-0.24738552418585757,-0.12487691886418373,0,-0.17790817528590386,-0.12850507898783137,1.0,-1.9253050818081578,0.0,-0.7733505132571945,0.010719492680880016,False,1,,
1003313,PRSU,"Pursuit Attractions and Hospitality, Inc.",Consumer Services,Leisure Facilities,screen,1425479100.0,1625697100.0,0.37451630735212826,-0.11148829730212617,2023-10-01,,ev_ebitda,21,,0.28067612368475886,0.005100973088641349,11.641681182955274,10.920467593687153,1.5588939071834411,0.03677116438085681,0.061223159386181614,-0.024317968565069847,0.046535085900990536,0,0.019325165886769247,0.022882412797198937,3.0,-0.005386831934748524,0.04277116698794244,-0.054988307275539036,0.14228330504296416,False,0,,
1000871,PRU,PRUDENTIAL FINANCIAL INC,Financials,Life & Health Insurance,screen,39380553000.0,44836553000.0,0.15284947325774967,-0.08182511879404786,2023-10-01,,,,,,,,,,0.018582327113931374,,-0.0181423033732091,,,,0.005376792808531317,,,,,-0.01690829315397091,False,0,,
1005072,PRVA,Privia Health Group Inc,Health Care,Health Care Services,screen,2640499476.9900002,2232036476.9900002,-0.20923694779116453,-0.299288256227758,2023-10-01,0.0,ev_ebitda,60,0,0.06473446142885503,0.07597256565024772,12.850166976810874,11.119294203308527,-2.8022763303319214,0.10753864737589547,0.14739837250913057,0.09234391395159913,0.08645758267875858,0,0.0003597438812934506,0.006223195121478842,15.0,0.08136023267414588,0.08917634325431853,1.2368178684801816,0.025670211921638986,False,1,52.429577464788736,145
1006520,PS,Pershing Square Inc.,Financials,Asset Management & Custody Banks,screen,21284000000.0,21528137251.0,1.3196489568577174,,2026-04-29,,,,,,,,,,0.4467114007449928,,-0.0817291800563632,,,,,,,,,0.0001854398462601825,False,0,,
1000406,PSA,Public Storage,Financials,Specialized REITs,screen,50129408000.0,60049687000.0,0.019718066526107192,-0.1689011738625289,2023-10-01,0.08333333333333333,ev_ebitda,60,0,0.7622997242503152,0.7113892427129392,14.854140243475163,14.155532554226694,2.75643083315776,0.04427831273320426,0.07763322408034723,0.017266000969437867,0.07324298220542569,0,0.030083226774594518,0.01837105972936892,11.0,0.06681095851362932,0.06967615528427874,0.8284705027863327,0.01987219307897048,False,0,,
1000039,PSKY,Paramount Skydance Corporation,Consumer Services,Studio Entertainment,screen,10460800000.0,23324800000.0,-0.4438896086144102,-0.46672029371437607,2023-10-01,0.16666666666666666,ev_ebitda,60,0,0.13232801056401924,0.008345653464433257,5.760534751492993,5.335319943641885,3.4738483900023374,0.02976139813947265,0.06585035483064172,-0.003835631660034644,0.23143362922773747,0,0.02923229277274042,0.006814215768923493,15.0,-0.059258178763621536,-0.004886459649433453,-0.15309396500439937,0.2997033705522214,True,0,,
1004489,PSMT,"PriceSmart, Inc.",Consumer Services,Hypermarkets & Supercenters,screen,5074462800.0,4935416800.0,0.4071805257495458,-0.14214548548934836,2023-10-01,,ev_ebitda,16,,0.06057243206407572,0.060572432064075726,12.412177128455468,11.629405382467379,-0.3796281250798718,0.11713600154991788,0.08072577269417436,0.02445074825004223,-0.006958952639916194,,,,1.0,0.07950550370525239,0.08626518087256536,1.0146386368974665,,False,0,44.58920187793427,313
1004525,PSN,Parsons Corp,Industrials,Construction & Engineering,screen,4416038820.0,5624042820.0,-0.5059093101784853,-0.6384255582031595,2023-10-01,0.0,ev_ebitda,60,1,0.09923093933645404,0.08116670291046546,8.425826753185214,7.865937685161941,2.2111763090241636,0.055284026603955594,0.16655426207398727,-0.08696149498905681,-0.08422689949516282,0,-0.06100712507304229,-0.056152289945357925,10.0,0.1122708475826783,0.1231262601098833,0.7427861381828048,-0.0002569849336425678,False,2,38.556338028169016,499
1004539,PSNL,Personalis Inc,Health Care,Life Sciences Tools & Services,screen,1704717528.3600001,1492506668.3600001,1.4969325153374236,-0.11425462459194768,2023-10-01,0.9333333333333333,ev_sales,60,0,-0.9371915597628432,-1.079997907197842,-15.715071857141417,-20.052600678149062,,0.32427338534473704,,-0.18131961130182428,0.3860157062887961,,,-0.08567920769257609,1.0,-0.059851927080351634,-0.04839443641983718,1.0743125665691156,0.3338481762558032,False,0,,
1000872,PSX,PHILLIPS 66,Energy,Oil & Gas Refining & Marketing,screen,106383754140.0,122849754140.0,0.932585808597262,-0.06892527624813094,2023-10-01,0.4166666666666667,ev_ebitda,60,0,0.10237556122447301,0.08865456904519148,7.220284952506223,9.449703974879982,1.0164847320993655,-0.022197696368189135,-0.16846081155642267,0.24234655343267475,0.761241985028795,0,0.36387892731565885,0.14330994070079894,13.0,0.13083481586707102,0.09270376013963824,0.8180478081966719,-0.029819300787765846,False,1,35.66901408450704,612
1000187,PTC,PTC INC.,Technology,Application Software,screen,16840827660.0,17912688660.0,-0.30893508028765637,-0.3520528333256361,2023-10-01,0.08333333333333333,ev_ebitda,60,0,0.47076681353215727,0.44364758197880577,13.132940923689599,12.138281988034388,0.8508553176136486,0.06786811452659225,0.0824547594174394,-0.04735373163312384,-0.007714625696778721,0,0.00046987507237394865,0.010865081746218586,10.0,0.07217444813416851,0.07893539329041804,0.8911444702242933,-0.019024468594321498,False,0,34.07276995305165,681
1000450,PTCT,PTC Therapeutics Inc,Health Care,Biotechnology,screen,5901243177.169999,4207680177.169999,0.05556460811471409,-0.27660524846454493,2023-10-01,,ev_ebitda,32,,0.3620033651270873,0.33829284646167146,8.470106765233739,6.352886955955819,-2.9792798970588295,0.12147948540444742,0.23868952867358062,0.2022869889996779,1.3878726410353739,0,0.08711848883025652,0.02790759910958518,10.0,0.04461319549842583,0.0729446330953514,0.529972097978844,0.08111949629310211,False,0,50.34037558685446,173
1000873,PTEN,"PATTERSON-UTI ENERGY, INC.",Energy,Oil & Gas Drilling,screen,4296169600.0,5327173600.0,1.1998296152041523,-0.1695817490494297,2023-10-01,0.7833333333333333,ev_ebitda,60,0,0.20371261802617754,0.09069581407939907,4.947181972400479,4.741619053414246,1.0910925871803665,0.04540223505582208,0.08606055226828202,0.11157065454588033,0.23824773354093787,0,0.03990322638361299,0.05422025005222064,9.0,0.09568083804326534,0.1057136790300859,0.38173978441179407,-0.022498119716993892,False,1,40.058685446009385,454
1003469,PTGX,"Protagonist Therapeutics, Inc.",Health Care,Biotechnology,screen,9883465861.09,9110105861.09,1.1208791208791204,-0.11177657294162158,2023-10-01,0.85,ev_sales,60,0,-0.59601474929149,-0.6192111079229832,-78.73961826247557,50.71285976500434,-3.748365914075868,-0.06019607788511783,-0.2587351864432854,0.2219528109908102,0.4008825967889815,,,0.24641736151666627,9.0,-0.009144748886865837,0.01612020993856415,0.7811796696972031,0.03449950064875762,False,0,32.2887323943662,760
1004597,PTON,Peloton Interactive Inc,Consumer Services,Leisure Facilities,screen,2590120092.2799997,2682620092.2799997,-0.4455555555555555,-0.5279091769157994,2023-10-01,0.044444444444444446,ev_ebitda,45,1,0.21128431625837704,0.18040125374303156,5.372964194993575,5.341652239238414,0.19427902937458044,-0.022893027240718844,0.0356811612018364,-0.0526184039721338,0.04328944709504823,0,-0.010097798477617381,-0.03067620473289845,15.0,0.13368856187293254,0.1517698934348767,0.6935358665659211,0.13526760995688414,False,2,43.955399061032864,327
1005900,PTRN,Pattern Group Inc.,Consumer Services,Broadline Retail,screen,3152775599.9999995,2858255599.9999995,0.2525547445255476,,2025-09-19,,ev_ebitda,30,,0.06323106075150632,0.043370390093061324,10.604945699250802,8.220096887463091,-1.490342656489067,0.22857737387356103,0.27930132271005914,0.13965927113413867,0.1747944444065721,,,,6.0,0.060975241702314546,0.08940769026334526,0.7132700316950581,0.41352301179247686,True,0,76.23239436619718,10
1006535,PUBM,PubMatic Inc,Consumer Services,Advertising,screen,957772480.0,860902480.0,1.2620772946859904,-0.220233139050791,2023-10-01,0.8833333333333333,ev_ebitda,60,0,0.25241350653483685,-0.036790605669826226,10.175155215739366,6.754848641394527,-1.401138378531539,0.09956062675113109,0.3339286659917713,0.11971000169137369,0.08124350873754094,1,0.24954837555791975,0.06031169971104444,10.0,-0.007830561987063452,0.1032277167756766,-0.08864257631007519,-0.053292267338588384,False,1,48.2981220657277,217
1003463,PUMP,ProPetro Holding Corp,Energy,Oil & Gas Equipment & Services,screen,1104426000.0,1117711000.0,0.6870229007633586,-0.5142857142857142,2023-10-01,0.6833333333333333,ev_ebitda,60,0,0.21472773410389068,-0.18971523640148513,3.5500807666209404,2.8118983632121686,0.06696223886064778,0.1396098690396983,0.42752131600229837,0.07489512886474325,0.28751042239711144,0,-0.11425173727480598,-0.0036304543727402327,7.0,-0.2685401038267139,-0.29816446015231235,-0.9420077659582651,0.07334440136311637,False,0,,
1001292,PVH,PVH CORP,Consumer Goods,Clothing and Accessories,screen,3527024999.9999995,4809125000.0,-0.11433190409246075,-0.47131675234227155,2023-10-01,0.13333333333333333,ev_ebitda,60,0,0.11888186500739865,0.0892131542222509,4.543848560035236,4.629707391407769,1.2096899767594944,0.006397768664959669,-0.011377504891689205,-0.021853773029315016,-0.005329897580156673,0,-0.004409237381540088,-0.0004652093723990225,10.0,0.20555558815470976,0.19092350172133835,0.6850079453534846,-0.11339885611926259,False,1,37.03051643192488,557
1003415,PVLA,"Palvella Therapeutics, Inc.",Health Care,Biotechnology,screen,1905500947.87,1655451947.87,1.2001914180890094,,2024-12-16,,ev_sales,20,,-4.219518511048387,0.0,-13.277796914930972,-23.826866702932165,,,,0.717771510921523,0.5535295198362582,,,-0.18910303522165983,4.0,0.0006889767923938991,0.0032835386133257256,-0.010529874741699412,1.5282390461814268,True,0,,
1004963,PWP,Perella Weinberg Partners LP,Financials,Investment Banking & Brokerage,screen,1602796404.025,1666228404.025,-0.2232422356265893,-0.3694593227042484,2023-10-01,,,,,,,,,,0.16952490202343462,,-0.10035706765857755,,,,-0.023990892084512327,,,,,0.014006730988620264,False,0,,
1000874,PWR,QUANTA SERVICES INC,Industrials,Construction & Engineering,screen,101006081400.0,106604534400.0,0.5517038819324986,-0.1816410641698355,2023-10-01,0.7333333333333333,ev_ebitda,60,0,0.1043074963257726,0.07964459634262361,22.449468030221492,19.84722820366344,1.4733380359082897,0.14352687630696037,0.14366317699243214,0.2998127461026614,0.3363825871845707,0,0.16051992529639603,0.1435445146472547,23.0,0.03360513686973395,0.03903542676399531,0.7147983936121787,0.007331603033237988,False,0,27.875586854460096,925
1005920,PXED,"Phoenix Education Partners, Inc.",Consumer Services,Educational and Vocational Training Services,screen,981951600.0,817581600.0,-0.3189362903067574,,2025-10-09,,ev_ebitda,17,,0.2477459384967396,0.21692427120081653,3.1159667755291824,2.986252224862132,-0.655636557678869,0.03247491421999449,0.047282282262481656,-0.017330216972567092,-0.017682170432887223,,,,7.0,0.2404253999793828,0.24974373937346211,0.8997713048499685,0.023398378389165142,False,1,51.77230046948357,154
1000415,PYPL,"PayPal Holdings, Inc.",Technology,Payment Processing,screen,46798920000.0,46437920000.0,-0.2079360337155869,-0.42288490996882777,2023-10-01,0.16666666666666666,ev_ebitda,60,0,0.20308025928854276,0.1603686013893404,6.3077903812651845,6.184413530038822,-0.04693655033829161,0.0428321275812269,0.004108742136982979,-0.0299574044083446,-0.1843263335971339,0,-0.0002026880977300527,0.014976455632501606,19.0,0.12224059715027089,0.12774724797982237,0.7770622067144032,-0.08266018227675997,False,1,42.52347417840376,362
1000875,PZZA,PAPA JOHN'S INTL INC,Consumer Services,Restaurants & Bars,screen,649328400.0,1348326400.0,-0.574932370760715,-0.7187482308707681,2023-10-01,0.0,ev_ebitda,60,1,0.09532244294412771,0.05721244936156873,7.678922660325413,6.907217438697535,3.9453333350044875,-0.004621120460787553,0.06675848121532368,-0.15658902492320237,-0.25839052761188896,0,-0.11338113618698431,-0.022351623992617142,10.0,0.10353787737587741,0.13766038452710375,0.3828854923021776,0.003088969321675128,False,2,36.32629107981221,578
1005916,Q,"Qnity Electronics, Inc.",Technology,Semiconductor & Solar Material,screen,27000189999.999996,30059189999.999996,0.32280466238992656,,2025-10-27,,ev_ebitda,20,,0.31140907909770305,0.24032377895046053,15.276478251352914,14.017127392524733,1.8772687058291866,0.09750912518846988,0.1214775287044163,0.2083455898115405,0.20726748869460554,,,,6.0,0.046880197985075076,0.05424138625844818,0.6432832303382403,0.002069096789167668,False,0,29.706572769953052,865
1005436,QBTS,D-Wave Quantum Inc,Technology,"Technology Hardware, Storage and Peripherals",screen,6141112304.4,5629929304.4,-0.32942128692836914,-0.6299687360428763,2023-10-01,,ev_sales,22,,-1.8426082233729628,-2.039638545833623,-38.844263048879206,-44.42926686794244,,0.8912804641045025,,0.19660224882192745,0.8363929184103607,,,-0.1190852716514883,9.0,-0.024156978923775038,-0.01795524323959765,1.0235607055170826,0.39354957601332297,False,0,,
1000073,QCOM,QUALCOMM Incorporated,Telecommunications,Communication Equipment,screen,194654210000.0,201620210000.0,0.12931063089939254,-0.26012029772971135,2023-10-01,0.9166666666666666,ev_ebitda,60,0,0.3170998299973702,0.24082597106897935,14.193671135003134,11.535598476056446,0.4711564963062023,0.09925885302756043,0.08721246501570223,-0.018644751288497408,-0.15690729463731867,0,-0.04037604929592531,0.028780768158765513,21.0,0.05177244800969945,0.07001351286198905,0.7094522616157586,-0.024840025215731698,False,0,35.26995305164319,634
1003404,QCRH,QCR Holdings Inc,Financials,Diversified and Regional banks,screen,1644719836.9,,0.2997773201155518,-0.08039451607933013,2023-10-01,,,,,,,,,,0.05837925438480074,,0.057598096187528425,,,,0.0032751286564223214,,,,,-0.013379224430915992,False,0,,
1006392,QDEL,QuidelOrtho Corporation,Health Care,Life Sciences Tools & Services,screen,734584615.3846154,3502284615.3846154,-0.6421052631578947,-0.8602863202545069,2023-10-01,0.18333333333333332,ev_ebitda,60,1,0.2247765691267457,0.139532100436368,5.99628915662876,5.672436547504555,4.902536411495856,0.024162491439980727,0.05591254633274745,-0.10762413946288196,-0.19029810987506324,0,-0.1217827736153646,-0.07567307172458915,1.0,0.22636708916546117,0.2738798698856629,0.2846991994635286,0.00687706204587446,False,2,42.26525821596244,373
1000291,QGEN,QIAGEN NV,Health Care,Life Sciences Tools & Services,screen,8737089120.0,9587211120.0,-0.013413289632676517,-0.20670603180116054,2023-10-01,0.21666666666666667,ev_ebitda,60,0,0.3635833822606157,0.2727566430960263,10.80443716247172,10.179168800242238,1.049627693216301,0.06783100603448777,0.06457948569992777,0.0,0.0,0,0.0,0.0,8.0,0.07644417331638714,0.08296065405355121,0.7526984315034251,-0.00022548892561424783,False,0,34.424882629107984,670
1003103,QLYS,Qualys Inc,Technology,Systems Software,screen,6565672900.0,6192777900.0,0.4146452051688958,-0.09077662829666322,2023-10-01,0.5333333333333333,ev_ebitda,60,0,0.4532126184125287,0.4663056248396212,17.169176316949397,15.890948878133187,-1.1340727880786954,0.07777329595656934,0.08029660836243901,0.06251153616548377,0.12371400144086864,0,0.04209717620863862,0.02668557858706233,14.0,0.05946788393858114,0.06332085782781817,1.0824944631393696,-0.03056096405465414,False,0,41.279342723004696,412
1006556,QNST,"QuinStreet, Inc.",Consumer Services,Advertising,screen,864300680.0,740890680.0,-0.029734970911441505,,2025-07-09,,ev_ebitda,15,,0.10255872177898528,0.09584077306006164,4.790475455376673,4.772690754011413,-1.0015274069478692,0.12564571780128575,0.17481985739754546,0.16366655858195234,0.5076514373022207,0,0.1192389530421909,0.04037821693837351,3.0,0.15981522620299238,0.16436580608341644,0.8931152318982384,0.029129428317130834,True,1,72.33568075117371,39
1000407,QRVO,Qorvo Inc.,Technology,Broadline Semiconductors,screen,10027085600.0,10247280600.0,0.2569169960474309,-0.11400046436034361,2023-10-01,0.75,ev_ebitda,60,0,0.2640757582889698,0.20924509983722123,10.966717020350027,10.057099727045069,0.23372506884561922,0.0009216989909908158,0.03565976706066887,-0.09696623613902422,-0.07381080451331856,0,-0.02640916635837831,0.020324086465142832,2.0,0.06751502595749015,0.07659076377627114,0.724507974705642,-0.02485618274353607,False,0,40.01173708920187,457
1004871,QS,QUANTUMSCAPE CORPORATION,Industrials,Electrical Components and Equipments,screen,2832383430.0,2036731430.0,-0.6229707792207793,-0.7481019522776573,2023-10-01,,ev_sales,9,,-16.045560776341404,0.0,-7.3665236782591075,-8.215448254570266,,12.65450478295828,,-0.6270849610580052,0.09894467733602341,,,-0.36587929120590623,7.0,0.0131168640989487,0.013618439962664085,-0.1343726517647351,0.1007163095884065,False,0,,
1000270,QSR,Restaurant Brands International Inc.,Consumer Services,Restaurants & Bars,screen,32089600000.000004,44314600000.0,0.14841218120126642,-0.12080371764712694,2023-10-01,0.13333333333333333,ev_ebitda,60,0,0.34118509886336407,0.2966100549190932,13.103841857307923,12.429267759672378,3.9191238280472573,0.006794718455948923,0.06070742377304472,-0.01418033366844984,0.011017129187222974,0,0.004993276730943075,-0.009281213127684484,17.0,0.07595466146839223,0.08408847699746964,0.7207265912358287,0.005300483205934237,False,0,24.77699530516432,1010
1003138,QTWO,"Q2 Holdings, Inc.",Technology,Application Software,screen,3694921600.0,3629429600.0,-0.23414836303356823,-0.4998646820027064,2023-10-01,0.13333333333333333,ev_ebitda,60,0,0.29416026202315537,0.24974179758507123,12.658662581682515,10.792913317591056,-0.28261719806457747,0.10539944187676564,0.1673988943675193,0.0077682416628643836,0.1210811078464491,0,0.020631736328071915,0.006340503007269405,11.0,0.06925222294637903,0.08550327521628452,0.8924592462165898,0.03732556470157511,False,0,,
1000876,QURE,UNIQURE NV,Health Care,Biotechnology,screen,1548119452.23,787931452.23,-0.5860887442179201,-0.6577418897860887,2023-10-01,0.5833333333333334,ev_sales,60,0,-1.124312721707619,-1.2590480685385539,-4.957528307565067,163.72408053562705,,2.9286041470110993,,-0.4883856536706883,-8.140838669322243,,,-0.056748251440510544,10.0,-0.13290239531177486,-0.032408952014943225,1.2945357305068592,0.18139083797859024,False,0,,
1005727,QXO,"QXO, Inc.",Industrials,Industrial Distribution,pipeline,10987190000.0,14253190000.0,-0.3866736621196223,-0.9503841093332202,2023-10-01,,ev_ebitda,21,,0.1166228277054818,0.08686654063181264,6.345491177094814,4.811048527925603,2.9367663981655006,0.27761082984203056,0.5254567621516526,0.21940574551984615,0.13236872919053022,0,-0.0030751284702992265,0.049595479747035265,14.0,0.1059673187993101,0.20914202515021407,0.5183364509545927,1.6470547485530407,False,1,41.514084507042256,403
1003042,R,"Ryder System, Inc.",Industrials,Trucking,screen,8982788000.0,16220788000.0,0.22938015387717137,-0.18390064960221808,2023-10-01,0.7333333333333333,ev_ebitda,60,0,0.22315068103233182,0.01290320249553639,5.192157867090129,4.816594758480706,2.5054078766951533,0.061721826465063634,0.07832226499158668,-0.046434193482996156,-0.11963598133532671,0,-0.012879770742467933,0.01049461270998786,6.0,-0.026748556757096066,-0.011479660992430873,-0.07691082055067495,-0.062420085889652976,False,0,,
1005844,RAL,Ralliant Corporation,Technology,Electronic Equipment & Instruments,screen,7972080000.0,8849680000.0,0.5876454378614118,,2025-06-25,,ev_ebitda,21,,0.2186846063085258,0.18672829378731615,16.53470125159891,14.741750259469633,1.9589145587032764,0.06245430048961964,0.1275462746019087,0.08683330656043964,0.05376531725603306,0,0.07641932161618703,0.03863266868383364,11.0,0.050432930928610946,0.056084235589963095,0.7511983782645714,-0.0022668855495039386,False,0,25.598591549295776,995
1004296,RAMP,LiveRamp Holdings Inc,Technology,Application Software,screen,2331594200.0,1960571200.0,0.382461311717023,-0.10581506196377499,2023-10-01,0.2,ev_ebitda,60,0,0.2586947459188012,0.23914011798377102,8.503631684213078,7.134001134265142,-1.7847268921507138,0.09555623604070584,0.21933549989750833,0.01625324491019664,0.03290368538471822,0,0.056421457953267584,0.00046435441191339244,1.0,0.09595161379566068,0.11859329444094216,0.970347011100531,-0.02137903662425089,False,1,,
1005704,RAPP,"Rapport Therapeutics, Inc.",Health Care,Biotechnology,screen,1558544302.4199998,1132467302.4199998,0.1313131313131315,,2024-06-07,,ev_sales,13,,,,-4.532383836570985,-4.0072970579655145,,,,,0.08115994985499952,,,,12.0,0.01109082939813374,0.013990504135718779,-0.06918057817604956,0.5317329500157935,False,0,,
1000878,RARE,ULTRAGENYX PHARMACEUTICAL INC,Health Care,Biotechnology,screen,1503025000.0,1226025000.0,-0.5003324468085106,-0.7467991913746631,2023-10-01,0.0,ev_sales,60,1,-0.018593376723727566,-0.0980677214341046,-68.46765783304443,9.119091519109908,,0.20842996404372238,,-0.19427166662583328,-0.8233279002063525,,,0.026069288625980347,12.0,-0.10237050443267832,-0.029532270936537867,8.592651403735639,0.0725984084539324,True,1,,
1000879,RBA,RB Global,Industrials,Diversified Support Services,screen,15249171000.0,17497571000.0,-0.23928809005067353,-0.3121348292518492,2023-10-01,0.0,ev_ebitda,60,0,0.3064943548275997,0.23916773563400984,10.727905851756496,9.60309949759695,1.5144820620392399,0.0786413784917479,0.09747058841066902,-0.01824135528136761,-0.012593680467846924,0,0.004415594414219459,0.030528184334339237,9.0,0.07371563630112664,0.0536369701131023,0.68919646658269,0.004301964964861682,False,0,,
1000894,RBC,"RBC Bearings, Inc.",Industrials,Machinery Tools and Components,screen,16126600684.14,16808300684.14,0.2791257782674421,-0.23064001602736972,2023-10-01,0.65,ev_ebitda,60,0,0.31750152380603713,0.24611134650224264,24.875819339185803,22.318179098822373,1.093036870830562,0.11657271908988953,0.14865747429309817,0.04248128060454204,0.07531610133264155,0,0.03651533701647813,0.009555727890748988,8.0,0.030075978211730667,0.03477577348332178,0.7178210328399841,0.041053684944211355,True,0,55.152582159624416,127
1005005,RBLX,Roblox Corporation,Technology,Online Gaming,screen,32004833588.88889,29999833588.88889,-0.6941235922610454,-0.7006922859564849,2023-10-01,0.48333333333333334,ev_ebitda,60,0,0.06903916419236407,0.12913276358678455,55.594063407427114,40.11631503484958,-8.855509628856876,0.14922994478445717,0.6953776037396722,-0.14149403936042904,-0.5197543019994613,0,-0.22407679205258835,-0.1128243965595428,25.0,0.03735841796940417,0.04897898958510083,2.215713595564046,0.01874238766742864,True,0,73.62676056338029,30
1005656,RBRK,"Rubrik, Inc.",Technology,Systems Software,screen,26178143800.0,25563389800.0,0.3917325227963526,-0.009518041014103917,2024-04-25,,ev_ebitda,25,,0.0644420635884908,0.052826338866497694,234.64949048293494,137.3474760697041,-7.424911058885914,0.25038024326952724,1.4615546419914263,0.09611983775226074,-7.528606501998245,0,0.4695385061872075,0.028214793116952297,19.0,0.0058770792291940105,0.013052526580912478,1.412217430965792,0.8536820239612062,True,0,,
1006489,RCAT,"Red Cat Holdings, Inc.",Industrials,Aerospace & Defense,screen,866501040.0,541840040.0,-0.37584541062801935,-0.6278801843317972,2023-10-01,,ev_sales,14,,-0.4508665052405391,-0.6232158668682356,-5.837508719983706,-4.813620704827499,,0.3429792565667156,,0.003319811736131051,2.1750882854046716,,,,4.0,-0.14194403380187548,-0.1529671666675948,1.3250817692986179,0.341492665202912,True,0,,
1000100,RCL,ROYAL CARIBBEAN CRUISES LTD.,Consumer Services,"Hotels, Resorts & Cruise Lines",screen,72357320000.0,94318320000.0,-0.1619361717975213,-0.2564715186816534,2023-10-01,0.43333333333333335,ev_ebitda,60,0,0.4055367870089616,0.2059616050573132,11.088299730022538,10.17689524676401,2.918901468799679,0.07986684707399094,0.09785613884368738,-0.01492635669074116,-0.005854718574369144,0,0.002783011423127091,-0.0022898925779812895,19.0,0.04611090451570559,0.04257394139136107,0.39224283104490626,-0.019274435055991024,False,0,29.096244131455396,879
1003959,RCUS,Arcus Biosciences Inc,Health Care,Biotechnology,screen,3181503000.0,2580503000.0,0.8992647058823529,-0.18181818181818188,2023-10-01,0.95,ev_sales,60,0,-9.515250124498388,-9.699492538138683,-5.366409947834363,-6.973232016725983,,0.5934838119091106,,-0.7301619183738395,0.12870724980109127,,,-0.4901383521582271,9.0,-0.1459938272573717,-0.11130076361894739,0.9659314544771369,0.20001824634106957,True,0,,
1005671,RDDT,"Reddit, Inc.",Technology,Interactive Media & Services,screen,30662273395.1,27896783395.1,-0.38066872472716207,-0.47382808171105606,2024-03-21,0.0,ev_ebitda,49,0,0.4703824151328089,0.4191917040099775,13.271525399841366,10.199326465300187,-2.051481324475822,0.28918574885425685,0.34360607587636616,0.24908517386335438,0.3569596585479695,0,0.06904060252244015,0.05300801311475123,24.0,0.06481212474810151,0.08693412865511507,0.9454255243764651,0.10285860093777477,True,0,77.45305164319248,7
1002949,RDN,Radian Group Inc,Financials,Mortgage Insurance,screen,4254755260.0,4796603260.0,-0.12959245550800846,-0.22375165460176805,2023-10-01,,,,,,,,,,-0.012981787637466824,,0.8520238592085285,,,,0.02458366773123677,,,,,-0.06278927235452858,False,0,,
1000916,RDNT,RADNET INC,Health Care,Health Care Facilities,screen,5330090121.7,5936349121.7,-0.09539430520929004,-0.20189858763602686,2023-10-01,0.65,ev_ebitda,60,0,0.15073174796551048,0.07663004317039936,14.137797771376661,12.46769850985891,1.735569534285276,0.11313959877669988,0.14117514671022313,0.21015504002188146,0.15664767188173045,0,0.012479124287616772,0.003985690599278557,4.0,0.025576451705972232,0.03837708148680363,0.3246662737139993,0.02542051394015088,True,0,,
1005211,RDW,Redwire Corporation,Industrials,Aerospace & Defense,screen,2330332691.33,1820675691.33,0.16129032258064502,-0.5969111969111969,2023-10-01,,ev_sales,33,,0.007712434916324328,-0.03917757248167835,422.61466802724595,57.77974172597032,,0.12648921472165453,,-0.2736632641328106,-0.9637077210240804,0,-0.24733874204596884,-0.035511068925614175,4.0,-0.01307314001131654,-0.012419297813421864,-7.071471783447404,0.8869388856655676,False,0,,
1004571,REAL,The Realreal Inc,Consumer Services,Apparel Retailers,screen,1083164182.4499998,1339841182.4499998,-0.16839134524929456,-0.4769230769230769,2023-10-01,0.0,ev_ebitda,40,0,0.11027643587963885,0.08048063642987967,13.755450518491633,9.576773523429432,4.163855274334904,0.11872102255969263,0.4329670159952437,0.10068998778395089,0.36898746524794945,0,0.06884511526055626,0.02752703688687741,6.0,0.044277394420365046,0.07751460371656294,0.49237709668194946,0.07054707443618069,False,0,26.795774647887324,962
1000919,REG,REGENCY CENTERS CORP,Financials,Retail REITs,screen,13164601800.0,17876169800.0,0.026646358029616124,-0.12182013858656804,2023-10-01,0.03333333333333333,ev_ebitda,60,0,0.6882792995924935,0.5751504356534636,15.373864838052475,14.7905459419028,4.383989023452961,0.030120533926719872,0.046553622223877156,0.04463561178968578,0.03534980867156978,0,0.0015861457780412813,0.00014136182730473124,8.0,0.05641151340529598,0.062358975996005594,0.638681101542008,0.003121181697419706,False,0,,
1000401,REGN,REGENERON PHARMACEUTICALS INC,Health Care,Biotechnology,screen,79359480000.0,73351480000.0,0.355502257579573,-0.3638223329982656,2023-10-01,0.08333333333333333,ev_ebitda,60,0,0.4061879797391436,0.32662823100924754,9.69995447430785,8.786321904129057,-0.9403823783156375,0.08065849098504341,0.11558230113321111,0.16477346538346205,0.24794677703052082,0,0.15792597506581796,0.06126862168474845,18.0,0.08566569551962336,0.09450457093242133,0.899014246017787,-0.03514339391695964,True,1,73.69718309859155,29
1005227,RELY,Remitly Global Inc,Technology,Payment Processing,screen,4748132520.0,4074760520.0,0.30920245398773005,-0.22653135193910834,2023-10-01,0.037037037037037035,ev_ebitda,54,0,0.22070260290008287,0.20790961348030465,7.769670704466245,6.175715482726347,-1.7755984689223625,0.19221383403704362,0.26122910505618835,0.015487999500138683,0.24211842223607993,0,0.06926920717553098,0.009563329871931314,9.0,0.10441008235330007,0.1307836373798305,0.9452915877303504,0.06161982285046075,False,1,56.936619718309856,117
1006563,REPL,Replimune Group Inc,Health Care,Biotechnology,screen,1302826879.3999999,1191612879.3999999,2.159904534606205,,2025-07-09,,ev_sales,15,,-8.19165893541928,0.0,-3.88138997477033,-4.815247197390673,,,,-0.1949690068254729,0.3571004112660294,,,-0.22295432672136362,3.0,0.0025765510775659847,0.0077040271395211884,-0.010933961937260548,0.18071135192565269,False,0,,
1000880,RES,RPC INC,Energy,Oil & Gas Equipment & Services,screen,1229782840.0,1060314840.0,0.2152251265506946,-0.33659257768852113,2023-10-01,0.5333333333333333,ev_ebitda,60,0,0.13498089492853677,0.04963528443400353,4.25401410421676,3.9687080497593517,-0.7092525964156812,0.024031260505224417,0.052846231148841794,0.14660496695735947,-0.014123446408373486,0,0.03368650702107412,-0.02229960323190705,3.0,0.07733562229532909,0.08659389259209783,0.3815681346719285,0.024178041125162197,False,0,27.312206572769952,947
1000881,REXR,"REXFORD INDUSTRIAL REALTY, INC.",Financials,Industrial REITs,screen,8061722035.660001,11293220035.66,-0.07360376710703731,-0.29151199438440056,2023-10-01,0.5666666666666667,ev_ebitda,60,0,0.6619450178773141,0.34844548616855114,18.733247388568465,18.459743683554688,4.8904086554234905,-0.017668596338446307,-0.046652245961533834,-0.12853631564480006,-0.21137404768496504,0,-0.12405330450297969,-0.05958191989047845,11.0,0.03156611277776359,0.03178639154583297,0.42212804074986543,0.00891482640402308,False,0,,
1004687,REYN,Reynolds Consumer Products Inc,Consumer Goods,Household Products,screen,4649086000.0,6113086000.0,-0.08156705943257703,-0.2882505804622659,2023-10-01,0.016666666666666666,ev_ebitda,60,0,0.17967004681468382,0.13225113034260091,8.802119000957529,8.523247419524882,2.19319312113503,0.017178575580019118,0.03642873300223637,0.023261206055499972,-0.0062511150479585,0,0.011272576916940391,0.014712238707325964,5.0,0.09203004395268544,0.10039195094415121,0.6160613164769763,0.0031082871462306816,False,1,35.45774647887324,622
1004359,REZI,Resideo Technologies Inc,Industrials,Industrial Machinery and Equipment,screen,2798180000.0000005,5409180000.0,-0.3956872118745737,-0.4136128945785189,2023-10-01,0.65,ev_ebitda,60,0,0.2183994535829805,0.19063807078200393,8.213065413445566,8.59725933402919,3.8703839335209063,0.03662140928579327,-0.0024756325632980802,-0.6204254276841412,-0.2717427522209923,0,-0.26934288902124726,-0.6296534022437947,2.0,0.1595784822561499,0.14094218593593652,0.6779908402901083,0.016640077401961273,False,1,,
1000882,RF,REGIONS FINANCIAL CORP,Financials,Diversified and Regional banks,screen,23104720000.0,20806720000.0,0.06055320363129635,-0.16195627679961655,2023-10-01,,,,,,,,,,0.04128676850702018,,-0.0025657499650357796,,,,0.0013859471676227475,,,,,-0.03475635609971628,False,0,,
1000883,RGA,REINSURANCE GROUP OF AMERICA INC.,Financials,Reinsurance,screen,16124371920.0,16545371920.0,0.3041891100277925,-0.03778672189441601,2023-10-01,,,,,,,,,,0.05182665341277537,,0.025253520571193455,,,,-0.014808527959347062,,,,,-0.007160629168432742,False,0,,
1000884,RGEN,REPLIGEN CORP,Health Care,Life Sciences Tools & Services,screen,10037952740.0,9778549740.0,0.43809381312186724,-0.0776796852509356,2023-10-01,0.6666666666666666,ev_ebitda,60,0,0.23045699782703286,0.15443221758512476,43.66550880952747,33.71873214021564,-1.5805809089880531,0.1678664234084961,0.29843432748242793,0.024137501057726274,-0.020057278290215308,0,0.08166814671834821,0.031981588783159376,17.0,0.013241602731334904,0.019576462042636432,0.593539705363969,0.004760366783719494,False,0,44.35446009389671,320
1005342,RGLD,"Royal Gold, Inc.",Materials,Gold and Silver,screen,19760152999.02,19973576999.02,0.18674241560682114,-0.22116697158445597,2023-10-01,0.3,ev_ebitda,60,0,0.8243134193399905,0.8243134193399904,11.698830163379558,11.664161305176428,0.1586062703257165,0.06996628071909705,0.06078428572318795,0.8344568042120273,0.8583505142917225,0,-0.03195465476799153,-0.03350065838790639,7.0,0.08710130264193588,0.08866641953291435,1.0080951866356171,0.13653695571983704,False,1,35.85680751173709,605
1005388,RGTI,Rigetti Computing Inc,Technology,"Technology Hardware, Storage and Peripherals",screen,5204818300.0,4889516300.0,-0.4716347767707284,-0.7206247781327654,2023-10-01,,ev_sales,21,,-1.5432270726761237,-3.103990763911551,-58.97683659962929,-64.15302241119717,,0.7766754148652357,,0.6533643192175156,0.6462407900302414,,,-0.023903135969899125,6.0,-0.028046599535628262,-0.0235547910693206,1.7607648597487469,0.349059157054451,False,0,,
1000885,RH,RH,Consumer Services,Home Furnishings Retailers,screen,2370348186.57,5441968186.57,-0.40071864540263835,-0.7321349995599753,2023-10-01,0.1,ev_ebitda,60,1,0.15151724455735155,0.07786926413593828,9.868546003030751,8.467552585182482,5.422023893080987,0.07573993542066004,0.037983733923105945,-0.0543577637227165,-0.25406343325901626,0,0.027817407133631455,0.0034364929102328468,15.0,0.03393186548643774,0.11424280348113297,0.1458535665578655,-0.04279503538230123,False,1,32.26525821596244,762
1000886,RHI,Robert Half Inc.,Industrials,Human resource training and employment services,screen,3790601530.0,3706696530.0,0.17423519399950482,-0.5216141335851482,2023-10-01,0.5166666666666667,ev_ebitda,60,0,0.060877218661308484,0.05361934718137518,11.041720883512092,8.61369588218762,-0.3389751832864761,0.044533733497736705,0.3145738254575243,-0.06616899973826662,-0.3296633487550966,0,-0.07758438079178209,-0.0070615861590400675,5.0,0.08044342493977397,0.09825099345580603,0.9083399584991291,-0.014247267520120954,False,1,51.09154929577465,162
1000887,RHP,"RYMAN HOSPITALITY PROPERTIES, INC.",Financials,Hotel & Resort REITs,screen,8288985720.0,11892313720.0,0.3952274914335894,-0.11231268272166517,2023-10-01,0.4166666666666667,ev_ebitda,60,0,0.32380704240907787,0.2175332522961085,11.305230520118329,10.670246464616916,4.020386296263603,0.08391409851614329,0.09472500878206258,0.11873217532313807,0.12994992182478637,0,0.12988931166445528,0.11449077345488745,13.0,0.05003060138146101,0.05422430846633318,0.39423046256052824,0.050643830168484616,False,0,,
1001024,RIG,TRANSOCEAN LTD.,Energy,Oil & Gas Drilling,screen,6298480000.0,10908480000.0,0.6794871794871795,-0.3617539585870889,2023-10-01,0.2833333333333333,ev_ebitda,60,0,0.3567262077328106,0.3161722254731837,7.829323216605394,8.12343766129489,3.3485108976711144,-0.014231039866297812,-0.013898327185318471,0.08840858136160334,0.2522537300950618,0,0.010620017966211481,0.005231184659465482,8.0,0.13705099433629392,0.1375230273087319,0.6195522350788049,0.1254228435846616,False,1,25.269953051643192,999
1005092,RIOT,Riot Blockchain Inc,Technology,Application Software,screen,6818318265.849999,7112477265.849999,0.05885444035733034,-0.29766469153014996,2023-10-01,0.8135593220338984,ev_ebitda,59,0,0.22091464372291908,-2.018460089084315,40.999354377541486,16.7646184571605,,0.36806416917156093,,-0.21846885040883823,-0.6775965207369268,0,-0.32548414598323105,0.01006848052052689,12.0,-0.24144200528165377,-0.29780399164274085,-9.489563264685387,0.05936374010979484,False,0,,
1000812,RITM,Rithm Capital Corp.,Financials,Mortgage REITs,screen,4972295387.5,32461172387.5,-0.13489753659330161,-0.23744723587444772,2023-10-01,,,,,,,,,,,,0.10768065730105025,,,,-0.03511794617573094,,,,,0.06449380517409198,False,0,,
1005269,RIVN,Rivian Automotive Inc,Consumer Goods,Auto Manufacturers,screen,19557000000.0,18691000000.0,0.017711171662125436,-0.38644763860369613,2023-10-01,0.31666666666666665,ev_sales,60,0,-0.07706515855570051,-0.27498352669469006,-20.25169170866357,50.83977713108034,,0.4783001051356359,,0.04088234663563717,0.9953453474274678,,,0.03283871943673766,16.0,-0.17890686519994853,-0.12575981928088256,3.7910369018907053,0.15076160466716826,True,0,,
1000888,RJF,RAYMOND JAMES FINANCIAL INC,Financials,Investment Banking & Brokerage,screen,31504672000.0,26828672000.0,-0.07196985626819241,-0.127828678662104,2023-10-01,0.8,ev_ebitda,60,0,0.18913053937792382,0.18913053937792382,8.055233460189603,,-1.5218258223667287,0.10382206247075465,,0.07118382524025635,-0.3510207367546633,0,0.009297831849196081,0.033207131515705646,1.0,0.10799473606099005,0.004799828795756828,1.0215426555523979,-0.03409509271231681,False,1,,
1005216,RKLB,Rocket Lab USA Inc,Industrials,Aerospace & Defense,screen,44367379839.38,42252739839.38,0.45439365476935945,-0.5361778606137255,2023-10-01,,ev_ebitda,20,,0.07581698568465131,-0.0773646261274783,405.85185769087377,158.29860755834056,,0.3649565857787933,,0.08039318973671805,-0.4096511770889726,0,-0.055516868216840876,0.078474156247891,10.0,-0.0012273665607102024,0.00235770751025409,-0.5230590626728997,0.12604312979212962,True,0,,
1004795,RKT,Rocket Companies Inc,Financials,Specialized Finance,pipeline,34037151272.460003,41706151272.46001,-0.40608875128998967,-0.5089590443686007,2023-10-01,0.65,ev_ebitda,60,0,0.3398231990720093,0.3398231990720093,10.343372982997794,8.559222574661137,2.9610224422152926,0.08202137196730686,0.26519939576394935,0.21457815350752196,0.19948847375738432,0,-0.1578866044428494,-0.076983673056788,9.0,0.12110426206796676,0.14937362862029066,1.0222913923031365,0.19575295158337425,False,1,,
1000203,RL,RALPH LAUREN CORP,Consumer Goods,Clothing and Accessories,screen,22249448000.0,21547248000.0,0.14439675194404433,-0.13831652109647252,2023-10-01,0.6,ev_ebitda,60,0,0.19803793138108372,0.1510333802380328,12.519300687030288,11.553852104557526,-0.431725791524607,0.061250542665772345,0.1039368078241878,0.09277969021442756,0.15387859748167165,0,0.014880647705722838,0.008348336927284095,13.0,0.058864600609455434,0.06473724421065193,0.7609597792982338,-0.03247003004254312,False,0,43.20422535211267,345
1004786,RLAY,Relay Therapeutics Inc,Health Care,Biotechnology,screen,3750686626.3399997,2870410626.3399997,2.4578544061302683,-0.13012048192771086,2023-10-01,0.75,ev_sales,60,0,-16.758187738157055,-16.567228506070727,-8.446708050434511,-8.789784445534025,,0.9458191602485797,,-0.6752046089724502,0.16719332762443195,,,0.3802579954812606,9.0,-0.0837094523649686,-0.08099164759473744,0.9239080159928434,0.1839702067927782,False,0,,
1003238,RLI,RLI Corp,Financials,Specialty Insurance,screen,5177548800.0,5177635800.0,-0.07855331357769935,-0.31685556528605163,2023-10-01,,,,,,,,,,0.03965230798750863,,0.01698375689493048,,,,0.029555742716263156,,,,,-0.002189141867906752,False,0,,
1000889,RLJ,RLJ LODGING TRUST,Financials,Hotel & Resort REITs,screen,1666252660.32,3401285660.3199997,0.639802240540259,-0.1024098686039594,2023-10-01,0.8333333333333334,ev_ebitda,60,0,0.24556752402657028,0.17316706592732362,9.73291000621106,,5.029594476077813,,,0.0008533898956577524,-0.002301234081984904,0,0.01668176519742226,0.009779169373502539,6.0,0.08416917306869143,0.0010031824173706077,0.4013225063690834,-0.007071853498938796,False,1,,
1005075,RMBS,Rambus Inc.,Technology,ICs Semiconductors,screen,11799432330.0,10996287330.0,0.02456813819577741,-0.37442868862064915,2023-10-01,0.7666666666666667,ev_ebitda,60,0,0.49693761111765045,0.41127089103612474,21.98142174307291,16.541540671705896,-2.0429771231433898,0.23719223140205958,0.2796418302830117,0.13042124844997205,0.11694608274272644,0,0.055333134376094106,0.06894793495095142,5.0,0.03768839895791022,0.044231091895330345,0.8889523902769325,0.004747014958693452,False,0,45.88028169014085,273
1000312,RMD,RESMED INC,Health Care,Health Care Equipment,screen,32061442400.0,31251573400.0,-0.18372409458158245,-0.23930411061116186,2023-10-01,0.15,ev_ebitda,60,0,0.3919858806941482,0.35341081699631777,13.702061221284879,12.680343848106068,-0.3598289547628267,0.04715080214196976,0.048831933918258574,-0.035451676524068776,-0.05892889732020157,0,-0.060940091528717266,-0.04278305897207901,21.0,0.06588413232371869,0.07078408763127055,0.9261426913224268,-0.005135096971856767,False,0,37.38262910798122,546
1005971,RMIX,"Suncrete, Inc.",Materials,Building and Construction Materials,screen,858843422.64,1048684422.64,0.13492063492063489,-0.4818840579710145,2023-10-01,,ev_ebitda,11,,0.17711404035838055,0.10808289246094414,8.853040141904502,5.768007633667623,2.8108039680227423,0.3714871330122522,0.5442199643703691,-0.007149309181324948,-0.07319697977414608,,,,5.0,0.056105118497470366,0.09974955272587475,0.40678421722191516,-0.013249444879777528,False,0,33.086854460093896,719
1000890,RNG,RINGCENTRAL INC,Technology,Application Software,screen,6783133890.0,7746009890.0,1.6499909659826795,-0.0641443247306438,2023-10-01,0.8166666666666667,ev_ebitda,60,0,0.2726619455686268,0.24255133486371758,10.280567768967767,9.426272196130816,1.3324372207174615,0.04598327333654284,0.04972892478368007,-0.003914930617663459,-0.032152918160688326,0,-0.005831076430124149,0.00416862398674156,11.0,0.09058862674296435,0.10032772002813654,0.8155359662666224,-0.04236206810567189,True,1,65.90375586854461,79
1000891,RNR,RENAISSANCERE HOLDINGS LTD,Financials,Reinsurance,screen,13418619550.0,14447366550.0,0.2601085334321718,-0.0572384376320344,2023-10-01,,,,,,,,,,-0.006234229323192397,,-0.18732249161139558,,,,-0.05141621389195694,,,,,-0.10177219665681769,False,0,,
1000892,RNST,RENASANT CORP,Financials,Diversified and Regional banks,screen,3622412676.96,3852903676.96,0.07980239487641283,-0.11717482604318641,2023-10-01,,,,,,,,,,0.03500454866967595,,-0.016595907407960575,,,,-0.017195913022021725,,,,,0.24077611203878413,False,0,,
1004091,ROAD,Construction Partners Inc,Industrials,Construction & Engineering,screen,5072735902.35,6764242902.35,-0.2911023622047244,-0.3591258542141229,2023-10-01,0.06666666666666667,ev_ebitda,60,0,0.15363342331382385,0.11144072852919984,10.786409029575163,9.45457344073906,3.0575907072332384,0.10953446512991838,0.13742062429800495,0.1613489471643652,0.15062889201414764,0,0.012853560076994786,0.010856442686108858,5.0,0.06757954365269107,0.09974078025046917,0.5466573576706162,0.030819395382738257,False,0,,
1000205,ROK,ROCKWELL AUTOMATION INC,Industrials,Electrical Components and Equipments,screen,49377420000.0,52156420000.0,0.2621329059900672,-0.11797890886379403,2023-10-01,0.65,ev_ebitda,60,0,0.25737113624804014,0.21948491902961806,21.11503912834255,19.52196480376387,1.235506141768081,0.060993210332642045,0.09000598163295725,0.03200568274699056,0.11510692742558204,0,0.008258680714513744,0.01112281535158699,20.0,0.04029101458018758,0.04494479903029327,0.8054168558130762,-0.010277590536018621,False,0,26.279342723004696,976
1003618,ROKU,Roku Inc,Consumer Services,Digital Entertainment Distribution,screen,22975637700.0,20804845700.0,0.5208229301907521,-0.04682023034551819,2023-10-01,0.32608695652173914,ev_ebitda,46,0,0.14803413360348464,0.11945445062141671,22.14723028399295,16.639653333169274,-3.16253762762713,0.13067444725480226,0.2703947568320464,0.0971343457980769,0.28092189992628214,0,0.017600048011034986,0.012499597750309066,14.0,0.03290335169633349,0.045955523176876185,0.8047530588000685,0.02398459158736599,True,0,72.31220657276995,40
1000893,ROL,ROLLINS INC,Industrials,Diversified Support Services,screen,14716061730.0,15310001730.0,-0.47980355663810015,-0.5356525509121832,2023-10-01,0.0,ev_ebitda,60,1,0.2213628470407546,0.2113852583468578,15.577415431413046,14.262092660546967,0.6710821553274438,0.0846191182842515,0.09518977676795415,-0.0005907526868033086,-0.07359702336146667,0,-0.05891674947122061,-0.011352076120297538,12.0,0.06167105461444639,0.0677037189010094,0.9234069491319656,-0.0029060350179096472,False,1,35.129107981220656,641
1006713,ROOT,Root Inc,Financials,Property & Casualty Insurance,screen,785570000.0,408570000.0,-0.48486202658920796,,2025-07-27,,,,,,,,,,0.035718336996953814,,-0.14974575852278849,,,,-0.08965451496825161,,,,,0.028793910692527902,False,0,,
1000895,ROP,ROPER TECHNOLOGIES INC,Technology,Application Software,screen,36476554000.0,47431054000.0,-0.29318199291431446,-0.40469058331963237,2023-10-01,0.05,ev_ebitda,60,0,0.39595287198456514,0.38633272519763867,13.177508903253253,12.380526756097392,3.2413906072044907,0.05982841442885145,0.05254525602700455,-0.0018232623828998706,-0.02519065843195578,0,-0.011425906483555126,-0.0018402862471569303,12.0,0.08727741628946456,0.0927848936797927,0.8844763545218917,-0.03186675663143135,False,1,23.767605633802816,1028
1003227,ROST,Ross Stores Inc,Consumer Services,Apparel Retailers,screen,74783245000.0,71513633000.0,0.544342973164885,-0.08376328120286436,2023-10-01,0.8333333333333334,ev_ebitda,60,0,0.15682684967275481,0.11582051261654809,17.76989058534868,16.896814093341593,-0.8708600315716565,0.09677027397168114,0.1470530076795129,0.10149039465297749,0.21679713668298306,0,0.06779140595023936,0.0196609175039002,13.0,0.04137135196693837,0.04422051775266949,0.7687762035174996,-0.019433336286433067,False,0,37.2887323943662,548
1000349,RPM,RPM INTERNATIONAL INC,Materials,Paint & Coating,screen,12610762780.0,14829098780.0,-0.14601368213952648,-0.272498544734475,2023-10-01,0.0,ev_ebitda,60,0,0.15853499009776006,0.12805725122116174,11.27588609383004,10.245710031701194,1.7828303917985338,0.04701322918232487,0.09446987782701344,0.041075353622035404,-0.05271663509791502,0,0.0013384658239750102,0.007948203928272779,10.0,0.07558886801361744,0.0860214077775503,0.7248282638831627,-0.003382302911827284,False,0,32.00704225352113,771
1004753,RPRX,Royalty Pharma plc,Health Care,Pharmaceuticals,screen,32093916480.0,40243822480.0,0.6862748666200913,-0.08755472170106315,2023-10-01,,,,,,,,,,0.10295207734167833,,0.06661961059424337,,,,0.02992626074405047,,,,,-0.03160449979775959,True,0,,
1001025,RRC,RANGE RESOURCES CORPORATION,Energy,Oil & Gas Exploration & Production,screen,8881496000.0,8886410000.0,-0.0062073357616012625,-0.2187488007045486,2023-10-01,0.23333333333333334,ev_ebitda,60,0,0.4652229093038718,0.2512219606900489,5.4643115092910515,4.918480695760873,0.003110538785779711,0.05560336645593811,0.05083885570517621,-0.012708237762648733,-0.08171518574579018,0,-0.10170191505624715,-0.039621785459742154,13.0,0.09275104367649656,0.11559020556880772,0.5065403342066948,-0.015710308354511815,False,1,41.983568075117375,382
1003612,RRR,Red Rock Resorts Inc,Consumer Services,Casinos and Gaming,screen,2877328650.0,6320733650.0,-0.16151655565714418,-0.2599408119987804,2023-10-01,0.03333333333333333,ev_ebitda,60,0,0.4190795879407151,0.22657147586311793,7.041816811433478,6.609816268150902,4.1709414183451505,0.05712799568817384,0.08126565757766802,0.007925120743148328,-0.006742922403075724,0,0.013497897992348351,0.00562371100907999,13.0,0.09747690429589564,0.1835071915872644,0.31247007479909555,-0.010012033091269301,False,1,37.21830985915493,549
1000265,RRX,Regal Rexnord Cord,Industrials,Machinery Tools and Components,screen,10474533000.0,14644733000.0,0.09033571779714178,-0.34733182582551914,2023-10-01,0.26666666666666666,ev_ebitda,60,0,0.21696818902252737,0.17675039455281646,9.54371210208698,8.987462853323397,3.0843331054555616,0.09767676636154055,0.09179079287126912,0.10481229754797283,0.001871335159309595,0,-0.032958819144743634,-0.001423289078293699,8.0,0.09350664280747628,0.10993617527350041,0.6382826004528588,0.0012456045593498555,False,1,32.171361502347416,766
1000342,RS,RELIANCE STEEL & ALUMINIUM CO,Materials,Iron & Steel,screen,20192430000.0,21620930000.0,0.39062759030838645,-0.10109340685014712,2023-10-01,0.7166666666666667,ev_ebitda,60,0,0.10938382733168706,0.09937134161873161,11.180226771838814,11.805508582205718,0.8027054109823912,-0.014886848123106589,-0.028864611574895394,0.19003766092825858,0.1977660325998789,0,0.10225226505554708,0.09075318817575595,6.0,0.08398333048750951,0.0748376621236151,0.8769158524765986,-0.04376951472202495,False,1,35.88028169014085,603
1003411,RSG,"Republic Services, Inc.",Industrials,"Waste, Disposal & Environmental Services",screen,63667048000.0,77629048000.0,-0.07491426392718104,-0.1754442234384942,2023-10-01,0.18333333333333332,ev_ebitda,60,0,0.32616032575796894,0.21380544557797512,13.152313012013723,12.392181499640511,2.5434857763680627,0.04761736783065551,0.06242170007850212,-0.02770913739447156,-0.027977969291021254,0,0.004056970972661222,0.003089171786496925,19.0,0.05143390437317018,0.05505042990378961,0.5548071925715755,-0.011396616074217825,False,0,21.37323943661972,1051
1004822,RSI,Rush Street Interactive Inc,Consumer Services,Casinos and Gaming,screen,4728326377.95,4527724704.616667,-0.007324218750000111,-0.41106604866743923,2023-10-01,0.2,ev_ebitda,50,0,0.18169989909187442,0.1903928717242182,13.45701739973719,11.113228330933943,-0.8680915992850218,0.14514302615693375,0.25957302760274525,0.3077717255019117,0.33631133551643777,0,0.04384168667208832,0.03979660409021091,7.0,0.07771612922995583,0.08964360964963827,1.092162873743976,0.012647715273472082,True,0,75.08215962441315,16
1000219,RTX,RAYTHEON TECHNOLOGIES CORP,Industrials,Aerospace & Defense,screen,252538650000.0,281616650000.0,0.1259521588335324,-0.1766818927668633,2023-10-01,0.6333333333333333,ev_ebitda,60,0,0.17969762389326155,0.14228373089281357,15.07797864207834,13.929278278268965,1.7205593510638073,0.07555619992821971,0.08176845309911673,0.081269692413525,0.05968023429820568,0,0.0254621518618261,0.02750476529328405,15.0,0.05247436367063882,0.06019599153811292,0.7095121406025807,0.00838066064389098,False,0,30.316901408450704,842
1005431,RUM,RUM Group Inc.,Technology,Interactive Media & Services,screen,3318995739.0,3474537863.0,0.044198895027624197,-0.535341118623233,2023-10-01,,ev_sales,26,,0.06604093329784502,-0.4528747653660847,138.9791804986328,49.32146532833529,,0.3842987426408895,,1.1607189707371068,-4.20810348992576,,,0.9586106302749606,1.0,-0.04893173374369699,-0.10326789251320892,-6.496059536830482,0.307497470640818,True,0,,
1000896,RUN,SUNRUN INC,Technology,Solar Energy Solutions,screen,2093352360.0,16115013360.0,-0.5506072874493927,-0.6386046511627907,2023-10-01,,ev_ebitda,33,,0.2694552397945609,0.25615472302805004,18.66549123553485,17.29790198246281,20.13321308130054,0.037854225589348145,0.13072433729221333,0.16071075107214816,0.47019491563831295,0,-0.019685211769278732,-0.04374873509247024,13.0,-0.10929847410254945,-0.12847724344380337,-0.26501178631126004,0.08800499707617271,False,0,,
1000897,RUSHA,RUSH ENTERPRISES INC,Consumer Services,Automotive Retailers,screen,5557668486.657566,6536503486.657566,0.300474303318661,-0.27472978869892417,2023-10-01,0.75,ev_ebitda,60,0,0.08345072314764324,0.015646370690590973,9.150943960013139,8.379132861959791,1.6309364565786244,0.09161158030992222,0.12559261127482335,0.024152076299042813,-0.12472493800632456,0,0.022908480120402253,0.011541477695078406,4.0,0.019179639282377196,0.038337392830084006,0.1492290833298191,-0.01188138946535211,False,0,34.82394366197183,651
1004559,RVLV,Revolve Group Inc,Consumer Services,Apparel Retailers,screen,1528517540.0,1217629540.0,0.0014084507042251282,-0.45025773195876284,2023-10-01,0.03333333333333333,ev_ebitda,60,0,0.07693422573761018,0.059350960956286315,10.435867461273617,8.985884152169508,-3.364435485967556,0.08013242867527581,0.21400443464687124,0.09493724364025624,0.32203502886203483,0,0.033950326041481294,0.03601535450119786,14.0,0.06529891743108278,0.07518398413303519,0.8554404595996923,0.0008919215422897864,True,0,75.64553990610328,12
1004695,RVMD,Revolution Medicines Inc,Health Care,Biotechnology,screen,43420884127.56,39637409127.56,3.395289079229122,-0.07185168437711964,2023-10-01,0.016666666666666666,ev_sales,60,0,-0.7062365275222267,-0.0,-39.091116566103445,-134.92297603290956,,2.591414262186255,,6.584317705395161,-0.0715741054420388,,,0.8836411610284318,13.0,0.000710104715740763,0.0003952573512842584,-0.030408421397528758,0.12445899107626124,False,0,,
1000378,RVTY,Revvity INC,Health Care,Life Sciences Tools & Services,screen,16646116480.0,18828423480.0,0.7491469909203485,0.0,2023-10-01,0.8666666666666667,ev_ebitda,60,0,0.4177342369494754,0.3741804649333693,15.00633820183981,14.250719505698632,1.8082394673162931,0.05319143564680284,0.042291587258330265,-0.04143727187773627,0.04636957783525553,0,0.014628933130011346,0.008486539585301767,10.0,0.06411713772335147,0.0676377725542382,0.8506439709067932,-0.04673733270627256,False,0,26.161971830985916,980
1003894,RWC,Reliance Worldwide Corp Ltd,Industrials,Building Products,screen,2468388601.076095,2901936601.076095,0.2344896779625527,-0.16498539795044487,2023-10-01,0.9166666666666666,ev_ebitda,60,0,0.18828816191606412,0.1577627629843687,11.086037770303347,10.063153411690939,1.7544699354121367,0.054568500940822995,0.09138886511948052,-0.007227155047371481,-0.12543213680210685,0,-0.05937361318663148,-0.001904382576140784,13.0,0.08093347264740662,0.08646191759962449,0.7631855540321548,-0.015360342262094928,False,1,28.908450704225352,884
1005443,RXO,"RXO, Inc.",Industrials,Trucking,screen,3623638560.0,4103638560.0,0.330299089726918,-0.35862068965517235,2023-10-01,0.24324324324324326,ev_ebitda,37,0,0.03360757137700036,0.022308329917098337,16.173944004978623,11.324484546567685,3.726690136147333,0.09596631457314553,0.6360753681268749,0.15342579318032024,-0.09103715623094588,1,0.11916761242415652,0.11886807441993263,19.0,0.03732317455350406,0.07331923652084922,0.5330528645913097,0.11586496799954626,False,1,,
1005049,RXRX,Recursion Pharmaceuticals Inc,Health Care,Biotechnology,screen,2167112545.9500003,1663211545.9500003,-0.1536885245901639,-0.7338917525773196,2023-10-01,0.9333333333333333,ev_sales,60,0,-9.62587084313038,-9.457637090080517,-3.6435642765438945,-3.6000323673019574,,0.506777809004912,,-0.6994215339106044,0.06529264167537874,,,-0.5864112196541611,5.0,-0.1997105646397048,-0.19873586609409147,0.9481159443363405,0.3953940988596012,False,0,,
1004825,RXT,Rackspace Technology Inc,Technology,Internet Services and Infrastructure,screen,1028304000.0,3704404000.0,1.6418439716312059,-0.5053120849933599,2023-10-01,0.5833333333333334,ev_ebitda,60,0,0.1482565908153565,0.08584772333275655,9.524869326793869,7.615575562576688,9.33678745613269,0.08114232581988867,0.2945690481491896,-0.07140389675516234,-0.09763540291183292,0,0.13644677959703855,-0.03265335530754321,3.0,0.08367382476963331,0.23606089476885145,0.2212339778606764,0.039843706580555915,False,1,33.532863849765256,699
1005174,RYAN,Ryan Specialty Group Holdings Inc,Financials,Insurance Brokers,screen,4970276482.0,8668066482.0,-0.33515753372938406,-0.5061651981748108,2023-10-01,0.06666666666666667,ev_ebitda,60,1,0.3121382528262299,0.29100764513321853,7.840476641700662,7.032143722381383,3.664943157440849,0.08261205017785,0.09769758352311597,-0.14768272368651092,-0.23578421631823188,0,0.019700365993153612,0.007072131993336894,16.0,0.25244318611927996,0.28525280360879474,1.1349178652254641,-0.00838305001788664,False,2,,
1000899,RYI,RYERSON HOLDING CORP,Materials,Iron & Steel,screen,1289226000.0,2201126000.0,0.06078379658764055,-0.286888452939017,2023-10-01,0.3333333333333333,ev_ebitda,60,0,0.04671944171564684,0.03601773275694291,6.302464500968951,5.653387356584296,4.2451060766429425,0.020333803303488107,0.20355384908095697,0.583873960284691,0.8810183611790303,0,0.060464269939004556,0.03455708473140007,2.0,0.16357393439265272,0.19945796728464882,0.6038216207720902,0.23026591307223887,False,1,,
1000900,RYN,RAYONIER INC,Financials,Specialized REITs,screen,5519291750.88,6962801750.88,-0.22852981045789533,-0.34692097514114584,2023-10-01,0.0,ev_ebitda,60,0,0.33415708384344045,0.2605368267044295,12.1836117899535,11.69423198254552,3.3336703058312946,0.08299687649266119,0.09734518086093069,2.422921523892427,1.2292500468267105,0,-0.002460045752955775,0.06949993628118367,3.0,0.07282793269727732,0.07882740534239446,0.7033530197741202,0.3817460599906468,False,0,,
1003635,RYTM,Rhythm Pharmaceuticals Inc,Health Care,Biotechnology,screen,6407240464.01,6080025464.01,-0.057183879592038744,-0.19048631185172593,2023-10-01,0.2,ev_sales,60,0,-0.06661747368097194,-0.01785160622384562,-167.8067857759215,29.097764707913154,,0.6743703037872784,,-0.014363172859408135,-1.5053752830961422,,,0.018868255336346396,10.0,-0.0018075271393109928,0.034026245064984605,0.3196391527702194,0.05533641709206916,False,0,,
1005148,S,SentinelOne Inc,Technology,Systems Software,screen,8780007286.49,8129879286.49,0.3492333901192506,-0.20799999999999996,2023-10-01,0.4489795918367347,ev_ebitda,49,0,0.16229829228318143,0.06162852622893511,41.5770126723723,31.363190655949072,-4.060421180581758,0.19044510424729055,0.7013239291824684,-0.0019291574500300834,0.3821538425560407,0,0.06306009092481513,0.004015298747893192,29.0,0.011043571231369863,0.01858597009870052,0.4958765805343622,0.07412987918738811,True,0,56.84272300469483,119
1003576,SAFE,Safehold Inc.,Financials,Diversified REITs,screen,843939989.9999999,5481730990.0,-0.19973149926824618,-0.5393369577967844,2023-10-01,0.0,ev_ebitda,59,1,0.7904886684837539,0.05292762480922267,15.1326819653791,14.306485829706686,13.875920940661095,0.061369469224201945,0.0635061240404271,0.05035609503394012,0.0012932337079867295,0,0.01645448956309714,0.0068838306160572404,2.0,-0.24667510578961477,-0.3432689797185656,-0.57469189887312,0.0008246886230347528,True,1,,
1000123,SAH,"SONIC AUTOMOTIVE, INC.",Consumer Services,Automotive Retailers,screen,2046696000.0,6753096000.0,-0.18892667052572232,-0.4614229784992683,2023-10-01,0.48333333333333334,ev_ebitda,60,0,0.04002198944154403,0.020213813003827994,10.230187237873164,9.59530489396371,7.5882271070317655,0.0540139716427015,0.06364048658649857,0.007726459270251063,-0.047618781236722474,0,-0.0046995126191331504,0.013586033392959385,9.0,0.05917132410693553,0.0661351217219009,0.18346164678593357,-0.03556735475239303,False,0,,
1000901,SAIA,SAIA INC,Industrials,Trucking,screen,9240748540.0,9256858540.0,0.11484500267236775,-0.44920121468180607,2023-10-01,0.2833333333333333,ev_ebitda,60,0,0.19994244601273117,0.07429000038728602,11.947748503107148,10.45760629042542,0.02502898360046776,0.07670316742568084,0.15572174510064118,0.042799465369012024,-0.0326599763660409,0,-0.023743315421800304,0.002786064770567087,15.0,0.030404655944868655,0.03696463061825338,0.36263497733050903,0.0005292712313891279,False,0,32.640845070422536,738
1000902,SAIC,SCIENCE APPLICATIONS INTERNATIONAL CORP,Technology,IT Consulting & Other Services,screen,5405640000.0,7764640000.0,0.30204516443803153,-0.15218340292831523,2023-10-01,0.2833333333333333,ev_ebitda,60,0,0.10384521645994503,0.10356727058394542,10.24207833651474,10.056670163187285,3.181980956231651,0.010387085525097373,0.04427992756825616,-0.0075382977886935265,0.0782529562353298,0,0.03341768459928818,0.015956888639091282,8.0,0.11503912370106296,0.12181234640165416,0.8202749570151157,-0.06898395771997212,False,1,30.927230046948356,822
1005841,SAIL,"SailPoint, Inc.",Technology,Application Software,screen,11715103259.999998,11405253259.999998,-0.07789855072463758,,2025-02-13,,ev_ebitda,27,,0.27972987553968537,0.21366839935822685,32.10005543572168,28.65912725854852,-1.017961959736462,0.18730359090527404,0.40028626534921874,0.008185815632421045,0.1459423056379383,0,0.010945993816052546,-0.0001346352995410527,17.0,0.024063315486742193,0.02997452222043888,0.79341870508356,0.02310586992971686,True,0,71.39671361502347,49
1000903,SAM,"THE BOSTON BEER COMPANY, INC.",Consumer Goods,Brewers,screen,1718288619.9999998,1484289619.9999998,-0.22419827830857997,-0.5833989484646058,2023-10-01,0.0,ev_ebitda,60,1,0.11666512983365095,0.07584610415261642,6.615942119022902,6.304002786353685,-1.1482742689958587,0.006391223737738816,0.10363226098499867,-0.05532007795766647,-0.15671286247577543,0,-0.06625758698250583,-0.029426504710209578,11.0,0.08950692015779921,0.08123473249050353,0.6855289096734214,-0.06320807390989625,True,2,75.1056338028169,15
1006575,SANA,Sana Biotechnology Inc,Health Care,Biotechnology,screen,854477630.0,767726630.0,-0.1788732394366197,,2025-07-09,,,,,,,-3.8495316304327027,-3.27435692788425,,,,-0.1428571428571429,-0.0726273764705836,,,,5.0,0.009554694315647863,0.017357859358294904,-0.04093726101034444,0.142593956699113,True,0,,
1000904,SANM,SANMINA CORP,Technology,Electronic Manufacturing Services,screen,12237320680.0,12564688680.0,0.8669967856832594,-0.23984861346915687,2023-10-01,0.8,ev_ebitda,60,0,0.0785141161377772,0.02411596967021489,9.577071154620237,8.617540495417574,0.2764407258677211,0.15731125079223252,0.10976609848131869,0.828509180372736,0.9903343374490652,0,0.016379681610809937,0.010646427944228432,1.0,0.02475225322566727,0.032261122232795036,0.23087773970045902,-0.015449785000422822,True,0,,
1005763,SARO,"StandardAero, Inc.",Industrials,Aerospace & Defense,screen,7035002700.000001,9181109700.0,-0.21766214730670563,,2024-10-02,0.022727272727272728,ev_ebitda,44,,0.14512590617443735,0.09343882680780977,8.908519579521231,7.902463221693149,2.4442118022869863,0.0980256912996238,0.1353932266169502,-0.04002222196379113,-0.013213151425804037,0,0.005011683574540848,0.0038091514670628435,11.0,0.07340715163102415,0.097803880074408,0.50108684742116,0.07116153643369083,False,0,36.39671361502347,573
1000326,SATS,EchoStar CORP,Telecommunications,Telecommunication Infrastructure,founder-led,31030641500.0,46910473500.0,0.39893186599773434,-0.3904090267983076,2023-10-01,0.8833333333333333,ev_ebitda,60,0,0.130043708377876,0.10646583323856218,36.67041038085509,41.067946664672405,,-0.1459743535069037,-0.22589175750860557,-0.33679821472309923,-0.2928814759793241,0,-0.4314542584954568,-0.2801199262436982,2.0,0.016202977362716895,0.02361335190158936,0.39303527734765886,0.11045740077479715,True,0,,
1000149,SBAC,SBA COMMUNICATIONS CORPORATION,Financials,Specialized REITs,screen,16791837280.000002,29194008280.0,-0.15072078744321682,-0.33875427475276576,2023-10-01,0.0,ev_ebitda,60,0,0.6802601638767045,0.5943702379199196,14.626263658942785,13.99681832150678,6.433754819397329,0.031061017966133697,0.03880467626602169,-0.009133869735399092,-0.03321974199177247,0,-0.0023230598400459934,-0.001025036228627596,17.0,0.06984282899337263,0.07323533976279355,0.587570130947088,-0.011053163275068112,False,0,,
1003364,SBCF,Seacoast Banking Corp of Florida,Financials,Diversified and Regional banks,screen,3489359999.9999995,,0.07104621648936238,-0.11411600921422393,2023-10-01,,,,,,,,,,0.04707998038149075,,0.0012311059886465081,,,,,,,,,0.12687538334317372,False,0,,
1005902,SBET,"Sharplink, Inc.",Financials,Other Diversified Financial Services,screen,2009731994.14,,-0.45443856554967677,-0.8828430753692715,2023-10-01,,,,,,,,,,0.6054450364907471,,-0.3065776588681032,,,,,,,,,24.270110847359355,False,0,,
1006385,SBGI,"Sinclair, Inc.",Consumer Services,Broadcasting,screen,902684070.0,4399684070.0,-0.09978635253063395,-0.23102016410566706,2023-10-01,0.8833333333333333,ev_ebitda,60,0,0.146286740950865,0.12102612101271111,9.325838969964288,5.512967095866084,5.116527195771613,0.011721655801460118,0.03150789682181543,0.003241628313144451,0.11257333349134546,0,-0.017606396801303936,-0.007133438311918261,5.0,0.10185373974991492,0.46268530035829086,0.19488534313239803,0.04333916385745806,False,1,26.232394366197184,977
1000906,SBH,"SALLY BEAUTY HOLDINGS, INC.",Consumer Services,Specialty Stores and Retailers,screen,1573445840.0,2207912840.0,0.008599508599508532,-0.0442374854481955,2023-10-01,0.43333333333333335,ev_ebitda,60,0,0.12104331546145096,0.09415552181273355,4.81419675807458,4.757508812969694,1.4160033400940746,0.015426295741964857,0.01775404445394302,-0.0025482298305467,-0.00740925651352542,0,0.0041027669639157605,-0.0035165501437092184,5.0,0.19275851487393125,0.18563353479769296,0.6613133365435769,-0.039017676255126976,False,1,35.997652582159624,598
1003270,SBRA,"Sabra Health Care REIT, INC.",Financials,Health Care REITs,screen,4913525952.0,7308105952.0,0.12380254651165457,-0.10593857681492114,2023-10-01,0.4166666666666667,ev_ebitda,60,0,0.5760089152562176,0.0031961168420455567,12.90250404793038,11.783973621558545,4.970658789780708,0.07414136217998446,0.12579099807079452,0.24293308762339505,0.056313629477010574,0,0.02527341826370222,0.0651532341348835,11.0,-0.020255441505831962,0.04824344400827637,-0.17571309847662872,0.04773637666702202,False,0,,
1003304,SBSI,"Southside Bancshares, Inc.",Financials,Diversified and Regional banks,screen,910949730.0,,0.11555140561055222,-0.14861630244722368,2023-10-01,,,,,,,,,,0.03766304379882457,,-0.027685127345739913,,,,,,,,,-0.008093995668951637,False,0,,
1000077,SBUX,Starbucks Corporation,Consumer Services,Restaurants & Bars,screen,108523744000.0,118192044000.0,0.13898066319570312,-0.16139822755332522,2023-10-01,0.5,ev_ebitda,60,0,0.17262646971678014,0.12345380671832631,17.79365409503636,15.645946705909646,1.6562625845161676,0.031568871934469334,0.1377975991398026,-0.07647316062446974,-0.08382387896555488,0,0.0055396886988849925,-0.008586393873739606,19.0,0.0393902694643484,0.04935748283525169,0.6435623374231556,0.0024339257375267653,False,0,31.115023474178404,810
1000348,SCCO,SOUTHERN COPPER CORP,Materials,Copper,screen,165173302000.0,165837802000.0,0.7745535964078836,-0.0776513427401001,2023-10-01,0.9333333333333333,ev_ebitda,60,0,0.6434069576455227,0.4965695052006327,15.844921428020744,15.832711824910184,0.06428625524889785,-0.016922016600079637,-0.031019715842963147,0.27939950565465344,0.3830304677175458,0,0.016488789885916066,0.011825153440029323,11.0,0.048178200507500206,0.05275360344503146,0.7603209942921293,0.03627451236547996,False,0,31.58450704225352,783
1000907,SCHW,SCHWAB (CHARLES) CORP,Financials,Asset Management & Custody Banks,screen,171065430000.0,167599430000.0,0.03686221431454628,-0.13999120105587337,2023-10-01,0.11666666666666667,ev_ebitda,60,0,0.6127129480147501,-0.12264168850811888,8.570062647586422,7.924232780477681,-0.21533197857522224,0.106451237066429,0.12204459713548954,0.15167271165751606,0.2416303472471173,0,0.09282576622989347,0.06247189848798196,11.0,-0.022613350585674357,0.03860865638339671,-0.19780562097237941,-0.02797106060625487,False,0,,
1000198,SCI,SERVICE CORPORATION INTERNATIONAL,Consumer Services,Specialized Consumer Services,screen,10582015500.0,15624769500.0,-0.06853241083778738,-0.12403460450242731,2023-10-01,0.06666666666666667,ev_ebitda,60,0,0.3094282261290661,0.25735754772031694,10.910213537051455,10.380837184665452,3.722274953387736,0.03712792818828481,0.04946966341647019,0.0006492857408268993,-0.00504508763955791,0,0.0026816727189704626,0.008886047168134459,5.0,0.08902211517449345,0.09207089766225653,0.6577879809114275,-0.030910522077725155,False,1,24.612676056338028,1014
1003279,SCSC,"ScanSource, Inc.",Technology,Technology Distributors,screen,1288576200.0,1301615200.0,0.33507615367128873,-0.002716929869247764,2023-10-01,,ev_ebitda,28,,0.046500248649907414,0.03698583120828046,8.013802430118176,7.492391863262992,0.08449405337106762,0.06660201364843465,0.07067080214948351,0.05615244061291347,-0.013532837708044143,0,0.05231506021036458,0.08578708170116145,2.0,0.1018089339528249,0.11040563945060677,0.8077035939431879,-0.07261506387017125,False,1,,
1006717,SDA,SpeedCast International,Telecommunications,Telecommunication Infrastructure,screen,,,,,,,,,,,,,,,,,,,,,,,,,,,False,0,,
1004691,SDGR,Schrodinger Inc,Health Care,Health Care Technology,screen,2307934705.6,1997114705.6,0.5478564307078766,-0.16554689599570005,2023-10-01,0.9333333333333333,ev_sales,60,0,-0.3531211586609113,-0.3796165273259629,-22.956251005426232,-57.047343621940435,,0.09861567157918039,,-0.28972491970021896,-0.05866547267088129,,,-0.07447866712554618,5.0,-0.03578768831474823,-0.013279686561136799,0.9494128803479294,0.01413534127847127,False,0,,
1000908,SDRL,SEADRILL LTD,Energy,Oil & Gas Drilling,screen,2928900000.0,3305900000.0,0.4786494538232373,-0.19280809541019162,2023-10-01,0.2833333333333333,ev_ebitda,60,0,0.34709375714847485,0.26290567393729536,5.402838224159327,5.115377784109178,0.8814248737318299,0.07146603876346713,0.194891960185964,0.09990486397126697,0.03475740019727103,0,0.008967474012251397,0.014657367962886747,4.0,0.14309388181436636,0.16103437016745298,0.6849484079749981,-0.056319739261733726,False,1,47.75821596244131,231
1006817,SECZ,Securitize Corp.,Technology,Software - Application,founder-led,,,,,,,,,,,,,,,,,,,,,,,,,,,True,0,,
1003548,SEI,"Solaris Energy Infrastructure, Inc.",Energy,Oil & Gas Equipment & Services,screen,6693088460.0,5880378460.0,0.795702280014625,-0.13947817096082837,2023-10-01,0.7333333333333333,ev_ebitda,60,0,0.49291325059554963,-0.09219483209046024,6.810160019284929,5.041071595743828,-2.0295664533052054,0.4974052252767318,0.6059011131758845,0.802520679767772,0.5752995746615968,0,0.39844883885292215,0.4553366523863711,13.0,-0.04888257466065796,0.08428242490783339,-0.378907041224628,0.3620052685864974,True,0,,
1003200,SEIC,SEI Investments Company,Financials,Asset Management & Custody Banks,screen,12810702580.0,12428694580.0,0.22448103807117836,-0.08035474334856219,2023-10-01,,,,,,,,,,0.0821318263612223,,0.0977831295972893,,,,0.018986828730850558,,,,,-0.03565276272001194,False,0,,
1005781,SEPN,"Septerna, Inc.",Health Care,Biotechnology,screen,1713774853.7499998,1424351853.7499998,1.0802764486975014,,2024-10-25,,ev_sales,24,,-1.7640483548428667,-2.2997048038116854,-11.699438702183796,-7.927393437499334,,-0.3207578664859071,,0.3802945364393726,-0.4989904719743884,,,0.06037722740433393,6.0,-0.08312367461585186,-0.10397194632941956,1.170108787717611,1.140453934683304,True,0,,
1004719,SEZL,Sezzle Inc.,Technology,Payment Processing,screen,3809743660.0,3846959660.0,0.3584810763234001,-0.42699549191195973,2023-10-01,,ev_ebitda,34,,0.42843539934965114,0.32068503710211615,11.828708067114567,10.315251943989681,0.15382200362079304,0.19578146100359506,0.19777609861178647,0.13364403694014548,0.22651073967335855,0,0.003555951770258803,0.011262815119975844,6.0,0.05975864609211563,0.08626729166010157,0.7000292480250617,-0.010215437258774718,True,0,70.85680751173709,51
1003476,SF,Stifel Financial Corp,Financials,Asset Management & Custody Banks,screen,11369124540.0,9820283540.0,-0.057812322419813156,-0.20051845198136087,2023-10-01,,,,,,,,,,0.08580188824235568,,0.01795760132738944,,,,0.008908278308920492,,,,,-0.01537170171497082,False,0,,
1003810,SFBS,ServisFirst Bancshares Inc,Financials,Diversified and Regional banks,screen,4348879437.0,,0.012066146518114218,-0.5852380709809434,2023-10-01,,,,,,,,,,,,0.05233861418378272,,,,,,,,,0.0007417376061487069,True,0,,
1005810,SFD,"Smithfield Foods, Inc.",Consumer Goods,Packaged Foods & Meats,screen,7353454369.179999,8007454369.179999,-0.16293272300733685,,2025-01-28,,ev_ebitda,27,,0.09428049423275606,0.04506847597336321,5.537458720601606,5.253842455085125,0.43330225072596473,-0.0013764265804062648,0.019185602984107986,-0.0027144061851803736,-0.12896216223253587,0,-0.1676518651344837,-0.03231875274593299,3.0,0.08853022861410467,0.08314259188625352,0.4501932890764983,0.01943685138728024,False,1,45.05868544600939,294
1000909,SFL,SFL Corporation Ltd,Energy,Oil & Gas Storage & Transportation,screen,1814042355.0,4080341355.0,0.8935707851728956,-0.0429090909090909,2023-10-01,0.9,ev_ebitda,60,0,0.6036858345437928,0.4297490358957933,9.016012271431922,8.646206934921773,5.152147942083138,0.030253555375145513,0.02761909321652367,0.009874379106128872,0.049445031595921396,0,-0.008525758060774491,-0.012236533450198817,1.0,0.1055580474484021,-0.2090711289809339,0.42311338899318124,0.03332542699462082,False,1,30.551643192488264,832
1001026,SFM,"Sprouts Farmers Market, Inc.",Consumer Services,Food Retailers,screen,6087556800.0,5974427800.0,-0.3901654411764707,-0.6304238845875342,2023-10-01,0.1,ev_ebitda,60,1,0.09071323312311891,0.05414562927651721,6.445841471934309,6.112670563020851,-0.12961686024788224,0.08300574025676744,0.05244699993299928,-0.06583571036042812,-0.13233893849870582,0,0.006013890766150887,0.0004517481193464512,12.0,0.09103104304182165,0.09832584025289452,0.5978825093185993,-0.035328903861771455,False,2,47.382629107981224,242
1003293,SFNC,Simmons First National Corporation,Financials,Diversified and Regional banks,screen,3303213565.34,,0.22743999824804484,-0.05510973461830215,2023-10-01,,,,,,,,,,0.04894393937844188,,0.03487398685758558,,,,,,,,,0.07361325469863544,False,0,,
1000019,SG,Sweetgreen Inc,Consumer Services,Restaurants & Bars,pipeline,1032039188.3199999,1244803188.32,0.11152882205513759,-0.7982715487832613,2023-10-01,0.25,ev_sales,60,0,0.005815089879135344,-0.08015314252862746,290.53735089481904,50.54310713355856,,0.08682516299583298,,-0.2585270638083791,-0.9320589341951963,0,-0.7275980322330002,-0.022988729620760595,13.0,-0.05422638095653942,-0.03922342682506172,-13.061952185133155,0.020844692642128848,False,0,,
1000996,SGI,SOMNIGROUP INTERNATIONAL INC.,Consumer Goods,Home Furnishings,screen,13339687500.0,17636187500.0,-0.256884431338948,-0.3616091828378294,2023-10-01,0.18333333333333332,ev_ebitda,60,0,0.16562911389203186,0.13165778544803056,9.18897427372635,8.122073249650462,2.960550438309662,0.16591863343839308,0.20336408183572918,0.40735697635636203,0.17800021622549123,1,0.18803636654628608,0.4146482653025658,10.0,0.09471820995542277,0.11921934304568342,0.658326694847312,0.11014805164570052,False,2,37.07746478873239,554
1000462,SGRY,"Surgery Partners, Inc.",Health Care,Health Care Facilities,screen,1709620290.0,5141220290.0,-0.35905730129390023,-0.6094058011827654,2023-10-01,0.4,ev_ebitda,60,0,0.16103285714629834,0.1309987732916073,10.133266361424113,9.525115619927064,6.665210707560609,-0.0024955711413422454,0.027665915114999384,-0.22402694648543175,-0.2749044739294978,0,-0.12166386027858844,-0.12285657791169047,9.0,0.08981174521010508,0.10703296270859172,0.30263283402320623,0.004995935042880761,False,1,31.46713615023474,788
1000911,SHAK,SHAKE SHACK INC,Consumer Services,Restaurants & Bars,screen,2666116050.0,2606409050.0,-0.37314389488302535,-0.5868478490459762,2023-10-01,0.05,ev_ebitda,60,1,0.13725422680768717,0.014737625688579167,10.066412736904782,8.72452473172237,-0.2728890245628761,0.14195691701367763,0.16069178882822777,0.0057936221104835095,-0.0943001187065311,0,-0.016285230941425977,-0.002688876218866265,19.0,0.009883343383137027,0.03067701552676199,0.10176890275823844,-0.0014582591666926215,False,1,,
1005973,SHAZ,SharonAI Holdings Inc.,Technology,Internet Services and Infrastructure,screen,1747123857.0,-114197881.0,-0.0072727272727272085,-0.9902933333333334,2023-10-01,,ev_ebitda,14,,0.5790732874880606,-3.9981913585708972,-0.11994085111762978,-0.046378187174320074,-170.8347051304324,4.580058027946689,10.56470057150788,1.204013340111885,1.186845053852959,,,,3.0,-3.923711959995355,-1.0377375802030457,-7.199956842814276,1.4306063799597863,False,0,,
1004943,SHC,Sotera Health Co,Health Care,Health Care Equipment,screen,5221241760.0,7003971278.790001,0.1754609027336298,-0.05518650996423102,2023-10-01,0.55,ev_ebitda,60,0,0.5151822562768145,0.39670161544314325,10.291581129982651,9.613814593979878,2.8386111211659752,0.061215539373061345,0.06742951547049314,0.012028989843090976,0.01728906820505438,0,0.007591374657246908,0.0051874035613781455,8.0,0.07459977439101415,0.08743522146928698,0.572333362321325,0.007165000892761508,False,0,32.28873239436619,761
1004982,SHLS,Shoals Technologies Group Inc,Industrials,Electrical Components and Equipments,screen,1382286990.0000002,1563312990.0000002,0.09311740890688247,-0.5561643835616439,2023-10-01,0.35,ev_ebitda,60,0,0.21796649410118102,0.16674556521891462,10.227672112814977,9.11126133338142,1.526256744197486,0.10674660957504178,0.17185034448055347,0.17939429472518986,-0.021018192523649115,0,0.050032581665139464,0.024052450032733708,14.0,0.07756303647385314,0.08934894083591112,0.7014292677154746,0.0033907627845624067,False,0,39.002347417840376,489
1000318,SHO,"Sunstone Hotel Investors, Inc.",Financials,Hotel & Resort REITs,screen,2098570500.0,2863238500.0,0.23989688398216957,-0.04641350208078221,2023-10-01,0.7833333333333333,ev_ebitda,60,0,0.2620291163209443,0.17208096431835465,11.432782888840842,11.456908471618092,3.0806757290028437,0.0016996172135115284,-0.004321200532833358,-0.04134728504683827,-0.015344432057843416,0,-0.003305024460464212,-0.061388919679847276,8.0,0.05967158800083855,0.05559821116975177,0.5000179443727768,-0.04126681821606615,False,0,,
1000912,SHOO,STEVEN MADDEN LTD,Consumer Goods,Footwear,screen,3297173160.0,3327266160.0,0.36527875378334973,-0.08299635618040824,2023-10-01,0.7333333333333333,ev_ebitda,60,0,0.09713879165830919,0.08734084749611816,11.105592696315046,9.419126952856676,0.12141167755990266,0.07012869941760469,0.16413821528292183,0.0688206252869672,0.1992590121556923,0,0.015263148047813146,0.02044592725241423,6.0,0.081505793920989,0.08643968257535974,0.8969834630680287,0.000465603859620245,False,1,42.33568075117371,369
1000068,SHW,THE SHERWIN-WILLIAMS COMPANY,Materials,Paint & Coating,screen,78911880000.0,90690480000.0,-0.05753907604445474,-0.18010947028528845,2023-10-01,0.08333333333333333,ev_ebitda,60,0,0.2007301578247921,0.1756572700095801,17.187321947939864,15.9020579790613,2.441808221401714,0.04676951326957601,0.07938136870991364,0.02812654230078704,-0.020720203729711728,0,0.019571981110686254,0.01662590181607526,19.0,0.05188790515614812,0.056726517375276855,0.7759880606814904,-0.016798244812312402,False,0,23.204225352112676,1035
1006651,SIC,Select Interior Concepts Inc,Consumer Services,Home Furnishings Retailers,screen,375958975.0,,,,,,,,,,,,,,,,,,,,,,,,,,False,0,,
1000914,SIG,SIGNET JEWELERS LTD,Consumer Services,Specialty Stores and Retailers,screen,4097025000.0,4794625000.0,0.08223530098072618,-0.03585959140931627,2023-10-01,0.75,ev_ebitda,60,0,0.11030390083485206,0.09523550845547646,6.3371413961454115,5.895872915571477,0.9511896465607411,0.012967596564965378,0.08783165043803876,-0.004772736712006509,0.1069089521085067,0,0.054554855169921534,0.0028211427154050117,9.0,0.16155487854101885,0.17078207917074079,0.874837604951034,-0.12229254852748894,False,1,38.83802816901408,493
1000915,SIGI,SELECTIVE INSURANCE GROUP,Financials,Property & Casualty Insurance,screen,5110980000.0,5909823000.0,0.051955638165881446,-0.20240757158749467,2023-10-01,,,,,,,,,,0.0007920164343244718,,-0.09171569760524878,,,,-0.035419462751385744,,,,,-0.008324233639929735,False,0,,
1005818,SION,"Sionna Therapeutics, Inc.",Health Care,Biotechnology,screen,230259752.1,27297752.099999994,-0.8211492689561374,,2025-02-07,,,,,,,-0.20292317938865254,-0.1741612516805226,,,,-0.4,-0.09528593852625145,,,,4.0,0.05292006206682788,0.05793037608021867,-0.09058225965827567,2.4647281555103575,False,0,,
1000080,SIRI,Sirius XM Inc,Consumer Services,Broadcasting,screen,8768880000.0,18049880000.0,0.1622412170340688,-0.49542726197801,2023-10-01,0.13333333333333333,ev_ebitda,60,0,0.30635687238449066,0.2543147610184166,6.750608533712987,6.6855306110498605,3.4688524080952057,0.01873510882065066,0.0038164804706399824,0.015851194119739898,0.035893494470985,0,0.00491515097383477,0.0039049814417913,11.0,0.20429203620269865,0.2107695238772915,0.6699835954657123,0.005492405060969929,False,1,32.73474178403756,735
1003139,SITE,SiteOne Landscape Supply INC,Industrials,Industrial Distribution,pipeline,3969144457.91,4387444457.91,-0.29883540372670814,-0.5139658791238362,2023-10-01,0.11666666666666667,ev_ebitda,60,1,0.09444330874555668,0.06910614517562648,9.121087918368369,8.280091887154683,0.9646681802663123,0.04559550624498376,0.09694747565557393,-0.02215622745222956,-0.06522446871341958,0,-0.030662509128455473,-0.019662754142941274,11.0,0.0798089901735747,0.08988664773061911,0.6585423838420585,-0.013912187559234401,False,1,32.45305164319249,745
1004658,SITM,SiTime Corp,Technology,ICs Semiconductors,screen,19049771070.0,18446186070.0,1.1639839368092662,-0.27671162976438746,2023-10-01,0.16666666666666666,ev_ebitda,60,0,0.48308335326342267,0.407571990737652,28.173435139429046,25.581765682152174,-1.7450972757940102,0.3736885233213165,0.29805438037456033,1.6487941304907405,3.1382576749486333,0,0.9176877614835701,0.5807976850551413,4.0,0.030293990705775296,0.029902203018929235,0.8814130304184855,0.1389574001385041,False,0,47.5,237
1000218,SJM,J M SMUCKER Co,Consumer Goods,Packaged Foods & Meats,screen,12418245000.0,18769345000.0,0.14001737688672988,-0.10148103370107309,2023-10-01,0.31666666666666665,ev_ebitda,60,0,0.24473304530215823,0.20096395363527728,8.56000135820099,8.635648643037298,3.0307212080177286,-0.0001202284623503802,0.036088218168873976,-0.0379837226824955,0.02875183359816158,0,0.042109722242218206,0.021962523496528386,11.0,0.11813317066629274,0.12312884052502249,0.6690472665676214,0.01166289578077584,False,1,27.711267605633804,931
1000949,SKT,Tanger Inc.,Financials,Retail REITs,screen,3987001850.0000005,5640078850.0,0.04885043285027124,-0.17921061839146368,2023-10-01,0.31666666666666665,ev_ebitda,60,0,0.6249355953890361,0.5340295393620352,14.478196539012602,14.046921401249591,4.564008020018439,0.0364386479259069,0.039919072868246364,0.07863598967105867,0.08603758808551576,0,0.01520854263221838,0.00873697746195412,6.0,0.0631452756155957,0.06569405896020854,0.6462738634539619,0.021311581521876954,False,0,,
1005493,SKWD,"Skyward Specialty Insurance Group, Inc.",Financials,Specialty Insurance,screen,2503042873.98,2220104873.98,0.11017661900756925,-0.19548986743867136,2023-10-01,,,,,,,,,,0.07917726199401987,,0.10787367873502562,,,,0.008006544307879615,,,,,0.052126799562712156,False,0,,
1004286,SKY,Skyline Champion Corp,Consumer Goods,Home Building,screen,4825834200.0,4055562200.0,0.12216839072934405,-0.21318398824825557,2023-10-01,0.5333333333333333,ev_ebitda,60,0,0.10306855947691632,0.08201987574420158,13.914254424246046,11.976564636846273,-2.5694601547519493,0.07095019174847539,0.048148104505999045,0.048741111339050125,-0.057451923191892296,0,0.04685838120104502,0.020206033618336505,4.0,0.05195673244971322,0.05967325247753788,0.8602468700029483,-0.012811027370724482,False,0,39.612676056338024,466
1002950,SKYW,SkyWest Airlines,Industrials,Airlines,screen,3870184730.0,5565663730.0,-0.03677201351619963,-0.21661817006142903,2023-10-01,0.1,ev_ebitda,60,0,0.2350680401956095,0.09630259484588365,5.173839596274269,4.235673262889796,1.7137173770347889,0.0630823406742631,0.15109174779034285,0.04371105121076635,-0.03838465369724364,0,0.008247710615454151,0.020925568352974766,5.0,0.1006277255969511,0.19871311225746896,0.3620306573119477,-0.024363330403542882,False,1,,
1000950,SLAB,SILICON LABORATORIES INC,Technology,ICs Semiconductors,screen,7500812100.0,7103570100.0,0.6897735072065891,-0.0017569941884038043,2023-10-01,0.4,ev_ebitda,60,0,0.18745155857120058,0.12838489516878585,35.037332198538905,,-3.5474516107014455,,,0.021003948594561228,0.14997802792842307,0,0.046547182011192234,0.01360276090996071,2.0,0.019869288452724777,0.00044562936306530136,0.7350975261872046,0.021877447525540328,False,0,25.293427230046948,998
1002976,SLB,SLB N.V.,Energy,Oil & Gas Equipment & Services,screen,73281960000.0,82008960000.0,0.4521700178146595,-0.1851449179140121,2023-10-01,0.43333333333333335,ev_ebitda,60,0,0.23347235365064098,0.15494277109971377,8.615447758608495,7.886294721819908,1.064986649319348,0.08626249670871577,0.13268721620223456,0.05116525225550905,-0.0017668981289905572,0,-0.004294490367536041,0.02723279405756185,23.0,0.08086991474115955,0.09164588634199189,0.6225878064397194,-0.024654308968051875,False,1,39.35446009389671,476
1006768,SLDB,Solid Biosciences Inc,Health Care,Biotechnology,screen,1002947132.98,645424132.98,0.1717990275526744,,2025-07-28,,ev_sales,10,,-25.840591968084578,-0.0,-2.663136128157093,-3.5006232375063484,,,,-0.6195151319770011,0.26652709867851554,,,-0.7619083439273073,9.0,0.005755560035657573,0.012378685221091914,-0.023818466440272527,0.7992226594922465,False,0,,
1005863,SLDE,"Slide Insurance Holdings, Inc.",Financials,Property & Casualty Insurance,screen,3008358930.0,1216907930.0,0.4179645044715077,,2025-06-18,,,,,,,,,,0.012610549499035617,,0.19801826493400188,,,,0.022149207478568078,,,,,0.030682284307732788,True,0,,
1000952,SLG,SL GREEN REALTY CORP.,Financials,Office REITs,screen,3749144980.0000005,7880775980.0,-0.13819816969904497,-0.3429816390950151,2023-10-01,0.23333333333333334,ev_ebitda,60,0,0.9133305737315519,0.6396338160578462,11.381783359389104,10.248116615719288,5.289696059647331,0.008344850572584495,0.03181671643771722,0.06491430070636817,0.03229633990857894,1,0.18882433078005323,0.02175006466129048,9.0,0.08974780508855078,0.09744149176478299,0.4859565091870709,0.06719808446578868,False,2,,
1000953,SLGN,SILGAN HOLDINGS INC,Materials,"Metal, Glass and Plastic Containers",screen,3678666000.0000005,8160966000.0,-0.1751392534333922,-0.3770106701398316,2023-10-01,0.03333333333333333,ev_ebitda,60,0,0.1527545856123035,0.11047069675625237,7.621071802547042,7.415799743602418,4.427357098483479,0.023989389744073275,0.036704642575426716,0.039513231869614085,-0.025441095212676568,0,0.0020423501255490972,0.004531672973036471,10.0,0.15475917820674231,0.16627271744290803,0.5316444177341468,-0.006009304411176641,False,1,27.312206572769952,947
1003281,SLM,SLM Corporation,Financials,Specialized Finance,screen,4304582240.0,5560569240.0,-0.16432336185546237,-0.32804295575515163,2023-10-01,,,,,,,,,,0.053997556199884444,,-0.13736889500513794,,,,-0.0008605396522256559,,,,,-0.07294569607224655,False,0,,
1006819,SLS,"SELLAS Life Sciences Group, Inc.",Healthcare,Biotechnology,founder-led,,,,,,,,,,,,,,,,,,,,,,,,,,,True,0,,
1005218,SLVM,Sylvamo Corp,Materials,Paper Products,screen,1326800000.0,2167800000.0,-0.22934618932361195,-0.6358636666552284,2023-10-01,,ev_ebitda,17,,0.14835901767768064,0.07822765409131233,4.164376781138473,3.8243597180575564,2.3675462240479423,0.029124174591711904,0.32186034999809765,0.01926643272571238,-0.08892322250599305,,,,4.0,0.17850133347079059,0.248974130147797,0.4549647317688143,-0.02471005532176429,False,1,,
1000954,SM,SM ENERGY CO,Energy,Oil & Gas Exploration & Production,screen,8414400000.000001,14830400000.0,0.4095507835957639,-0.3141589358476379,2023-10-01,0.5,ev_ebitda,60,0,0.6550092392055149,0.30237272102083623,2.8905561026921665,2.8893257415354787,1.5377371370897701,-0.00535087525592326,0.030307929652448884,1.3034011694584255,1.3121450117083486,0,0.019265145688627694,0.016107582761910155,13.0,0.23168525859741318,0.231302869468401,0.37997068652408583,0.4071388013031194,False,1,43.298122065727696,344
1005830,SMA,"SmartStop Self Storage REIT, Inc.",Financials,Specialized REITs,screen,1781438029.2800002,2862898029.28,-0.10097481661547769,,2025-04-02,,ev_ebitda,25,,0.5367321650186909,0.24129682162763716,16.360092291686687,15.18216197934517,6.9119950736946665,0.03905039223775808,0.08283906504820338,-0.011695057328397152,-0.20307620704556484,0,-0.008856250862133708,0.024809524539674443,6.0,0.01684843302017717,0.025246481707930462,0.17151815826817338,0.5146180528397084,False,0,,
1002991,SMCI,"Super Micro Computer, Inc.",Technology,"Technology Hardware, Storage and Peripherals",screen,30236099520.0,31434912520.0,-0.14330413016270338,-0.6543132980379944,2023-10-01,0.05555555555555555,ev_ebitda,54,1,0.07709648631820794,-0.013258895775985071,6.053098825576229,4.94624006386314,0.3209771049279274,0.43266816639322236,0.40134765315014587,0.6754053257601396,1.0050624672281248,0,0.747477838869884,0.3064069421868383,8.0,-0.03582717304126666,0.060747135796916193,-0.20859496233580885,0.07530597142589057,True,1,,
1000955,SMG,SCOTTS MIRACLE-GRO CO,Materials,Agrichemicals,screen,2961184000.0,3210484000.0,-0.08041315002060567,-0.42258513867296665,2023-10-01,0.1,ev_ebitda,60,0,0.18190707813696144,0.15383844085394727,5.2340773160933995,4.9974061754579395,0.42452311475905974,0.024892400414757043,0.045993563277652916,-0.05129375440095729,-0.09383704688514749,0,-0.027320553382137236,-0.014514332798520546,6.0,0.13744676198516015,0.1477942770174402,0.6635437011775148,0.01082671052974904,False,1,42.33568075117371,369
1005686,SMMT,"Summit Therapeutics, Inc.",Health Care,Biotechnology,screen,12987900439.92,12317606439.92,-0.18151016456921587,-0.5392370572207085,2023-10-01,,ev_sales,25,,-13.782588061342324,0.0,-13.059016876909595,-16.932971530647187,,8.638698695980185,,-0.2130843750507312,0.7288797800911402,,,-0.18554873476190714,10.0,0.0034257938745011663,0.004254106678321218,-0.04717200529792381,0.06026992114828089,False,0,,
1004143,SMPL,Simply Good Foods Co,Consumer Goods,Packaged Foods & Meats,screen,888613918.4000001,1161766918.4,-0.6176470588235294,-0.777699695479035,2023-10-01,0.0,ev_ebitda,60,1,0.17413336931483187,0.1616088779079115,5.294962792906625,5.0806837669136655,1.2369820497030846,-0.02013661130380029,0.017298189075453996,-0.19909553506553745,-0.26863146198056287,0,-0.058671736813849074,-0.05999302021788333,8.0,0.20796903317524323,0.20893636978918667,0.8422784538014352,-0.04125960223599712,False,2,37.9225352112676,518
1005368,SMR,NuScale Power Corporation,Industrials,Heavy Electrical Equipment,screen,2839636943.2400002,1719836943.2400002,-0.7805555555555556,-0.8521429908291223,2023-10-01,0.3611111111111111,ev_sales,36,0,-2.009880600174535,-2.059255518446564,-6.64356151131935,-6.978169467761627,,2.612404888275186,,-0.5436463456308205,1.4129250127870572,,,-0.308317832835153,12.0,-0.06729622435749863,-0.07350497969233846,0.7381883778061255,0.9412470371726174,False,0,,
1006716,SMRT,SmartRent Inc,Technology,Electronic Equipment & Instruments,screen,230896800.0,132075800.0,-0.16312056737588654,,2025-07-27,,ev_ebitda,8,,0.03717240113381835,0.03717240113381835,17.40462311080729,,,,,-0.04568400308353737,-0.2709496052516398,,,,1.0,0.046537309887263616,0.0020773801503707434,1.415991226481076,-0.017619233842606774,False,0,,
1000956,SMTC,SEMTECH CORP,Technology,ICs Semiconductors,screen,18229843000.0,18518473000.0,1.496151154653604,-0.03594594594594602,2023-10-01,0.7666666666666667,ev_ebitda,60,0,0.3046388384055171,0.1587963323067912,40.84199694497488,24.506754528274374,0.7607349587245654,0.3477074741638191,0.8047443611315077,0.3286092843580479,0.617179481877431,0,0.3090576377189058,0.09533220994076341,9.0,0.012785257315482962,0.03761059270991898,0.5140367833600817,0.1974445321003715,False,0,38.274647887323944,509
1005541,SN,"SharkNinja, Inc.",Consumer Goods,Household Appliances,screen,25440131516.26,25376766516.26,0.7461948618516723,-0.06605828061806496,2023-10-01,0.9047619047619048,ev_ebitda,42,0,0.18749348601475638,0.1373472119706469,15.980095155091414,14.026810967859314,-0.04792003966434227,0.12313561010368934,0.14318606403758238,0.08346797330900602,0.09686772447633207,0,0.07046662705791085,0.05738223143127352,10.0,0.04464526433420622,0.051285637105307424,0.7152169988116777,0.003835804006358412,True,0,66.63145539906102,77
1000957,SNA,SNAP-ON INC,Industrials,Machinery Tools and Components,screen,19305300000.0,18864600000.0,0.0769466509189376,-0.12808097899074256,2023-10-01,0.7,ev_ebitda,60,0,0.2726929871746313,0.240665232480346,12.42257231366957,12.326879132220133,-0.3066087604825411,0.02674406476720792,0.03052830488246272,0.012336837702577652,-0.019712219533665754,0,-0.002458091424854314,0.010880036733590615,4.0,0.06689145647383588,0.06866162396594096,0.8503762838635184,-0.010591336725352618,False,0,,
1003491,SNAP,Snap Inc,Technology,Interactive Media & Services,screen,9381852360.0,10103542360.0,-0.2996108949416342,-0.6905444126074498,2023-10-01,0.13333333333333333,ev_ebitda,60,1,0.21482444462339073,0.17007659991977905,6.237592477523468,5.312753948668346,0.6226274103642637,0.09780128424351542,0.20254628588745738,0.044447697121007934,0.5024393217639203,0,0.02229343894593727,0.022532460321766257,32.0,0.13295124356742363,0.1663993926029747,0.7700595815672028,0.02259201553542045,True,2,76.74882629107981,9
1000616,SNDA,"Sonida Senior Living, Inc",Health Care,Long Term and Alternative Care,screen,1767862620.0000002,3290705620.0,0.3556998556998556,-0.1274669143255166,2023-10-01,,,,,,,,,,0.11199097848956696,,1.3228692234800739,,,,0.019655447576613527,,,,,0.7239043243220549,False,0,,
1005794,SNDK,Sandisk Corporation,Technology,"Technology Hardware, Storage and Peripherals",screen,280667330000.0,275905330000.0,14.50704099821747,,2025-02-13,,ev_ebitda,28,,0.8044197053920057,0.7230230132772493,7.0859755767753665,6.175198846042239,-0.24425482253691394,0.6814722619276998,0.8647469575126756,3.8376473856501567,15.727900396095748,0,0.0703306282127627,0.06840076074694812,12.0,0.12513280077246328,0.15202161972308365,0.9019917995738366,0.03390788624585861,False,1,49.448356807511736,189
1003516,SNDR,Schneider National Inc,Industrials,Trucking,screen,5686560000.0,5369960000.0,0.525321431175553,-0.17368580555684343,2023-10-01,0.6166666666666667,ev_ebitda,60,0,0.13198796605118762,0.042653838878526466,6.211121233350353,5.417420207484623,-0.4589337742298894,0.06640547107545913,0.1811247809075922,0.027285474201357518,-0.03920343848174079,0,0.04049391230273991,0.03085860803535212,14.0,0.045798616825524656,0.06928953885680127,0.3012318876636145,-0.0012819078745782697,False,0,44.96478873239437,297
1003067,SNDX,Syndax Pharmaceuticals Inc,Health Care,Pharmaceuticals,screen,1621421795.74,1317651795.74,0.22196945076373087,-0.25248508946322057,2023-10-01,0.1,ev_sales,60,0,-0.05217948889743131,-0.05096260489591125,-53.550369321371626,15.533695824346443,,0.3989520221429652,,-0.07178685580385336,0.16103954888449024,0,-7.197446027240632,-0.09031062116705624,6.0,-0.029196672291831254,0.025548221181996424,1.9239384499512973,0.02021205478420729,False,0,,
1006718,SNEX,StoneX Group Inc,Financials,Other Diversified Financial Services,screen,7774555800.0,,,,,,,,,,,,,,,,,,,,,,,,,,False,0,,
1004817,SNOW,Snowflake Inc,Technology,Internet Services and Infrastructure,screen,129230497220.0,129169787220.0,0.5054755043227666,-0.047437372008864775,2023-10-01,0.21666666666666667,ev_ebitda,60,0,0.18465844979616897,0.0869547579842673,110.93560682243776,81.06397628554363,-0.05995751134213661,0.315134306372179,0.49791824831880493,0.10548767133167303,0.40196494401701055,0,0.08973353900558423,0.03438438971042035,31.0,0.005452897781910127,0.008832239539072,0.6052048379600414,0.014350027995998493,False,0,41.678403755868544,394
1000959,SNPS,SYNOPSYS INC,Technology,Application Software,screen,94340162260.0,100769853260.0,-0.1184661221346196,-0.3260401332610212,2023-10-01,0.08333333333333333,ev_ebitda,60,0,0.43894393005871646,0.36164193963023034,20.877727310001845,17.719730424021936,1.632606909859732,0.13278329160618774,0.1768309830267194,0.018150790904370107,0.0770629372549041,0,0.002986964617913479,0.020975825968330586,13.0,0.038289741029566934,0.043696885160464036,0.7483963187448471,0.10364667003675176,False,0,29.800469483568076,863
1000960,SNX,TD SYNNEX CORP,Technology,Technology Distributors,screen,21587629919.999996,26360064919.999996,0.5848835998682822,-0.11298983783810379,2023-10-01,0.7166666666666667,ev_ebitda,60,0,0.03629662542982269,0.02767584220296178,8.102989332543839,7.275531068165907,1.7604379148736975,0.0928096978632007,0.12358426942224554,0.3292073536578799,0.4855394481357531,0,0.05090443160587821,0.12081718941775654,7.0,0.09305416587680557,0.11809742993342114,0.6175037174736718,-0.03629454432387347,False,1,,
1000961,SO,The Southern Company,Utilities,Non-Renewable Electricity,screen,95239270000.0,167837270000.0,-0.09647561532339721,-0.14976871147617843,2023-10-01,0.0,ev_ebitda,60,0,0.45467156948378307,-0.0902330370621851,11.401666505860875,10.44494663581841,5.4467820925712305,0.059819244116826376,0.09064275732762961,0.0595252508036217,0.03502252655648319,0,-0.007380387446887293,-0.0012122612863335602,13.0,-0.06863571836692027,-0.048389962496686825,-0.444064615517613,0.014913481781841265,False,0,,
1005634,SOC,Sable Offshore Corp.,Energy,Oil & Gas Exploration & Production,screen,504916711.25,1452153711.25,-0.8018327605956472,-0.8952150211992732,2023-10-01,,ev_ebitda,29,,0.6259190305874134,0.0,2.5100221304560697,2.4569912209914673,,0.3755892856233114,,-0.23560034918057005,-0.29349559770411227,0,-0.1837887955134213,-0.15531302076892528,2.0,-0.1852798490789536,-0.10403191005365078,-0.16170107032744005,0.5991581389637606,False,0,,
1005065,SOFI,SoFi Technologies Inc,Financials,Consumer Finance,screen,21415521600.0,21694421600.0,-0.404996214988645,-0.5119528096864328,2023-10-01,0.03333333333333333,ev_ebitda,60,1,0.3501068234161351,-1.7103608999902842,10.251001582169383,8.141701302391304,0.18786331696007783,0.22779291445660532,0.2794950440858137,0.17616198564748808,0.08891766031406845,0,0.021022629016325567,0.0533717603609003,18.0,-0.48134116414717587,-0.4513210507003724,-4.870795379188294,0.11841080169759821,False,1,,
1005906,SOLSV,"Solstice Advanced Materials, Inc.",Materials,Industrial Chemicals,screen,9082612000.0,10304612000.0,0.16733461089208013,,2025-10-20,,ev_ebitda,17,,0.26323189004132025,0.16857912049129553,8.858362572263056,8.002753549825016,1.192073052252981,0.061057869837319645,0.10859445941933488,0.06712424446806287,0.05565289280257746,,,,5.0,0.07047087181352328,0.08806854957162866,0.5502274011383032,0.0016745285965056311,False,0,38.509389671361504,501
1000020,SOLV,Solventum Corp.,Health Care,Health Care Equipment,pipeline,15210541000.0,19380541000.0,0.20753424657534247,-0.0464084811769796,2024-03-26,0.5581395348837209,ev_ebitda,43,0,0.2611437061539273,0.198066779642905,8.700348994113211,7.897554380887272,1.952022736396048,0.03933114783863512,0.06071985722586226,0.02589843881159659,0.03759360123015365,0,0.023833852542012757,0.006218279294799567,12.0,0.0955196751658997,0.10991567935582901,0.6522412709609924,-5.742217473470035e-05,False,1,35.95070422535211,600
1000962,SON,SONOCO PRODUCTS CO,Materials,"Metal, Glass and Plastic Containers",screen,4839378500.0,9123946500.0,0.18192009509928542,-0.18628396618677245,2023-10-01,,ev_ebitda,31,,0.18066402375913654,0.12868567471554893,6.625527874810737,6.367277163568958,3.332865151740973,0.01705824248925425,0.05422977640232762,-0.027887056247483555,-0.03895248118585981,0,-0.004348202613908225,0.004551489026121347,9.0,0.17340892155474036,0.1908690075705698,0.6093948553141209,0.003151873177611453,False,1,30.481220657276992,836
1004246,SONO,Sonos Inc,Consumer Goods,Consumer Electronics,screen,2147439446.0,1936605446.0,0.13227848101265827,-0.08303434136340337,2023-10-01,0.8166666666666667,ev_ebitda,60,0,0.09682636633125727,0.061666165071694506,12.14450483463429,9.092187832295602,-1.1122675236051838,0.06501522444021957,0.05980509161034164,0.06657788976534107,0.09066096890360842,0,-0.14846544444270182,0.027773029128428384,3.0,0.05103686055982097,0.090044002921434,0.6872955647343757,-0.011748611767152473,False,0,50.997652582159624,165
1005405,SOUN,SoundHound AI Inc,Technology,Application Software,screen,2653823122.5,2456485122.5,-0.6256218905472637,-0.7515476681799422,2023-10-01,0.07142857142857142,ev_sales,42,1,-0.15540844525296768,-0.2334400473536944,-46.46026192366746,-544.1772109853432,,0.40344515165165107,,0.28012782145930193,-13.353108232388234,,,0.1058152198248461,4.0,-0.03022306894882768,-0.007509263562136584,1.5169736995189746,0.14663393530267288,True,1,,
1000963,SPB,SPECTRUM BRANDS HOLDINGS INC,Consumer Goods,Household Products,screen,1835295000.0,2192195000.0,0.5531209428839645,-0.13449455746137573,2023-10-01,0.18333333333333332,ev_ebitda,60,0,0.11393565174399846,0.0804722234281504,6.639955090245428,6.602126349226139,0.993115171891847,0.012969845699531968,-0.03888422172025707,0.013093391428968149,0.12312217009931725,0,0.018292122217430373,0.00172708581986325,6.0,0.11019025163381552,0.12624554560445686,0.6125407915352589,-0.12753250536256977,False,1,36.98356807511737,560
1005972,SPCX,Space Exploration Technologies Corp.,Telecommunications,Telecommunication Infrastructure,screen,1951826156456.0,1888656156456.0,0.11748148148148152,,2026-06-10,,ev_ebitda,8,,0.6029953039967526,-0.936711684040972,28.016329103978546,14.335930507394933,-3.361002338922444,1.091601919375171,1.401166740615035,,,,,,,-0.05492584740637529,-0.03723614806543938,-1.5902896462011613,0.05551817486997601,True,0,,
1003269,SPG,Simon Property Group,Financials,Retail REITs,screen,65066054580.0,92746570580.0,0.11931006786120135,-0.14273427739306677,2023-10-01,0.55,ev_ebitda,60,0,0.8147049172768287,0.6810914247086438,15.476253640221387,14.714400284927185,5.144574116906652,0.043219609257802105,0.05723346419941322,0.15303444383507414,0.07615584641452422,0,0.002274426612881575,0.017214483516551304,11.0,0.05840569547654822,0.06502228103913849,0.6341290537922507,-0.0032684709663280964,False,0,,
1003361,SPGI,S&P Global Inc,Financials,Financial Data and Information Services,screen,114701280000.0,123158280000.0,-0.13550389785655625,-0.25287186047362387,2023-10-01,0.11666666666666667,ev_ebitda,60,0,0.5360028916646578,0.5101611389170807,14.670905386338802,13.487005930573876,1.1145304425190887,0.07042398619417556,0.0850414064169509,-0.09770936944185493,-0.05816299563323202,0,-0.08973483703021712,-0.11701622514800114,14.0,0.06587092402075358,0.07251792608293839,0.9000265508596026,-0.03200997477483669,False,0,,
1005840,SPHR,Sphere Entertainment Co.,Consumer Services,Out-of-Home Entertainment,screen,4647082500.0,4875468500.0,1.1641983258209918,-0.23778206145821523,2023-10-01,,ev_ebitda,33,,0.26481960049823666,0.22847257168304283,13.288440905317502,12.391518340303568,0.8287548714164297,0.02584325965862977,0.08925248321122736,0.058486114355555285,1.0137919049098114,0,0.05915948043782526,-0.008834967603282062,5.0,0.06358872805479407,0.07106517919958204,0.8054121840145342,0.014751327560515781,False,0,35.551643192488264,617
1000995,SPNT,SiriusPoint Ltd,Financials,Reinsurance,screen,2905076353.71,,0.34051962410171366,-0.07829722538958561,2023-10-01,,,,,,,,,,0.050298605633829485,,-0.07580500926303713,,,,,,,,,-0.16197988946948916,False,0,,
1003952,SPOT,Spotify Technology SA,Consumer Services,Music,screen,102633051666.59999,92373830472.127,-0.3017478510028654,-0.3718520427890192,2023-10-01,0.05084745762711865,ev_ebitda,59,0,0.1859360283587341,0.1998010896415881,19.60715001276018,15.948351937457012,-2.9320792160629416,0.13809365187483968,0.2508573125610343,-0.014147906379474384,-0.026518785794300115,0,0.005283930705378026,0.003747835172134284,26.0,0.05295436249135578,0.06480124352271827,1.153598028055716,0.005121665633664785,False,0,48.39201877934272,213
1003191,SPSC,"SPS Commerce, Inc",Technology,Application Software,screen,3079783400.0,2912922400.0,-0.2083733435759555,-0.617305728344629,2023-10-01,0.18333333333333332,ev_ebitda,60,1,0.33266014840173497,0.29474873066191,10.412752113126103,9.236862389845225,-0.6765871593147077,0.06748308981344664,0.11936328470599467,-0.07697399844056829,-0.10001683610558432,0,-0.0034665894192347224,-0.015949510033997805,9.0,0.08334865229130067,0.09470425014809655,0.9176041522812644,-0.012955524560486764,False,2,46.86619718309859,251
1006499,SPTX,"Seaport Therapeutics, Inc.",Health Care,Biotechnology,screen,1014403923.0,746110923.0,0.016633064516129226,,2026-05-01,,,,,,,-4.999586558041287,-4.418151903678004,,,,,0.06706564371288204,,,,4.0,0.01580112659653914,0.018990933900573978,-0.10740627783218325,5.220332457459286,True,0,,
1000305,SPXC,"SPX Technologies, Inc.",Industrials,Industrial Machinery and Equipment,screen,8600054250.0,9048354250.0,-0.09219402505621588,-0.311878576356479,2023-10-01,0.0,ev_ebitda,60,0,0.27630105708896585,0.22553766103363182,10.633249746743056,9.740933905817212,0.6233320958562616,0.10067210123591286,0.10698863711185802,0.21183507658335432,0.2211230742395276,0,0.10059582474059492,0.08669965079814879,9.0,0.07614187295502933,0.09039731056190733,0.7695222215733744,0.037790337280835695,False,0,42.194835680751176,375
1003382,SR,Spire Inc.,Utilities,Gas Utilities,screen,4517604000.0,11756504000.0,-0.028803751863182403,-0.18408713142314048,2023-10-01,0.4666666666666667,ev_ebitda,60,0,0.35462569304671127,-0.042615585387882536,10.78880406250098,10.047639488947805,7.812485117432571,0.08749534586281871,0.1240106635642566,0.18577405017632165,0.13613665592343538,0,0.001772016323604797,0.02365549080057394,4.0,-0.09546118830031088,-0.05111364482427582,-0.39575836698489864,0.025199852628968955,False,0,,
1000009,SRAD,Sportradar Group AG,Technology,Application Software,portfolio,3674988226.0,3457921879.077538,-0.5702602230483271,-0.6363636363636364,2023-10-01,0.03333333333333333,ev_ebitda,60,1,0.25562379186562717,0.22287571926454247,6.985588054880888,6.002664876704063,-0.5514906390639384,0.11070750197692747,0.18132145815462009,-0.007882909163949736,-0.0677996233592113,0,-0.10359018737013392,-0.04299101088508672,19.0,0.09062002514901223,0.11279674374225172,0.6727720246929335,-0.012395547577397692,False,2,53.13380281690141,137
1003267,SRCE,1st Source Corporation,Financials,Diversified and Regional banks,screen,2068866449.08,,0.4052132646246345,-0.0695881964325038,2023-10-01,,,,,,,,,,,,0.05005346053340953,,,,,,,,,-0.007940188501277201,False,0,,
1000920,SRE,SEMPRA ENERGY,Utilities,Multi-Utilities,screen,51203066700.0,87819066700.0,-0.10103763020943168,-0.20625881469373186,2023-10-01,0.75,ev_ebitda,60,0,0.4330230421876691,-0.010399548133777236,15.247181399385276,14.410945743501536,6.176445931966193,0.010810612522094143,0.005446420183175205,-0.14504351915615032,-0.16392089352610706,0,-0.06021766461765654,-0.07008341689453479,10.0,-0.029432194779395834,-0.030794087789381957,-0.2616491762456002,0.014247041277091421,False,0,,
1000921,SRPT,SAREPTA THERAPEUTICS INC,Health Care,Biotechnology,screen,1852422670.0,1911556670.0,-0.05448884276076804,-0.8888007323771743,2023-10-01,0.3076923076923077,ev_ebitda,52,0,0.1674528219328092,0.1997774975490506,8.319126461156907,9.309084241615498,0.21052481979239668,-0.17722805900660865,-0.3772526129633682,-0.06005043253363318,-0.4945221916578324,0,-0.15089622625955157,-0.022335508010156824,13.0,0.15592475928657926,0.11849095705209049,1.2570302184589608,0.024011223112590185,False,1,41.60798122065728,398
1004141,SRRK,Scholar Rock Holding Corp,Health Care,Biotechnology,screen,6029083801.44,5733198801.44,0.2975295381310419,-0.19520319786808793,2023-10-01,0.40816326530612246,ev_sales,49,0,-2.480984463531546,0.0,-16.081382047363363,-34.68691177887912,,6.553731505494222,,-0.5177748396956758,0.7566304659778336,,,-0.07045103780901363,11.0,0.002538754043920081,0.001234473553040139,-0.04293369995072557,0.14646936579455194,False,0,,
1003365,SSB,SouthState Bank Corporation,Financials,Diversified and Regional banks,screen,9827282970.0,9043205970.0,0.0322681325064631,-0.10780535890312748,2023-10-01,,,,,,,,,,0.0645404419920681,,-0.0008774772063512293,,,,-0.0004180479651656466,,,,,0.12692615387966222,False,0,,
1006415,SSD,Simpson Manufacturing Co Inc,Industrials,Building Products,screen,7088443890.0,6971306890.0,0.02728754218182683,-0.1927995200846493,2023-10-01,,ev_ebitda,12,,0.24730717847467845,0.20051512633820429,11.180854830258117,10.474424159108642,-0.2018306996364204,0.04509333691090678,0.05998377970666824,-0.010357850153886683,-0.00863387551313044,,,,3.0,0.07350375746529088,0.07665594196025265,0.8356439121306175,-0.015281340064317694,False,0,,
1000922,SSNC,SS&C TECHNOLOGIES HOLDINGS,Technology,Application Software,screen,18982480000.0,26124880000.0,-0.11913737637742361,-0.13214156429415158,2023-10-01,0.18333333333333332,ev_ebitda,60,0,0.40313314854653354,0.3544086338238011,9.10531378642144,8.618374108820326,2.7138160127809807,0.04903514510974838,0.06211377067132218,0.0421291684407572,0.033816697654676986,0,0.008815822988310629,0.004989520488012822,8.0,0.111117062146581,0.12058188381817965,0.7351472113690568,-0.023264239753319926,True,1,57.593896713615024,111
1000923,SSRM,SSR Mining Inc,Materials,Gold and Silver,screen,6996222629.589938,5162350629.589938,0.3709588434088924,-0.13960577071212266,2023-10-01,0.16666666666666666,ev_ebitda,60,0,0.6147243332399053,0.4832423500060515,3.351830069588795,3.50257692236976,-1.7730325437099645,0.04836463452758677,0.12223031738701073,0.11192221205839781,0.3586840473281876,0,-0.012472851665984108,-0.01772038682519017,5.0,0.17878649295063656,0.17989758109016954,0.8121435888904619,0.016717519640539136,False,1,55.575117370892016,125
1000251,ST,Sensata Technologies Holding N.V.,Industrials,Electrical Components and Equipments,screen,6212745000.0,8236645000.0,0.3774153570410055,-0.22188312320824277,2023-10-01,0.5,ev_ebitda,60,0,0.23206479050511997,0.18669293528686465,8.791575292483351,8.212431681138574,2.3265829916291287,0.03994939264445274,0.06684973549166995,0.012417330955950101,-0.003586475254626742,0,-0.009770808042116497,0.0040550291133982785,6.0,0.10416300297211141,0.10881800779523947,0.6907380369148995,-0.013391217767756203,False,1,29.870892018779344,861
1003539,STAA,STAAR Surgical Company,Health Care,Health Care Equipment,screen,1152592380.0,1039954380.0,-0.1585411239300335,-0.5672727272727273,2023-10-01,0.0,ev_ebitda,54,1,0.20541195632074316,0.16361665845216067,13.862461042462604,11.734783163797976,-2.570268523481575,0.08735322951764801,0.20974421264375231,0.00969361964960469,0.6147788869398998,0,0.04321815305472798,0.0038505227024034916,10.0,0.05538350386157394,0.0570692134983216,0.8509072469486988,0.022506010616193173,False,1,45.95070422535211,270
1000924,STAG,STAG INDUSTRIAL INC.,Financials,Industrial REITs,screen,6834379040.0,10220808040.0,0.057229699130312284,-0.13914965222016074,2023-10-01,0.03333333333333333,ev_ebitda,60,0,0.7487990862882828,0.7606123525278591,14.220928133122461,13.263193593175252,5.197852202408344,0.060966361000013514,0.07633537670636392,-0.020118906989550434,-0.029117185659195077,0,-0.0002573579899243228,0.0017100736092066082,8.0,0.0844383935612751,0.0930079924818467,0.802937485527906,0.02699376393602848,False,1,,
1003282,STBA,S&T Bancorp Inc,Financials,Diversified and Regional banks,screen,1764872105.49,1822334105.49,0.3303084932160072,-0.086891227468882,2023-10-01,,,,,,,,,,0.03517472198120353,,-0.0123655487913511,,,,,,,,,-0.03204178015618775,False,0,,
1003885,STC,Stewart Information Services Corp,Financials,Specialty Insurance,screen,1563012980.0,1425617980.0,-0.30020437538811917,-0.33511707662896073,2023-10-01,0.0,ev_ebitda,46,0,0.09095951664589046,0.09551920985630653,4.128147941932915,4.053212078588651,-0.4898287232091627,0.06584345735309194,0.0948233109338732,0.18422637566534283,0.07258086743130421,0,-0.07325194290341186,0.022348326988280043,2.0,0.23330059579104903,0.22579559349880815,1.0559187975202053,0.047212592520478935,False,1,,
1000925,STE,STERIS PLC,Health Care,Health Care Equipment,pipeline,20494386000.0,20291086000.0,-0.1418711079846,-0.21155807795425785,2023-10-01,0.2,ev_ebitda,60,0,0.3046218511766444,0.191877956887972,10.445548210985507,9.866325864395138,-0.11221992700938888,0.06872050838765298,0.10549355440490538,0.016527255197980928,0.0579719751897414,0,0.015724433585027286,0.0003970069276166832,6.0,0.056876361449156025,0.06683361211624816,0.600057217008154,-0.0035742577060760006,False,0,35.833333333333336,606
1004911,STEP,StepStone Group Inc,Financials,Asset Management & Custody Banks,screen,5628678444.34,5698409444.34,-0.3111776777254345,-0.41279886734787397,2023-10-01,,,,,,,,,,0.19681185968832482,,0.11054054336659402,,,,0.050813245875187985,,,,,0.03131011421317109,False,0,,
1005415,STGW,Stagwell Inc,Consumer Services,Advertising,screen,2080381680.0000002,3421020680.0,0.4458259325044407,-0.12941176470588223,2023-10-01,0.875,ev_ebitda,48,0,0.19098790286029738,0.13602638481595872,6.517911340058943,5.667673022130157,2.7637568182346874,0.06903639026010122,0.09160907928493622,-0.04854418442570596,-0.022567824028989047,0,0.022795438604213514,0.006093292820315455,5.0,0.13607590076933798,0.18471723605053986,0.5393578298094723,-0.042142010031662513,False,1,33.90845070422535,686
1001027,STLD,"STEEL DYNAMICS, INC.",Materials,Iron & Steel,screen,32702146470.0,36316580470.0,0.6064546556296453,-0.21260400041492877,2023-10-01,0.48333333333333334,ev_ebitda,60,0,0.1878701731183068,0.16891289643002974,7.92866398472468,8.84180015511358,0.9970851276114977,-0.004838193620918085,-0.0008742164682268294,0.18875535312478986,0.39859945814068176,0,0.07947165147053292,0.029480871424961475,9.0,0.12227557618039138,0.10918027865233938,0.872993562442118,-0.03887769373416439,True,1,58.39201877934272,105
1006648,STMP,Stamps.com Inc,Consumer Services,Movies and Entertainment,screen,,,,,,,,,,,,,,,,,,,,,,,,,,,False,0,,
1004325,STNE,StoneCo Ltd,Technology,Payment Processing,screen,2311554196.98,3872188868.9081955,-0.4021202103755266,-0.4190181489312029,2023-10-01,0.03333333333333333,ev_ebitda,60,0,0.5952734096856412,0.4117837603892627,2.229256588593526,2.2013747770886325,0.9278901282716981,0.030688023408850462,0.022508083361702624,-0.07632952731154397,-0.10593470882616951,0,-0.044268910097085,-0.01845349517147621,3.0,0.16308510028926032,0.15300076034189072,0.21703106028895316,-0.118543342279252,False,1,48.720657276995304,208
1000293,STNG,Scorpio Tankers Inc.,Energy,Oil & Gas Storage & Transportation,screen,4593161426.1,3483254426.1000004,0.5300260912720169,-0.04723961297666468,2023-10-01,0.6333333333333333,ev_ebitda,60,0,0.5594990152613599,0.2351073761579322,7.295683217393425,7.884316988071508,-1.5253413640494953,-0.163932513249766,-0.2598970204146037,-0.11015958665717984,-0.12082858883036507,0,-0.08784447911366966,-0.05192592047094535,7.0,0.049589879583712373,0.034524464749253705,0.4770737635836857,0.023224591218111268,False,0,,
1004540,STOK,Stoke Therapeutics Inc,Health Care,Biotechnology,screen,1717125448.95,1425144448.95,0.1063829787234043,-0.3220338983050848,2023-10-01,0.7166666666666667,ev_sales,60,0,-5.849164603493096,-5.961741806099897,-5.511283870378378,-10.010733112390726,,1.063148539070263,,-0.026693638247344165,0.35374748223990893,,,-0.013846321514430104,9.0,-0.14770036816943494,-0.08610124680689397,0.9807933170845695,0.1303851433980603,False,0,,
1000926,STRA,Strategic Education Inc,Consumer Services,Educational and Vocational Training Services,screen,1712579440.0000002,1690540440.0000002,-0.06944697674065647,-0.3283713917391837,2023-10-01,0.0,ev_ebitda,60,0,0.24383891865609444,0.1917770999619698,5.179770088983132,4.717383504780472,-0.07727297672023763,0.03814054042179982,0.11316834062728232,-0.029976803434364596,0.006468997367792051,0,0.011196016618131077,-0.002406477381861949,3.0,0.15261090069782726,0.17265256793815797,0.8007947195148921,-0.04927207062598715,False,1,50.05868544600939,178
1003503,STRL,Sterling Construction Company,Industrials,Construction & Engineering,screen,15730952160.0,15550376160.0,0.44777437588318403,-0.5051220641214,2023-10-01,,ev_ebitda,21,,0.23229591841027689,0.21201596785274937,13.441982698368342,11.06160634170449,-0.22355812237117884,0.20014454511678115,0.24382095813984872,0.5784710615641404,0.6502872674100195,,,,8.0,0.06701634285812653,0.08465684358758165,0.9112932799483652,-0.0004721825306337468,False,0,48.532863849765256,209
1000927,STT,STATE STREET CORP,Financials,Asset Management & Custody Banks,screen,49079046440.0,-69962953560.0,0.5437089214933415,-0.10125604859466686,2023-10-01,,,,,,,,,,0.05252309916195652,,0.12336338354803988,,,,0.02966120830295682,,,,,-0.03906269136683349,False,0,,
1005897,STUB,"StubHub Holdings, Inc.",Consumer Services,Out-of-Home Entertainment,screen,2116994367.02,1820214367.02,-0.668646080760095,,2025-09-17,,ev_ebitda,29,,0.23597110513593006,0.2618941835399596,3.4746414190590924,2.824722064306905,-0.8066062240240792,0.09366687777325211,0.249196079647928,-0.4371441527178176,-0.6515953712997508,,,,9.0,0.25723244619268054,0.30897150152853736,1.0395201319150573,0.13664214315374212,True,1,86.4906103286385,2
1000928,STWD,"STARWOOD PROPERTY TRUST, INC.",Financials,Mortgage REITs,screen,5033956020.0,23548977020.0,-0.2166376730115599,-0.28331657947490085,2023-10-01,,,,,,,,,,0.11495355244064598,,0.14218554181634246,,,,-0.034684050020897916,,,,,0.07081960061069337,False,0,,
1000125,STX,Seagate Technology Holdings Plc,Technology,"Technology Hardware, Storage and Peripherals",screen,219372240000.0,221048240000.0,2.9302575326897378,-0.15566383145666152,2023-10-01,0.7833333333333333,ev_ebitda,60,0,0.5652971039779735,0.48487816348638707,20.908154875734898,12.926765560128361,0.2696433909640836,0.46535713813330726,0.9021805461875712,0.6147319328592322,1.6721230112417622,0,0.2472102189100227,0.11753923692429158,11.0,0.040836551526020164,0.06717563575930971,0.8473432565336416,0.03783696953144622,False,0,42.14788732394366,379
1000155,STZ,"CONSTELLATION BRANDS, INC.",Consumer Goods,Brewers,screen,19480266930.0,29917466930.0,-0.13593244233389046,-0.5628168173664958,2023-10-01,0.0,ev_ebitda,60,1,0.37213011667918916,0.27577704453493207,8.83753502465942,8.539145359982859,3.084719376190072,0.007860458491810052,0.01796447255240463,-0.00919614489453191,-0.05662212912567921,0,-0.009741190463126492,0.000689353329709208,15.0,0.1099638389843296,0.13424118338382376,0.6327776410329511,-0.023130901609411114,False,2,34.11971830985915,678
1000930,SUI,SUN COMMUNITIES INC.,Financials,Residential REITs,screen,13970000000.0,17857000000.0,-0.10924557998020756,-0.1725372376231511,2023-10-01,0.15,ev_ebitda,60,0,0.4867572198576371,0.3552455048525087,18.050543394334824,17.33620867589126,4.070212683936133,0.012855641583132238,0.04541241410025765,-0.16864547659036533,-0.11744779454428855,0,-0.029298728151293196,-0.07212211598345797,11.0,0.04252224710826043,0.03990224710798324,0.6004742590094863,-0.008294346853922718,False,0,,
1000931,SUN,SUNOCO LP,Energy,Oil & Gas Refining & Marketing,screen,10266776813.820002,22807776813.82,0.5501479600063084,-0.08878329373515059,2023-10-01,0.1,ev_ebitda,60,0,0.08060936856184875,0.05519919710244853,5.956673032684841,5.613370876290796,3.797411194862104,-0.0034854795941556826,0.04517234738890652,0.7143872473598751,0.7637087893425207,0,0.04672702638389481,0.05072318862291181,3.0,0.17367992021407097,0.19633252307508753,0.4656981787279002,0.12288046296270516,False,1,36.490610328638496,570
1001141,SUNB,"Sunbelt Rentals Holdings, Inc",Industrials,Equipment Rental and Leasing,screen,30998955491.43,39522955491.43,0.12459260254284343,-0.1369836518796862,2023-10-01,0.6166666666666667,ev_ebitda,60,0,0.41752156497622883,0.20094254429182068,7.81639882115416,7.151096444721631,1.7622194885814235,0.08084920798258399,0.08706297494211146,0.03507647458209062,-0.07156516505648525,0,0.019368535452141344,0.022280717776711256,11.0,0.06466848969445325,0.07520425441540955,0.39645789990970043,-0.021264696619056944,False,0,35.43427230046949,624
1005782,SUNN,Sunrise Communications AG,Telecommunications,Telecommunication Services,screen,3469911738.1137958,9618654884.517748,,,,,ev_ebitda,29,,0.40387640149119686,0.25436862600015486,6.725012961896835,6.694520810072859,4.3083656133643204,0.00034424585964321075,0.004464734519100677,-0.007112241049260559,-0.015517612362713762,0,-0.008096319801703333,-0.0039129047428991814,3.0,0.20337858333041905,0.17594375458661438,0.49340373083183103,,False,1,28.039906103286384,919
1000932,SUPN,SUPERNUS PHARMACEUTICALS INC.,Health Care,Pharmaceuticals,screen,2449408544.04,2087637270.04,-0.09939317848922369,-0.24491228070175441,2023-10-01,0.0,ev_ebitda,60,0,0.2615996180600341,0.19408093890048086,5.838636125846888,4.473139374918696,-1.5099553882248442,0.3184412860886974,0.4061211753972407,0.44699908400131916,0.14116583725507792,1,0.1733940112485508,0.3401697393940224,3.0,0.10864796238445759,0.18940504656222518,0.7442848564955221,0.019442083314288094,True,2,87.00704225352112,1
1003135,SVC,Service Properties Trust,Financials,Hotel & Resort REITs,screen,815901450.0,5521710450.0,-0.5143792626110197,-0.8316315735105613,2023-10-01,0.35,ev_ebitda,60,0,0.33818687415744836,0.25413196831141727,10.556904559398545,10.911156524028835,9.077348854279297,-0.009109137629929265,-0.001748613522586595,-0.029489520588617757,-0.0841787215565909,0,0.003883123101837027,0.010909714909252077,2.0,0.06726253794007624,0.22243794421067187,0.1049237782946555,0.7835431422848169,False,0,,
1003551,SVRA,Savara inc,Health Care,Biotechnology,screen,1279260100.095,1136335100.095,0.4453781512605044,-0.25648414985590784,2023-10-01,0.3,ev_sales,50,0,-0.9545299169600869,-0.0,-14.766059955944456,38.44805948265438,,8.474063744121585,,0.06017593834167001,0.33447160474799076,,,-0.033349079279373806,4.0,0.003954823699756659,0.0029903104080844455,-0.06574219320161627,0.1350066305449238,False,0,,
1005554,SVV,"Savers Value Village, Inc.",Consumer Services,Broadline Retail,screen,1471702750.0,2093827750.0,-0.30490566037735845,-0.5614285714285714,2023-10-01,0.08888888888888889,ev_ebitda,45,1,0.1564825278799815,0.07618714859724991,6.970081472624549,6.221913473222114,2.348116783947388,0.07044533157849608,0.12050815862124375,-0.00036329448013172616,-0.067971249967551,0,0.002750409076068383,0.002987449442404033,8.0,0.0664325427449924,0.10224390342135625,0.3254601949702397,-0.022133723563485974,False,1,32.570422535211264,742
1005714,SW,Smurfit WestRock Plc,Materials,Paper Packaging,screen,22575465960.32,36062465960.32,0.07996351039153593,-0.17355647381332762,2023-10-01,,ev_ebitda,34,,0.174427476722844,0.09163724060917876,6.070629147270282,5.729667683509388,2.7153973697976714,0.04080525326146511,0.12465121251071198,0.018024567699804983,-0.013613986915354426,0,0.049679592708327114,0.01642174053835488,12.0,0.10783726077582369,0.12807331203634578,0.4098112277883223,0.16215348828756304,False,1,38.039906103286384,513
1000933,SWK,STANLEY BLACK & DECKER INC,Industrials,Machinery Tools and Components,screen,13496554320.0,12957854320.0,0.2429796518021372,-0.14075974689497617,2023-10-01,0.16666666666666666,ev_ebitda,60,0,0.12673951619093063,0.10709003506098841,6.606760931440095,6.117340697796535,-0.30282283723085796,0.029057182178308327,0.07775388909465852,-0.06680499841480247,-0.12357676873570245,0,-0.005336687520692385,0.0006169424944661994,11.0,0.10590393526078158,0.1115105836133034,0.7287700295999878,-0.0011247325838684707,False,1,46.9131455399061,250
1003756,SWKS,"Skyworks Solutions, Inc.",Technology,Broadline Semiconductors,screen,12590424000.0,12273524000.0,0.14641701945234775,-0.23556042033355762,2023-10-01,0.8166666666666667,ev_ebitda,60,0,0.30166226866264156,0.2342946587473029,10.001059761274133,8.867891868789878,-0.27069464708701296,0.055896347023434156,0.08738156672046138,0.05704887466762165,0.016991981402181278,0,-0.03329528985636643,-0.0035629650932230694,10.0,0.07333249981824774,0.08096937159878331,0.7523390283838367,-0.03205086709861349,False,0,44.471830985915496,317
1000934,SWX,"Southwest Gas Holdings, Inc.",Utilities,Gas Utilities,screen,5941090400.0,9180431400.0,0.07141697290625548,-0.12059829972835212,2023-10-01,0.18333333333333332,ev_ebitda,60,0,0.44615062411133954,-0.29738091198870475,9.386277156819395,8.418278855088767,3.6734762641305374,0.06831780442566493,0.09624045199224174,-0.13952864916183672,0.0514396021837733,0,0.04784233973545016,0.04805792251553265,1.0,-0.1515216180854612,-0.24744567768073605,-0.9203882046748546,0.003963985783963064,False,0,,
1003729,SXI,Standex International Corp,Industrials,Industrial Machinery and Equipment,screen,3455939520.0,3795155520.0,0.2951495671530866,-0.23578926404018874,2023-10-01,0.45454545454545453,ev_ebitda,44,0,0.23183318547237236,0.14226300300992353,17.162252358721663,15.032605231730829,1.6863037992613452,0.08002056721110162,0.1397975969191949,-0.009744775911196601,-0.07354611786700771,0,-0.03083894325821923,0.015319645315509334,4.0,0.031442752235596894,0.04941946248969823,0.49139574708337536,0.006948306753190803,False,0,,
1006767,SXT,Sensient Technologies Corp,Materials,Industrial Chemicals,screen,5490725519.999999,6223602519.999999,0.41466349266557834,,2025-07-28,,ev_ebitda,10,,0.20035953152949798,0.07343747896053998,14.831426942568187,11.725160720339327,2.1539120844767305,0.18072831794654198,0.2239941742847673,0.07765933197725272,0.10962141908454215,,,,2.0,0.020417949863097088,0.05404076533388637,0.2671670873965266,0.004927893326500898,False,0,,
1003366,SYBT,"Stock Yards Bancorp, Inc.",Financials,Diversified and Regional banks,screen,2366574560.0,,0.12159769061074654,-0.1206195779725292,2023-10-01,,,,,,,,,,0.06681747962555029,,0.1372208740125238,,,,,,,,,0.019567162897038193,False,0,,
1000935,SYF,SYNCHRONY FINANCIAL,Financials,Consumer Finance,screen,23891491000.0,24130491000.0,0.015514375119688673,-0.1877812406513254,2023-10-01,,,,,,,,,,0.05279114185832268,,-0.020876818534144248,,,,-0.008746841056633925,,,,,-0.09355473438415429,False,0,,
1000112,SYK,STRYKER CORPORATION,Health Care,Health Care Equipment,screen,105389579999.99998,116855579999.99998,-0.24678485083006163,-0.3105993041902372,2023-10-01,0.0,ev_ebitda,60,0,0.2924631746257833,0.2294708686438793,13.53673974286933,12.300927254094768,1.5015125058306964,0.08248029764925913,0.10173108038811574,0.004053676721669008,-0.0007724500080852348,0,-0.007195972361384473,-0.0038286903247449766,18.0,0.06047571518863627,0.06812808634843301,0.7383177521335069,0.0007507346738988563,False,0,34.870892018779344,650
1005408,SYM,Symbotic Inc,Industrials,Industrial Machinery and Equipment,screen,26068807930.260002,24747558930.260002,-0.2194805194805195,-0.518098510882016,2023-10-01,0.2222222222222222,ev_ebitda,54,0,0.1386645673025171,0.14629489387133765,49.54590029418397,32.641018196080076,-4.0662059447065415,0.2687663338595929,0.5286476397981095,0.03877764061159272,0.04514321728290893,0,0.002818070937193662,0.0002463827283794018,12.0,0.02208305918059667,0.027133933883021828,1.1525393602481528,0.017491166791130164,True,0,72.10093896713614,44
1003198,SYNA,"Synaptics, Incorporated",Technology,ICs Semiconductors,screen,4320305000.0,4275505000.0,0.48368451858355277,-0.31290235142644174,2023-10-01,0.48333333333333334,ev_ebitda,60,0,0.21676729107547685,0.17304401561491436,15.35082401328481,12.452954250869569,-0.17234125146118429,0.0785916558543116,0.1635442074272706,-0.01307103293123646,-0.016892367096203453,0,0.0016069951671140448,-0.014670000816841333,2.0,0.0504803459258541,0.0691568485161746,0.7830346929442422,0.011271489358281483,False,0,44.3075117370892,321
1003216,SYRE,"Spyre Therapeutics, Inc.",Health Care,Biotechnology,screen,7619718089.55,6475662089.55,4.312052505966586,-0.18261109070877712,2023-10-01,,,,,,,-17.7562503612717,-15.303298121707963,,,,0.0,0.4562574838711486,,,0.0,9.0,0.004550095725951044,0.00550350746126043,-0.09506628410284586,0.36739007489811715,False,0,,
1000156,SYY,Sysco Corporation,Consumer Services,Food Distributors,screen,37347644817.56,49077644817.56,-0.02633056008839907,-0.13264213888099186,2023-10-01,0.18333333333333332,ev_ebitda,60,0,0.053989078667093904,0.043642305453622826,10.147861672431107,9.700774307010535,2.605816786040312,0.04243362538601181,0.07387773739910042,0.009600548029761624,0.012134256528770981,0,0.011774330168507818,0.010159781918469113,10.0,0.08651918752183328,0.0950841604027563,0.6681384693059341,-0.022600916435065566,False,1,29.98826291079812,855
1000153,T,AT&T INC.,Telecommunications,Telecommunication Services,screen,168857260000.0,295241260000.0,-0.09530974263922809,-0.1414284538462266,2023-10-01,0.36666666666666664,ev_ebitda,60,0,0.3788416608766012,0.20646886334248887,5.900912560164142,5.632043898686205,2.649050902574775,0.021082477609399186,0.043340830536277686,0.02197691668973989,0.010185603657855369,0,0.001884157166448741,-0.0029591423413979356,19.0,0.11582977593944081,0.13013820547457808,0.3909147731564678,-0.022642553851814795,False,1,35.293427230046944,633
1006647,TA,TRAVELCENTERS OF AMERICA LLC,Consumer Services,Automotive Retailers,screen,1298565600.0,,,,,,,,,,,,,,,,,,,,,,,,,,False,0,,
1004251,TALO,Talos Energy Inc,Energy,Oil & Gas Exploration & Production,screen,2830214400.0,3481391400.0,0.7028154327424398,-0.10911074740861981,2023-10-01,0.18333333333333332,ev_ebitda,60,0,0.63435973384704,0.3354981126628614,2.4372018630321133,2.395578733225039,0.46626396240041407,-0.011516360447147878,-0.0032200870667190573,0.2754517761443436,0.3347693769321749,0,0.14301342495627511,0.14774097706710276,5.0,0.2115128511826392,0.23818822886503746,0.41907788662484446,-0.020351581189261392,False,1,51.98356807511737,150
1000936,TAP,Molson Coors Beverage Co,Consumer Goods,Brewers,screen,6965547000.0,12547047000.0,-0.15769344749671643,-0.4191958096604349,2023-10-01,0.016666666666666666,ev_ebitda,60,0,0.18984938163550477,0.1308539090788023,5.961091592555863,5.947332085704144,2.5750169148002175,0.0015581441777794414,-0.0020785937918011976,-0.025466124442157234,-0.0927794515398831,0,0.03145402188784607,-0.008822866708047772,12.0,0.1695916714823806,0.173877540182922,0.5612340575200505,-0.05597546171719936,False,1,31.068075117370892,813
1004888,TARS,Tarsus Pharmaceuticals Inc,Health Care,Biotechnology,screen,3274484300.7799997,3142651300.7799997,0.3227326266195525,-0.13406036571932145,2023-10-01,0.2833333333333333,ev_sales,60,0,0.0625439986687168,0.040167777569962836,55.97587954547571,14.639246170029919,,0.21878534115872772,,0.10362870725476703,-0.7144073548765617,0,-0.6157553843752894,0.007998668177810808,5.0,0.013141779339154577,0.060511172510620825,0.7664817417174955,0.09841446888174454,True,0,,
1003447,TBBK,Bancorp Inc,Financials,Diversified and Regional banks,screen,2045406190.3999999,,-0.3569234877820804,-0.4005476723923327,2023-10-01,,,,,,,,,,,,-0.3094275720589794,,,,,,,,,-0.09560163274065026,False,0,,
1005115,TBLA,Taboola.com Ltd,Consumer Services,Advertising,screen,967424451.24,906372451.24,-0.014662756598240567,-0.3978494623655914,2023-10-01,0.1,ev_ebitda,60,0,0.3025497880896983,0.24883985290138513,3.7409636845343095,3.345594833132966,-0.26778587860029057,0.06663339773862842,0.08029186374798414,0.04615594271577761,0.01163385811455142,0,-0.043096739904269654,-0.02062431936453002,5.0,0.2006544964421296,0.21386644331979496,0.8012033406726732,0.002685719265823616,True,1,80.55164319248827,6
1000937,TCBI,TEXAS CAPITAL BANCSHARES INC,Financials,Diversified and Regional banks,screen,4106617450.8,,0.10492831069319752,-0.13484468753835632,2023-10-01,,,,,,,,,,0.0679522230053391,,0.0070750469923339665,,,,-0.006724246971034908,,,,,-0.03202811856658838,False,0,,
1003283,TCBK,TriCo Bancshares,Financials,Diversified and Regional banks,screen,1663121569.1999998,,0.18630264480509395,-0.1636532986669157,2023-10-01,,,,,,,,,,,,0.039558174764843246,,,,0.003448976280541416,,,,,-0.016031470572561712,False,0,,
1000690,TDAY,"USA TODAY Co., Inc.",Consumer Services,Publishing,screen,1369265820.0,2232802820.0,0.5230024213075062,-0.30343300110741966,2023-10-01,,ev_ebitda,33,,0.13403161466301153,0.09861186251333985,7.791935778896994,7.442918313902064,3.171172780737162,-0.01693884880550378,0.04371996985273485,-0.02602503871922779,-0.03398863432051469,0,-0.049519884441232453,-0.014543058027304712,5.0,0.09766538659475234,0.10406565881024084,0.4666845605616793,0.17049810052761205,False,1,22.5,1042
1000164,TDC,TERADATA CORPORATION,Technology,Application Software,screen,2878304000.0,2563304000.0,0.3407717340771732,-0.41130843029189634,2023-10-01,0.11666666666666667,ev_ebitda,60,0,0.2872141990213759,0.28043595178507447,5.346832321129545,5.106939429728777,-0.6931717913590865,0.018526628420362456,0.0462144125731474,0.003381558620674907,0.026833243153112196,0,0.0016248885683831649,-0.007519740528570185,6.0,0.15617219327325826,0.1760359984251551,0.9376414983516717,-0.008081024740599907,False,1,52.359154929577464,146
1000220,TDG,TransDigm Group,Industrials,Aerospace & Defense,screen,62981576000.0,93693576000.0,-0.17861640946267887,-0.2861430605368117,2023-10-01,0.0,ev_ebitda,60,0,0.5281049166849807,0.4799504951962424,15.372275027866799,14.141826053429979,5.555389533960155,0.08625571856497016,0.09488000747810155,0.11127060464340288,0.07969306614071825,0,0.015328580775582745,0.015243306539612034,17.0,0.05529374667744044,0.06437500675718551,0.5713705781732332,-0.0009082470286724265,False,0,23.908450704225352,1026
1002934,TDOC,"TELADOC, INC.",Health Care,Health Care Services,screen,1026417442.68,1248769442.6799998,-0.2496765847347996,-0.7375565610859729,2023-10-01,0.21666666666666667,ev_ebitda,60,0,0.12076896555112489,0.12116266234480215,4.346934849413057,4.072653896511596,0.7936176057163573,0.0028243315059539587,0.04670521090146784,-0.08193098885977712,-0.09430793387668068,0,-0.029866801843383195,-0.06584722834154311,18.0,0.2825814930234602,0.28628169370287265,1.0096447869808438,0.030585294280341735,False,1,43.016431924882625,350
1000940,TDS,TELEPHONE & DATA SYSTEMS INC,Telecommunications,Telecommunication Services,screen,4093443200.0000005,2579519200.0000005,-0.1320857838555548,-0.285111914685211,2023-10-01,0.13333333333333333,ev_ebitda,60,0,0.44903222815744875,-0.20999063153216418,4.567415148753758,4.365470114242066,-2.3081993708652764,0.02667702871972133,0.021763690309029027,-0.013610721863551722,-0.02854998979426271,0,0.01808449965806025,0.004091687798261967,2.0,-0.0714887550380727,-0.07203807633769493,-0.5181532490867098,0.010635493545845032,False,0,,
1000941,TDW,TIDEWATER INC,Energy,Oil & Gas Equipment & Services,screen,4109986160.0000005,4149645160.0000005,0.5207200450028127,-0.25480106588256923,2023-10-01,0.4444444444444444,ev_ebitda,45,0,0.44012380608265267,0.36480036406987976,5.51915933844961,5.171625378404863,0.06997568995004942,0.1144046347247718,0.1831916247083487,0.25320783844217787,0.4428770344451707,0,0.03504667987480947,0.01884536134490644,4.0,0.13732271548995303,0.1543585680208211,0.7506624867958007,-0.02871369458313544,False,1,31.748826291079812,778
1000942,TDY,Teledyne Technologies Incorporated,Industrials,Aerospace & Defense,screen,28735630000.000004,30422430000.000004,0.03544126680772641,-0.1222190076667149,2023-10-01,0.6666666666666666,ev_ebitda,60,0,0.284024768567623,0.2528851694231022,15.443050721517777,14.704913450307316,0.9204544490173939,0.05199244336486197,0.05149413870511266,0.03159134705089417,0.0385508232351921,0,0.025917959024503556,0.0233818843585758,9.0,0.05966588834727859,0.0634878401252742,0.8703341637808609,-0.007349144578898126,False,0,28.462441314553992,902
1005160,TE,T1 ENERGY INC.,Technology,Solar Energy Solutions,screen,1044881170.0,1012099170.0,0.7706422018348622,-0.6794019933554818,2023-10-01,,ev_ebitda,23,,0.18008662318383745,0.055610272058948286,4.211790576795549,2.757821441259211,-0.990735482141142,0.2585903709901525,1.2749129131145431,-0.35771501605026657,-0.3656537889703029,0,-0.006590576221732536,0.029702421144014668,4.0,0.029504051473986628,0.12682249302264936,0.1282898388780632,0.4187502936716201,False,0,,
1002919,TEAM,Atlassian Corp.,Technology,Application Software,screen,48123004090.0,47873052090.0,0.12266750156543527,-0.4448194711091844,2023-10-01,0.21666666666666667,ev_ebitda,60,0,0.2683299055968593,0.30919315854686064,23.998477199573845,19.820245941522945,-0.11897449737806269,0.13989662342226294,0.06309932124353446,0.015125809816519231,0.022166198431181394,0,-0.10668872745527591,0.0044895558955151404,23.0,0.047405446128997,0.05705232044623916,1.1435983946629193,0.0009441782630124074,True,0,67.78169014084507,70
1003115,TECH,BIO-TECHNE Corp,Health Care,Life Sciences Tools & Services,screen,11368610000.0,11303898000.0,0.31009394877292773,-0.12928732289382516,2023-10-01,0.5,ev_ebitda,60,0,0.35478873026614494,0.3156903111080978,25.140766703336947,21.760408066850054,-0.14920941214968111,-0.004061763982093347,0.10136119918115294,-0.05332885204499538,-0.06901787660868697,0,-0.0030791745997269526,0.0037638465342926253,4.0,0.03533991260886139,0.03957567454387645,0.8935587819299139,-0.011817530100038831,False,0,32.875586854460096,728
1000049,TEL,TE Connectivity Plc,Technology,Electronic Components,screen,63809540000.0,68202540000.0,-0.024808319055220407,-0.14106720290846797,2023-10-01,0.18333333333333332,ev_ebitda,60,0,0.27199982485208807,0.21188989919112733,11.554195660939019,10.722404078431335,0.8296460573613422,0.07992759038330388,0.0961967335861853,0.09883994138006047,0.18072695560259433,0,0.02434044853524009,0.021997421997955957,12.0,0.07127455568404972,0.07728788348338911,0.7704763300490262,-0.02447663356473495,False,0,33.744131455399064,691
1005718,TEM,"Tempus AI, Inc.",Health Care,Life Sciences Tools & Services,screen,13953370500.0,13325308500.0,0.014744145706851786,,2024-06-14,,ev_ebitda,27,,0.0774443649906197,0.04282395512342846,87.6833649979945,46.309733057722035,-13.550850216588342,0.21644732662551092,1.117162207633509,0.023541248731159703,-0.34256417394792393,1,0.10245024844557094,0.012723437946923877,11.0,0.0022506100808842816,0.010050577021516089,0.20664234508833326,0.23002911282784377,True,1,,
1004232,TENB,Tenable Holdings Inc,Technology,Systems Software,screen,4108162480.0,4229054480.0,0.24794238683127579,-0.29870880709192527,2023-10-01,0.21666666666666667,ev_ebitda,60,0,0.2628484720508195,0.28687804814071166,13.924271245394692,12.319969988421809,0.4552174518331624,0.06685410464512609,0.11576461976698127,0.008791015872912977,0.034874514745328655,0,0.0043880822559736465,0.005235106586684468,15.0,0.07697486871476722,0.08880407257468581,1.0411798715135583,-0.026805596738674664,False,0,41.936619718309856,384
1000192,TER,"TERADYNE, INC",Technology,Semiconductor Equipment,screen,65567172470.0,65312470470.0,1.91838531639721,-0.17108137691686287,2023-10-01,0.8,ev_ebitda,60,0,0.38912122062181803,0.2892491133347516,26.99636760444126,20.027451537072178,-0.1624318198532225,0.21742409401395046,0.3400755645748361,0.5909680298995437,1.031094437001999,0,0.19114098439756666,0.13514304100241503,4.0,0.027718704622888213,0.04004664541723647,0.7512225358523233,-0.0175719892875561,False,0,37.382629107981224,544
1001063,TEX,TEREX CORPORATION,Industrials,Construction and Mining Equipment,screen,6274148000.0,8550148000.0,0.03738566795906717,-0.2929051117256375,2023-10-01,0.5333333333333333,ev_ebitda,60,0,0.13696941231795284,0.09871122959312402,7.088469508259193,6.412421091353808,2.428118668347914,0.06918523041383917,0.14450193199100125,0.47510100167864455,0.5266586199211436,0,0.047293415940600436,0.03779020371670838,9.0,0.11013226861778536,0.14373264740081285,0.5728595897223909,0.27827752246883053,False,1,41.1150234741784,419
1000435,TFC,Truist Financial Corp,Financials,Diversified and Regional banks,screen,57342771200.0,87915771200.0,0.056067018012752934,-0.14478579973687666,2023-10-01,,,,,,,,,,0.03651452036675873,,-0.015600920763290671,,,,-0.014803865827855645,,,,,-0.043434129589322135,False,0,,
1003367,TFIN,"Triumph Financial, Inc.",Financials,Diversified and Regional banks,screen,1476198355.17,,0.19884092725819347,-0.45542846768336964,2023-10-01,,,,,,,,,,0.08913535447376453,,0.006724604907453191,,,,,,,,,0.006126131377253818,True,0,,
1000944,TFX,TELEFLEX INC,Health Care,Health Care Equipment,screen,5505962600.0,8013812600.0,0.03327460309297536,-0.5006340647804279,2023-10-01,0.48333333333333334,ev_ebitda,60,0,0.27164501285209103,0.21234385051450566,12.463930826999544,11.63565281403782,4.721540576993065,0.04500391249093649,0.1597619448846035,-0.3857819480152066,-0.41359290690816175,0,-0.02600527503969796,-0.013666728315693932,10.0,0.08110525634841484,0.08692851550360604,0.6945413486598739,-0.04309009552224308,False,1,27.5,941
1001291,TGT,TARGET CORP,Consumer Services,Hypermarkets & Supercenters,screen,71517258000.0,81463258000.0,0.8175578087720821,-0.07769733356877973,2023-10-01,0.4666666666666667,ev_ebitda,60,0,0.08395152216220779,0.040383480230743285,8.801255923408533,9.16604730504757,1.1521519552854678,0.0435142110997504,0.09657474434936009,0.027786931564490525,0.19794193854220876,0,0.14124215407260232,0.01249305116789201,25.0,0.05635076629366771,0.05459642867493695,0.4354051442725699,-0.007809653683614304,False,0,32.147887323943664,767
1003508,TGTX,TG Therapeutics Inc,Health Care,Pharmaceuticals,screen,8433452797.0,8626591797.0,0.544083044982699,-0.055536742295970165,2023-10-01,0.1282051282051282,ev_ebitda,39,0,0.4131252790865432,0.2499369273944322,15.759550911230976,12.448374862459643,0.9197311739635999,0.302867275385567,0.7036570278815284,0.20315636633450107,0.47528518563264255,0,0.1951124903530166,0.08191691173424509,3.0,0.0338185819590892,0.06023570615073282,0.5210332048427744,-0.007514697751883848,False,0,,
1004514,TH,Target Hospitality Corp,Consumer Services,"Hotels, Resorts & Cruise Lines",screen,2052391219.2,2094603219.2,1.325471698113207,-0.08065268065268072,2023-10-01,0.5333333333333333,ev_ebitda,60,0,0.3587448616186071,0.23712182669940557,7.869607506206638,6.755622254477695,0.4417825604734874,0.37659954684578634,0.6817540649801981,1.0657220379389893,2.1989160737538493,,,,6.0,0.07825731887958275,0.10744254910282694,0.6034432290496564,-0.006265977885241192,False,0,,
1000109,THC,Tenet Healthcare Corporation,Health Care,Health Care Facilities,screen,21324337080.0,32402337080.0,0.258668242710796,-0.08978879509919147,2023-10-01,0.8833333333333333,ev_ebitda,60,0,0.21789774869387177,0.18651468510691094,6.618060868281677,6.305120969722718,2.283768200697754,0.026774705985062264,0.01939841368777162,-0.0236935020473773,0.01514821002792921,0,0.0400319616598519,0.00637980603831223,16.0,0.1593274834988607,0.1607359098371722,0.6939379793816058,-0.07669237089838665,False,1,39.683098591549296,464
1003315,THG,"The Hanover Insurance Group, Inc.",Financials,Property & Casualty Insurance,screen,7723064000.0,8300964000.0,0.20236414988532414,-0.08035906025855777,2023-10-01,,,,,,,,,,0.04354812487213655,,0.0019415631268335787,,,,-0.0017798990110537982,,,,,-0.012453821021855771,False,0,,
1000945,THO,THOR INDUSTRIES INC,Consumer Goods,Leisure Products,screen,3592474638.45,3978445638.45,-0.3177773790851016,-0.433814819612774,2023-10-01,0.4,ev_ebitda,60,0,0.05750845710530806,0.03269403591493724,7.105788152074209,6.309940977176099,0.7056205219842399,0.029717508498166456,0.07622272876321845,-0.02802836371392714,-0.215466453016242,0,-0.13072136426905057,-0.009623894837255453,10.0,0.07811568834383195,0.10270485621345452,0.5012227814592704,-0.010530016425010391,False,0,44.870892018779344,301
1003395,THRM,Gentherm Inc,Consumer Goods,Auto Parts,screen,1044339193.1100001,1104424193.1100001,-0.022313564298297228,-0.43730990199391695,2023-10-01,0.06666666666666667,ev_ebitda,60,0,0.12623281097731584,0.07204235241160997,5.122348642983531,4.038378049071087,0.34220492809008535,0.07418860466532995,0.24712914822243914,0.10891942840562452,0.22442063018482172,,,,3.0,0.10618689936348122,0.1696498679862956,0.5143345985488911,-0.009565655494193193,False,1,,
1005786,TIC,"TIC Solutions, Inc",Industrials,Research & Consulting Services,screen,1806834839.04,3057158839.04,-0.37490608564988726,-0.4258109040717736,2023-12-28,,ev_ebitda,21,,0.1607414340076649,0.11999250574368055,8.176501097743806,7.468884515024597,3.972322447723962,0.05012474507639042,0.09470992256776767,-0.012134677181563802,-0.09430037644029365,0,0.011543156834542101,0.0112411291106016,5.0,0.10256986632649141,0.12467319450901254,0.4956644152742567,0.33923804269222946,False,1,32.805164319248824,731
1003044,TILE,"Interface, Inc.",Industrials,Building Products,screen,2008297200.0000002,2145662200.0000002,0.19312656464036126,-0.12440531948125821,2023-10-01,0.8333333333333334,ev_ebitda,60,0,0.16332325375008466,0.12403870507967993,8.503405207198883,,0.5636083859338905,,,0.006857165471922055,0.03872479602928092,,,,3.0,0.09067970923619915,,0.7217214717014837,-0.003645959584996694,False,1,,
1006607,TISI,Team Inc,Industrials,Industrial Services,screen,129918620.0,,,,,,,,,,,,,,,,,,,,,,,,,,False,0,,
1003176,TJX,"The TJX Companies, Inc.",Consumer Services,Apparel Retailers,screen,149220030000.0,146087030000.0,-0.07344533486025473,-0.21187896196176692,2023-10-01,0.3333333333333333,ev_ebitda,60,0,0.14112893722662878,0.10989468048950417,16.17875637632126,15.014528309641774,-0.35491414452278136,0.06057124524089841,0.07464501529636314,0.015291769920974252,0.04126273509526812,0,0.006072382577012592,-0.001523440177065738,13.0,0.04800131426989392,0.051505519377200784,0.7932566598921051,-0.013573570432597326,False,0,36.58450704225352,567
1005591,TKO,"TKO Group Holdings, Inc.",Consumer Services,Out-of-Home Entertainment,screen,13356279084.24,16433279084.24,-0.09599873827034933,-0.19146146372444484,2023-10-01,0.0,ev_ebitda,46,0,0.4139894604382982,0.37733715815981644,6.757302306510577,5.902664416334389,1.4528694692271715,0.13350486971733266,0.10146278357358596,0.0164227413140261,0.031649781340835625,0,0.003505435188053463,0.0091976722820577,16.0,0.14719104370825706,0.16292661498522804,0.8083807961268212,0.02501639261584776,False,1,44.659624413145536,309
1000947,TKR,TIMKEN CO,Industrials,Machinery Tools and Components,screen,8340060384.69,10015760384.689999,0.5740958706242221,-0.1944352706874588,2023-10-01,0.7833333333333333,ev_ebitda,60,0,0.19522273929857617,0.15108874129823197,10.252563884707765,9.329822631733716,1.939302120030241,0.033159160791940145,0.10028456517110351,0.037184731438149266,0.07394172419985279,0,0.016942787721576202,0.002625688230509571,11.0,0.0790494685176662,0.09122569566486072,0.6748646927274827,-0.005684264333065681,False,0,34.58920187793427,658
1003187,TLNE,Talen Energy Corporation,Utilities,Independent Power Producers & Energy Traders,screen,14831123359.999998,24165123360.0,-0.2649160750387889,-0.2986497398169746,2023-10-01,,ev_ebitda,34,,0.514916814344071,0.48223974730615693,9.069006551767794,8.271743340167296,5.075398994600692,0.10604125681317855,0.1777559500848387,0.1671290554340117,0.22157005918083184,0,-0.02303999625134956,-0.0194273400521926,12.0,0.1365436647017846,0.1518056763668686,0.7600047403381524,-0.0857108373185218,False,1,34.11971830985915,678
1004519,TMDX,Transmedics Group Inc,Health Care,Health Care Equipment,screen,3201373611.28,3222701611.28,-0.25623885918003564,-0.5261484299585486,2023-10-01,0.15555555555555556,ev_ebitda,45,1,0.1892563707205395,0.07765737197235198,19.428089694793854,13.77454897625369,0.15411627468159422,0.17357636626644224,0.3186835177297409,0.028928659711895177,-0.1709123972797968,0,-0.21592751479391026,0.013290893966075634,8.0,0.01216467210641361,0.025726784691731144,0.23477225510021382,0.06236875480160564,True,1,,
1000075,TMO,THERMO FISHER SCIENTIFIC INC.,Health Care,Life Sciences Tools & Services,screen,242342214000.0,280827214000.0,0.39668916939157994,-0.006709730580774398,2023-10-01,0.8333333333333334,ev_ebitda,60,0,0.26717202585734234,0.21537834456092406,20.869007214685265,19.367264456152746,3.1372431796966103,0.05659746963628853,0.07128815299436186,0.03579864441332936,0.04668806558892258,0,0.00877629373348543,0.0007668084067962155,18.0,0.04222016122814198,0.04544418749137202,0.7603465091276277,-0.015611473143987808,False,0,22.26525821596244,1043
1000252,TMUS,T-Mobile US Inc.,Telecommunications,Telecommunication Services,screen,175058110430.28,256854110430.28,-0.30434840949269726,-0.38875377528063804,2023-10-01,0.0,ev_ebitda,60,0,0.41004011660624406,0.2954631024322602,6.348113331140488,5.969818358010899,2.2411196651053245,0.04376911632649727,0.07331489078253561,0.016994431404648846,0.01455450779100409,0,-0.00016131554532572423,-0.00048451778797875544,22.0,0.13962559347825454,0.15052733478175181,0.604095248585272,-0.04104268958051127,False,1,36.467136150234744,571
1002933,TNDM,TANDEM DIABETES CARE INC,Health Care,Health Care Equipment,screen,1138681500.0,1285262500.0,0.34349258649093883,-0.6947407823320233,2023-10-01,0.016666666666666666,ev_ebitda,60,1,0.09535097832015639,0.059437922549837444,11.344370540383824,7.193325540845493,5.043625552400354,0.11711903179132155,0.8186177649544342,0.002529049823775331,0.0018904519183025048,0,-0.06493075886583377,0.0015966309309507487,17.0,0.053577467479060684,0.10231359755598794,0.5384842598533831,0.028054017245229934,False,1,,
1000315,TNET,TRINET GROUP INC,Technology,Application Software,screen,2983560000.0,3521560000.0,-0.04361284695249046,-0.5159928184550593,2023-10-01,0.21666666666666667,ev_ebitda,60,0,0.08447912479405195,0.07177059247373596,8.320465762815493,,1.2664501187009256,0.06545585527040365,,-0.0992545109742734,-0.1033960784563106,0,0.009814067766021228,-0.004719394569307811,5.0,0.10193305764768983,-0.020495157258045384,0.7185589009083597,-0.040966750678507524,False,1,,
1005212,TNGX,Tango Therapeutics Inc,Health Care,Biotechnology,screen,3664466708.5499997,2682468708.5499997,1.970238095238095,-0.24164133738601823,2023-10-01,0.8166666666666667,ev_sales,60,0,-75.12795537712667,-0.0,-9.095162348172183,-7.343040928728915,,,,-0.7621763812671474,0.33285648319987615,,,0.125,5.0,0.00448058724364796,0.005810010000655511,-0.0556700369624069,0.2026308302831734,False,0,,
1000383,TNK,TEEKAY TANKERS LTD.,Energy,Oil & Gas Storage & Transportation,screen,3526652432.94,2819446432.94,0.9723781674476764,-0.03824811732065003,2023-10-01,0.8666666666666667,ev_ebitda,60,0,0.5565105599231308,0.3893160371767787,6.803668307163952,10.871906661160823,-1.2271718180243707,-0.23720464263537044,-0.37764688137982894,0.2895711330540789,0.5147785769432731,0,0.1212837106300595,0.07568684267927628,3.0,0.06642097350454643,0.05962007527242922,0.565258604055474,0.0016999965921038473,False,0,,
1002938,TNL,Travel + Leisure Co,Consumer Services,"Hotels, Resorts & Cruise Lines",screen,3991664000.0,9419664000.0,0.07575485889484845,-0.20404244271901006,2023-10-01,0.0,ev_ebitda,60,0,0.2615449197112597,0.09607102494040483,8.206956930434467,8.084153841328858,5.144957079628951,0.0390439803524274,0.040332260088842053,0.013478538676209961,0.10215401378532363,0,0.05972800015016455,0.035143778169059336,6.0,0.04667408932549154,0.03585048754179148,0.1623216963966463,-0.05594553689702475,False,0,,
1000340,TOL,TOLL BROTHERS INC,Consumer Goods,Home Building,screen,12878520200.000002,14457244200.000002,-0.017294285599868564,-0.18590497033507658,2023-10-01,0.5666666666666667,ev_ebitda,60,0,0.16743793669576965,0.13813267308799504,7.901863240143123,7.2622620246323155,0.8995389919027267,0.037489801940706835,0.07037872287909264,-0.031139627978750917,-0.10285901473106862,0,-0.015629001201936887,-0.010812473350477525,12.0,0.12214958245882122,0.11806705739704614,0.8598089121594472,-0.047681550501333936,False,1,41.537558685446015,402
1000021,TOST,Toast Inc,Technology,Application Software,pipeline,17245700000.0,15551200000.0,-0.205970966858395,-0.4119675456389452,2023-10-01,0.3050847457627119,ev_ebitda,59,0,0.11865157275434166,0.08970996173069674,14.778474986566497,11.393468561350831,-2.1892912457205744,0.18076461927140297,0.2878943941768539,0.019193270609932922,-0.0100673415298832,0,0.013028119073631883,0.012168911778053237,23.0,0.04901883870088381,0.06882313393012807,0.8033588074211825,0.008119020833405655,True,0,74.63615023474179,22
1003299,TOWN,TowneBank,Financials,Diversified and Regional banks,screen,3316667825.4599996,1951425825.4599996,0.08559507385149234,-0.07310741513349373,2023-10-01,,,,,,,,,,0.05192345403502019,,-0.11442991611407638,,,,-0.004914236297159702,,,,,0.10716604003070773,False,0,,
1003896,TPB,Turning Point Brands Inc,Consumer Goods,Tobacco,screen,1115295179.4,857948179.4000001,-0.4039719053390082,-0.5881745348111255,2023-10-01,,ev_ebitda,21,,0.15221711642649813,0.10361960528667491,8.808946359170639,7.3810412260505025,-2.913657293524899,0.12723121440529095,0.22103202853522852,0.23890830194584267,-0.2814284487068185,0,0.002713273770259761,0.08059627081041887,3.0,0.04372922622602143,0.05649558617135017,0.5007541142845114,0.01749437787211794,False,0,49.02582159624413,199
1000994,TPC,TUTOR PERINI CORP,Industrials,Construction & Engineering,screen,4452078720.0,3241044720.0,0.26249121862859437,-0.16657205920373686,2023-10-01,0.7,ev_ebitda,60,0,0.09053401877229478,0.06480493892907939,4.965047333358961,4.28720846354246,-2.5207558814068247,0.11922662286632102,0.24535295668089807,0.11526888626626364,0.15751405550597442,0,0.020275216557363862,0.033472873854847984,4.0,0.09807425007880238,0.09835088921230631,0.6688923058996583,0.012490063400885543,False,1,47.852112676056336,227
1005326,TPG,TPG Inc,Financials,Asset Management & Custody Banks,screen,17190265024.8,19342317024.8,-0.1967649600623006,-0.34270714046703254,2023-10-01,,,,,,,,,,0.17613520180559372,,0.023634834369062663,,,,0.0319942402470248,,,,,0.027217551126410333,False,0,,
1004712,TPL,Texas Pacific Land Corporation,Energy,Oil & Gas Exploration & Production,screen,23227374786.8,22994275786.8,0.05340432629877756,-0.4294123179627015,2023-10-01,,ev_ebitda,17,,0.8764272148951127,0.8126112026132656,22.93563050736465,22.165056762407385,-0.2799136927231713,0.06897241921267572,0.08512112133668759,0.1339181717486524,0.15468793913553647,,,,2.0,0.04036541077528514,0.041615607978111285,0.9351912863659031,-3.388355094635642e-05,False,0,31.983568075117372,772
1003177,TPR,"TAPESTRY, INC.",Consumer Goods,Clothing and Accessories,screen,24701852500.0,25928852500.0,0.029155081609348432,-0.2992133524197077,2023-10-01,0.55,ev_ebitda,60,0,0.2617099754199715,0.2327862527478826,11.577145990849905,10.728938817057683,0.5896526433504189,0.06132146856444587,0.09201661221554747,0.1376290831650957,0.2584988155749952,0,0.025146022477323227,0.015528127134692316,13.0,0.08241732149633023,0.09142292027482406,0.9090049182091473,-0.05080792871288797,False,1,36.044600938967136,594
1006722,TR,"Tootsie Roll Industries, Inc.",Consumer Defensive,Food Confectioners,screen,2840645130.0,,,,,,,,,,,,,,,,,,,,,,,,,,False,0,,
1006496,TRAX,"First Tracks Biotherapeutics, Inc.",Health Care,Biotechnology,screen,1187301760.0,1023616760.0,0.8652631578947367,,2026-04-06,,,,,,,-6.24701777668909,-5.454204743287615,,,,,0.16761632734696708,,,,5.0,0.008092111562079205,0.012738861599892523,-0.058635188655146234,0.09378608373967978,False,0,,
1003136,TREX,"Trex Company, Inc.",Industrials,Building Products,screen,4453757157.0,4700282157.0,-0.15695761563770083,-0.5648351648351648,2023-10-01,0.05,ev_ebitda,60,1,0.2846844553536001,0.22183277611529634,12.482901341908608,11.319396833278873,0.7235984295221234,0.06761030780327681,0.1014773545529255,-0.07539238853768582,-0.19276781788794406,0,0.045842769814533835,0.02665527102317844,18.0,0.06357168593144709,0.07284433235556197,0.7519377199336988,-0.028355966895779794,False,1,33.298122065727696,712
1000997,TRGP,TARGA RESOURCES CORP,Energy,Oil & Gas Storage & Transportation,screen,60107512000.0,78995212000.0,0.6480990047605026,-0.10567411083540112,2023-10-01,0.7333333333333333,ev_ebitda,60,0,0.2779987532070826,0.07249297708980369,12.13948844643449,10.77368629370914,3.3039168018191134,0.1815846183486467,0.10832981652272133,-0.08852824496382061,0.13017169815421825,0,0.026054163753527426,-0.026984886494276106,18.0,0.010762257624367258,0.0494640137449141,0.09941038433528876,-0.014736844001656868,False,0,,
1004984,TRIN,Trinity Capital Inc,Financials,Asset Management & Custody Banks,screen,1587650448.15,3063736448.15,0.28738608689723644,-0.05409668202769202,2023-10-01,,,,,,,,,,0.02894633411345282,,0.35927436872452434,,,,0.023735151304590252,,,,,0.3249346190485016,False,0,,
1000086,TRIP,"TRIPADVISOR, INC.",Technology,Interactive Media & Services,screen,987412500.0,968612500.0,-0.4852398523985241,-0.7069327731092437,2023-10-01,0.05,ev_ebitda,60,1,0.1498827517466213,0.12329842832170777,4.081308878492851,3.4520832142118345,-0.07902933141162127,0.03276259830084083,0.13186570747612225,-0.29178798273545126,-0.4486766848883691,0,-0.2956832499884908,-0.18110021080855832,9.0,0.17246403141781078,0.21659088065860868,0.7175407151488571,-0.09557571575021195,False,2,48.8849765258216,203
1006820,TRLV,Trulieve Cannabis Corp.,Healthcare,Drug Manufacturers - Specialty & Generic,founder-led,,,,,,,,,,,,,,,,,,,,,,,,,,,True,0,,
1000998,TRMB,TRIMBLE INC.,Technology,Application Software,screen,13404490000.0,14649390000.0,-0.30055113288426216,-0.3300093852651337,2023-10-01,0.05,ev_ebitda,60,0,0.31240075670786277,0.29561280627678066,11.090334124038831,9.900916188730852,1.064772041227688,0.08170396597727225,0.10580212586687932,0.037512651547914944,0.10763933630328859,0,0.013771920054362674,0.007036376785923615,9.0,0.08788598498640754,0.10087204317411758,0.8918565557237961,-0.02684734876108108,False,1,,
1000999,TRMK,TRUSTMARK CORP,Financials,Diversified and Regional banks,screen,2646105840.0,,0.1583640946415028,-0.07099336774937992,2023-10-01,,,,,,,,,,0.04321794254529432,,0.021928653019931188,,,,,,,,,-0.02432118806465644,False,0,,
1006516,TRN,TRINITY INDUSTRIES INC,Industrials,Heavy Transportation Equipment,screen,2105280000.0,7061880000.0,-0.05240691037356782,-0.3291305489887051,2023-10-01,0.0,ev_ebitda,60,0,0.35376833919263406,0.0447594558420807,8.751182949708307,8.546338845937344,5.882413960800809,-0.05995697741578987,0.015207783273974096,-0.13798153525059964,-0.03588516835433875,0,-0.027550585460551336,-0.05093388600801674,2.0,-0.07587858565110696,0.020892601584165227,-0.19795912322051368,-0.016013006284902653,False,0,,
1003000,TRNO,Terreno Realty Corporation,Financials,Industrial REITs,screen,6824892346.44,7716154346.44,0.1763077460646958,-0.13278911344239108,2023-10-01,0.13333333333333333,ev_ebitda,60,0,0.7073639798576247,-0.38829318600803564,19.56352645249448,17.50527151624069,2.601510395883775,0.08300602718503525,0.13126698313195706,0.07705319401970745,0.05526146516903396,0,0.00868253602375968,0.0004299059324524013,13.0,-0.03728145426725474,-0.029660622018507315,-0.6451116515357784,0.06044552695643057,True,0,,
1001000,TROW,T. ROWE PRICE GROUP INC,Financials,Asset Management & Custody Banks,screen,22668786000.0,,0.06705108633700596,-0.1342504773622527,2023-10-01,,ev_ebitda,0,,0.387365865437619,0.3533827512949768,,,,0.01575628527651385,-0.019114849605889606,0.005227956085062324,-0.029581112836906676,0,0.016768071527833106,0.03323977283108981,6.0,0.13764304878840639,0.13951798928726486,1.011684242436768,-0.02014999627654357,False,1,,
1001001,TROX,Tronox Holdings Plc,Materials,Commodity Chemicals,screen,610592620.0,3634592620.0,0.0180435784583024,-0.784390507626821,2023-10-01,0.65,ev_ebitda,60,0,0.1432613183540389,0.07241254228407308,7.492598992570583,6.73750081343644,8.797928635571154,0.03089659723893301,0.24814361795562045,0.07895335921647617,-0.16374218993413736,0,-0.018899636489674854,-0.005491954441371627,5.0,0.07508169722045115,0.13306075009980275,0.09450665269346221,0.0049433796766358284,False,0,32.31220657276995,758
1001002,TRU,TRANSUNION,Financials,Financial Data and Information Services,screen,12044266000.0,16790466000.0,-0.2658004802752567,-0.431976631327336,2023-10-01,0.0,ev_ebitda,60,0,0.35988308285021425,0.2805868403878432,8.33377419643805,7.497855745081361,2.660778728957491,0.08122543652599812,0.10634520582330409,0.05560145884693046,0.008767202520669759,0,0.00034193705723328804,0.004697997200026727,17.0,0.11143868702432591,0.12814261664332596,0.6661856974061585,-0.007525369412060501,False,1,,
1004638,TRUL,Trulieve Cannabis Corp,Health Care,Cannabis,screen,2100430000.0,2064401000.0,0.35234054168062423,-0.23991733670886073,2023-10-01,0.8166666666666667,ev_ebitda,60,0,0.34425941288997536,0.27254037154375743,6.180471208161424,,-0.09827057689820602,,,-0.041242941132924926,-0.0164332036192405,0,0.011092590222794074,0.0163652833165433,2.0,0.10757032742575853,0.0007404701482287095,0.6764383631617518,0.010625829214885751,False,1,24.54225352112676,1016
1003104,TRUP,Trupanion Inc,Financials,Life & Health Insurance,screen,1038559145.6999999,986108145.6999999,-0.46025878003696863,-0.5861824623560674,2023-10-01,0.03333333333333333,ev_ebitda,60,1,0.05510632202003323,0.0560263818529448,10.387782859402932,10.021641232256112,-0.6485162202827974,0.07204357716475096,0.07946959172556123,0.045043681721131046,0.028203293351038994,0,0.009187961675225953,0.005147724884680516,4.0,0.09488924070212046,0.09816510619433852,1.0381175246437229,0.026907719020936582,False,2,,
1001003,TRV,TRAVELERS COS INC,Financials,Property & Casualty Insurance,screen,77246304000.0,85693304000.0,0.2963209882893081,-0.09941865730249677,2023-10-01,,,,,,,,,,0.030930449866737986,,-0.05348202178309269,,,,0.0029982392696106253,,,,,-0.03932388292268374,False,0,,
1004522,TRVI,Trevi Therapeutics Inc,Health Care,Biotechnology,screen,2220618600.44,1902353600.44,0.5650273224043716,-0.26564102564102565,2023-10-01,,,,,,,-17.45948454523206,-13.862235864533492,,,,0.21649718658543526,0.007252412455234003,,,-0.5,8.0,0.0044024955566420165,0.005833839046908153,-0.08972491855515656,0.23585176986414091,True,0,,
1000079,TSCO,TRACTOR SUPPLY COMPANY,Consumer Services,Specialty Stores and Retailers,screen,16646033950.0,18568271950.0,-0.43655146437703485,-0.48853442584392603,2023-10-01,0.11666666666666667,ev_ebitda,60,0,0.11871321456638266,0.0752204368331654,9.406936758532026,8.809824891103048,1.0077656527825425,0.048076454710026084,0.05615748703611012,-0.0651587827348169,-0.15672713139717764,0,-0.08586699290504307,-0.026211129260379162,23.0,0.0706897009707046,0.07675386505765294,0.5961336768914198,-0.015145506871778958,False,0,36.30281690140845,580
1004852,TSHA,Taysha Gene Therapies Inc,Health Care,Biotechnology,screen,1749268749.6000001,1343121749.6000001,0.489296636085627,-0.30229226361031525,2023-10-01,0.5384615384615384,ev_sales,52,0,-7.777607180052562,-7.65530855720916,-6.571441853216615,-14.03233253766008,,7.3034058447049155,,-0.7938479914482517,1.5322049521111167,,,-0.29651439801583335,9.0,-0.11235758872749335,-0.051217026782777,0.961621656833881,0.24124034371971392,False,0,,
1000287,TSLA,"Tesla, Inc.",Consumer Goods,Auto Manufacturers,screen,1253549400000.0,1219367400000.0,-0.20217215326497573,-0.27572058463297133,2023-10-01,0.75,ev_ebitda,60,0,0.1287216996232515,-0.0874380502171038,79.23970748940147,54.53886424655836,-2.749695036041221,0.15815685575001304,0.3588537371338656,-0.05365947743516486,-0.19749656967937657,0,-0.11360427427346687,0.013779295619333443,21.0,-0.00743797339756356,-0.0029153093494269804,-0.6059047509884238,0.012446337227145277,True,0,,
1001004,TSLX,Sixth Street Specialty Lending Inc,Financials,Asset Management & Custody Banks,screen,1718938120.95,3450350120.95,-0.13133034551997813,-0.21074945812885548,2023-10-01,,,,,,,,,,0.013244710148656802,,-0.062443563950140946,,,,0.028748313430718042,,,,,0.01715881756226323,False,0,,
1003001,TSN,"Tyson Foods, Inc.",Consumer Goods,Packaged Foods & Meats,screen,17916850000.0,25182850000.0,-0.03670682539707515,-0.251904215781224,2023-10-01,0.1,ev_ebitda,60,0,0.06377876912447643,0.04758979428158558,7.058576871191379,6.4279502597765195,2.0977437220380826,0.0020746902991828353,0.06356151012399613,-0.007969358279552585,-0.08561374515101072,0,-0.06335966144930427,-0.009255500619953283,9.0,0.13016448987700874,0.13971712529723593,0.6536818830805713,-0.0034061545280685834,False,1,38.086854460093896,511
1000237,TT,Trane Technologies plc,Industrials,Industrial Machinery and Equipment,screen,102114150000.0,105412650000.0,0.08121591280615714,-0.10013003083334104,2023-10-01,0.45,ev_ebitda,60,0,0.2110832810019255,0.19039295958949817,19.315813413782394,17.48131847824495,0.7018520734270985,0.08431712935148017,0.11613660110418,0.04442050783703122,0.04348240423674121,0,0.02504989791530643,0.02197553043543432,17.0,0.05042082809940692,0.055933483528382,0.9434440959230723,-0.013887630637523185,False,0,31.93661971830986,773
1005766,TTAN,"ServiceTitan, Inc.",Technology,Application Software,screen,6747755945.84,6315981945.84,-0.34751562035108596,,2024-12-12,,ev_ebitda,28,,0.20180438090499922,0.1329270644302434,27.406620511332,23.0919926531179,-2.0302329029847717,0.1657401800792513,0.24220404029177423,0.06667163664422415,0.31144225371687617,0,0.04850998713670851,0.0051914422496823764,15.0,0.024394959977327588,0.03243446786987109,0.7142891987492366,0.7273908954468347,True,0,71.51408450704226,48
1003226,TTC,Toro Company,Industrials,Agricultural & Farm Machinery,screen,9348724000.0,10155624000.0,0.2891629639933735,-0.044260189847379894,2023-10-01,0.4666666666666667,ev_ebitda,60,0,0.15758654826599022,0.12912256891320695,12.995307734686259,12.504233404785683,1.135505217015807,0.03228241256327857,0.06919889750695063,0.05068176194461049,0.022473439337743706,0,-0.013922186816665238,-0.0002594474422473736,3.0,0.062298780274443986,0.06588749225847945,0.7452669071541949,-0.03893717952911979,False,0,28.274647887323944,909
1003264,TTD,"The Trade Desk, Inc.",Consumer Services,Advertising,screen,5686370800.0,4635147800.0,-0.7516833299326668,-0.9127661099562755,2023-10-01,0.11666666666666667,ev_ebitda,60,1,0.26531602570541624,0.1019863211279102,6.689712558156404,5.971885330994562,-1.1565641198239978,0.0016133255172217087,-0.023173991408590444,-0.32448672153260083,-0.5603516108707877,0,-0.5033040667727318,-0.2493997824205152,32.0,0.05552268431270524,0.08539447230302226,0.45566901811927707,-0.027893966700979322,True,1,66.72535211267606,76
1003051,TTEK,"Tetra Tech, Inc.",Industrials,Construction & Engineering,screen,8759747880.0,9329969880.0,-0.004777476319693497,-0.3392555339257981,2023-10-01,0.1,ev_ebitda,60,0,0.1533529621790205,0.1393378311572193,13.355813544459881,12.387662038879716,0.8712037991600815,0.04280615783190145,0.07281168048455577,0.03649358233108457,0.024571305955232603,0,0.002991365764579035,0.002440186026128943,6.0,0.06937303791495153,0.07610346987195733,0.8699061985391761,-0.016780638560152217,False,0,31.913145539906104,774
1003225,TTI,TETRA Technologies Inc,Energy,Oil & Gas Equipment & Services,screen,819808770.0,848540770.0,0.02086956521739136,-0.523538961038961,2023-10-01,0.43333333333333335,ev_ebitda,60,0,0.1775696627992696,-0.06166336463442687,6.724750232665072,5.46613371714328,0.26346221417007143,0.08555228150060978,0.20139735484235866,-0.043356634248325254,-0.2964426428497128,0,-0.11038219131151228,-0.01245081759147193,4.0,-0.07233225187847554,0.1696139237943028,-0.46994603603762797,0.044350917556663205,False,0,,
1003425,TTMI,TTM Technologies Inc,Technology,Electronic Components,screen,13507754333.333334,13969305333.333334,1.1326388888888888,-0.4453424843093873,2023-10-01,0.7333333333333333,ev_ebitda,60,0,0.19207001398890822,0.1303297122783174,13.538070708924835,13.55753467133016,0.6448480570031409,0.17781358875901265,0.1335271893950687,0.6583663606036838,1.0549323927505259,0,0.2160011614759858,0.16445024058219015,3.0,0.049314468877895354,0.07450328641431662,0.6455642642173431,0.013353090362583364,False,0,,
1000193,TTWO,TAKE TWO INTERACTIVE SOFTWARE INC,Technology,Online Gaming,screen,38239836000.0,38932936000.0,-0.1968570986220778,-0.20889092226161887,2023-10-01,0.25,ev_ebitda,60,0,0.16024569899191832,0.03457518962264892,28.19768676272804,16.77931418208005,0.54272846366216,0.17802447901174823,0.4072240862407306,-0.10567537581571229,-0.3320776695938962,0,-0.022871179632726224,0.012351664530565909,22.0,0.006347935950402169,0.04131048290623296,0.17581052999681548,0.0375178475646023,False,0,,
1003111,TVTX,Travere Therapeutics,Health Care,Biotechnology,screen,5314304799.6,5427908799.6,1.4635983263598327,-0.12796208530805675,2023-10-01,,ev_ebitda,26,,0.4463853927161741,0.42692261123553504,11.014027980596277,7.02648319438363,0.7417766424644013,0.3946242185168356,1.1339995113112558,0.43413152834524715,0.7373014931202773,0,0.1620060009014912,0.13600393070930128,11.0,0.09079002657873428,0.14713568796393767,0.9790350414334668,0.11100779413815887,False,1,41.39671361502347,406
1004497,TW,Tradeweb Markets Inc,Financials,Other Diversified Financial Services,screen,24368822149.7,22461230149.7,-0.08687018342985187,-0.3196202467532754,2023-10-01,0.0,ev_ebitda,60,0,0.5502194053211193,0.49457126131319423,15.619018367238262,13.964450682326161,-1.54918971588965,0.11454610086964312,0.12434486815729828,0.03201302605546297,0.05870020879436777,0,-0.013507532420113044,-0.006895344320173802,10.0,0.056371946460372996,0.06502923698419664,0.9552515848246166,-0.004757322288666321,False,0,,
1003305,TWLO,Twilio Inc,Technology,Internet Services and Infrastructure,screen,48115279170.82,46452111170.82,1.9219702267958834,-0.02402723086164338,2023-10-01,0.85,ev_ebitda,60,0,0.2161956015959849,0.16163877691873893,32.06492281223279,27.67772346530624,-1.4051406139904832,0.1104319253019328,0.16300382542435488,0.16664639827172145,0.099943256312365,0,0.045216182834120655,0.047463376226595466,21.0,0.02333174811751598,0.030762310395986044,0.7749167195626213,-0.029546017231452115,False,0,43.5093896713615,335
1000965,TWO,TWO HARBORS INVESTMENT CORP.,Financials,Mortgage REITs,screen,1284104721.06,7032984721.059999,0.4060572832946019,-0.08418426044701166,2023-10-01,,,,,,,,,,,,0.03460407546201827,,,,-0.15433175233234409,,,,,-0.05699575056489903,False,0,,
1004446,TWST,Twist Bioscience Corp,Health Care,Life Sciences Tools & Services,screen,11734884150.0,11568045150.0,5.867093105899076,0.0,2023-10-01,0.9666666666666667,ev_sales,60,0,0.01276386287549991,-0.04585394827852719,1654.2376998002035,216.31032333875785,,0.1913505755737055,,0.07624814627902143,2.6808227056950353,0,0.11623606866481029,0.04995301010571751,8.0,-0.0014268551232713175,0.002862926284462144,-2.3943995628403947,0.032707930275134744,True,0,,
1000400,TX,Ternium S.A.,Materials,Iron & Steel,screen,10855814571.279999,10967814571.279999,0.6503412604668157,-0.06556530717604547,2023-10-01,0.8666666666666667,ev_ebitda,60,0,0.17464059791212322,0.10220781892199075,3.4086222057350817,3.3944957043840875,0.04561151141396069,0.036159851242863805,0.08212403696060733,0.04602693211634423,0.22315281247152852,0,0.09927746586486652,0.01599756370903771,10.0,0.17211211081996097,0.1889228525199085,0.5806743158884677,-2.1960991025693488e-08,False,1,48.955399061032864,202
1004608,TXG,10x Genomics Inc,Health Care,Life Sciences Tools & Services,screen,11537394840.44,10997376840.44,6.729683490162532,0.0,2023-10-01,0.9666666666666667,ev_sales,60,0,-0.03331682388252685,-0.055578727090221235,-487.56979604963834,973.8519556838498,,0.09085696456226078,,0.024704751257011104,1.3891452775545297,,,0.01121446710732843,12.0,-0.0017337662595559458,0.001098333122685322,0.8868414629337662,0.037742223175434964,True,0,,
1000180,TXN,TEXAS INSTRUMENTS INCORPORATED,Technology,Broadline Semiconductors,screen,258805200000.0,265856200000.0,0.5639449408562864,-0.15275013956382832,2023-10-01,0.48333333333333334,ev_ebitda,60,0,0.550217240111451,0.426978400080867,19.424180858281,16.641374513426626,0.6666915037856352,0.13315524999852957,0.18253149814739333,0.14279796060698624,0.18587930638534012,0,0.08762527245774865,0.0672044401089178,14.0,0.03878694621038615,0.04694228522049768,0.7334229678620023,-0.0001959214076906468,False,0,35.17605633802817,638
1000863,TXNM,"TXNM Energy, Inc.",Utilities,Non-Renewable Electricity,screen,6510408960.0,7206635960.0,0.0614719718418022,-0.012297514293914014,2023-10-01,0.5333333333333333,ev_ebitda,60,0,0.47596189022271584,-0.37555569669053346,6.146842090753255,5.6057259224290155,0.6429530762535918,0.036542357035347584,0.06406870445588408,0.15852240673520934,0.20300762704806474,0,0.07488320909934809,0.023111415521474443,2.0,-0.19981743029516355,-0.20631391352230177,-1.10958636614709,0.1098027616714985,False,0,,
1000137,TXRH,"Texas Roadhouse, Inc.",Consumer Services,Restaurants & Bars,screen,10329664000.0,10177237000.0,-0.04338541867397916,-0.2675855395355722,2023-10-01,0.1,ev_ebitda,60,0,0.11980705133103609,0.07076436689149239,11.863503749982723,10.309500524657613,-0.20871786651068244,0.09030342104922084,0.14991800646600528,0.016448837190844223,-0.059839862466374405,0,0.014915304407968621,0.0023348784030741143,21.0,0.04938381321053925,0.05923108344888035,0.5946396992640304,-0.008351836175619742,False,0,41.1150234741784,419
1000263,TXT,TEXTRON INC,Industrials,Aerospace & Defense,screen,13505213020.0,15704213020.0,-0.09729276515248952,-0.24330484547927478,2023-10-01,0.0,ev_ebitda,60,0,0.12395954280015187,0.07641024678844582,7.758437908706844,7.3066836281102,1.1778179045413675,0.046322778137748655,0.07084297687712593,0.00988358106225995,0.012241859265598842,0,-0.01790780495206612,0.0010273154375055604,10.0,0.09240119223675954,0.12193553382253894,0.6165057405175947,-0.04255667287696996,False,1,42.28873239436619,372
1003449,TYL,"Tyler Technologies, Inc",Technology,Application Software,screen,13819353720.0,14258009720.0,-0.39100848688737666,-0.5073754522682994,2023-10-01,0.1,ev_ebitda,60,1,0.3046089255583957,0.31127625462352354,16.67956753698078,14.47253089986778,0.608503632169364,0.09619426454371371,0.15049149785905236,-0.0041682267700332565,-0.012801582861373562,0,-0.003936939557284469,-0.00019582035063847592,15.0,0.06523683409380146,0.07369253058242746,1.0546454655030677,-0.02023874722207042,False,1,40.03521126760563,455
1005219,TYRA,Tyra Biosciences Inc,Health Care,Biotechnology,screen,1386474502.71,1038112502.71,0.5632594710507506,-0.44786670032819986,2023-10-01,,,,,,,-4.752037221340414,-4.173861124251844,,,,-0.8859353611707413,0.4017543365951177,,,-0.618727552794798,10.0,0.011849664464930252,0.015148486561718043,-0.07520614928572246,0.0909229168646204,True,0,,
1004821,U,Unity Software Inc,Technology,Application Software,screen,21346702510.0,21232117510.0,0.02222777222777217,-0.17262987669294516,2023-10-01,0.26785714285714285,ev_ebitda,56,0,0.36393507445561657,0.32043121793376295,21.735207563936836,16.800244264785114,-0.18536231703693015,0.1953477489219706,0.3556322292866476,0.22317153918856691,0.6253985766401782,0,0.28201664902594614,0.10650503418359891,23.0,0.042186315491129195,0.05783047175467387,0.9218767810961124,0.03557420128332267,False,0,43.485915492957744,336
1005345,UAA,Under Armour Inc,Consumer Goods,Clothing and Accessories,screen,2004187679.9999998,2199364680.0,-0.1062124248496994,-0.5992812219227314,2023-10-01,0.4,ev_ebitda,60,0,0.0520934461490429,0.033737737050879055,8.899028480428726,7.95227004894536,0.8414318707407967,-0.012901233195650952,0.13020196987041355,-0.06511347771805642,-0.11446295652603578,0,-0.02086776058151696,-0.03943128308289645,16.0,0.059472649349416165,0.05644513849370029,0.48228196760454095,-0.02746838084215819,True,0,63.57981220657277,84
1000280,UAL,United Airlines,Industrials,Airlines,screen,36507348000.0,47152348000.0,0.149740932642487,-0.18485048857541697,2023-10-01,0.8,ev_ebitda,60,0,0.13224549891707413,0.0596664849467153,4.893368373008774,4.102158391781095,1.4193073109023402,0.05830073758699639,0.24938964409956688,0.07600426056808018,-0.03172503751844147,0,-0.035048784596102944,0.037398479870136114,16.0,0.1040006784582626,0.15573284534704332,0.39402252077322736,-0.010551352029679717,False,1,46.37323943661972,262
1004500,UBER,Uber Technologies Inc,Technology,Application Software,pipeline,139169273000.0,144504273000.0,-0.30070429723384706,-0.3155844155844155,2023-10-01,0.16666666666666666,ev_ebitda,60,0,0.20718521478224547,0.21521163426837422,10.406525726975135,8.703260023820976,0.49946398529239866,0.15162462509576335,0.2090436329045573,-0.01106403372268483,0.03139458034278064,0,0.00941823067531411,-0.0005560699187644458,35.0,0.10576573929290521,0.12467093530762198,1.060018490084443,-0.022651594631483696,False,1,49.07276995305165,198
1003348,UBSI,United Bankshares Inc,Financials,Diversified and Regional banks,screen,6422578681.599999,,0.27977855100900806,-0.06194398733489148,2023-10-01,,,,,,,,,,0.037429135732275576,,-0.007721833447455473,,,,,,,,,0.00950085166194814,False,0,,
1003368,UCB,"United Community Banks, Inc.",Financials,Diversified and Regional banks,screen,4067326340.0000005,,0.09694746238580598,-0.09417912228260916,2023-10-01,,,,,,,,,,0.04551829683970787,,-0.01169378803266452,,,,,,,,,0.0009844632526416763,False,0,,
1003004,UCTT,Ultra Clean Holdings Inc,Technology,Semiconductor Equipment,screen,3625304000.0,3968804000.0,1.9746788990825688,-0.43151693667157587,2023-10-01,0.5333333333333333,ev_ebitda,60,0,0.12214760809585402,0.046717644380565464,8.21099706197603,7.590451420867132,1.4647129969807318,0.2571913133010173,0.4174253830089607,0.577571969633891,0.9824550428576462,0,0.26519816253324646,0.17878776245894645,4.0,0.0485251732821808,0.10421847654018004,0.36395506708439235,0.00807245660600353,False,0,,
1000966,UDR,"UDR, INC.",Financials,Residential REITs,screen,10888306160.0,16700945160.0,-0.05561592647249636,-0.22815262438708805,2023-10-01,0.016666666666666666,ev_ebitda,60,0,0.6101525957570324,0.3652445435812439,15.698760368934884,15.262695559929053,5.494255697723326,0.028935938802449712,0.01859855831750923,-0.04726778137744603,-0.06272543173010814,0,-0.013355785389265407,-0.004573824977157637,12.0,0.042007190025682754,0.04306632148232986,0.4299404094111621,-0.009271532713630237,False,0,,
1000967,UE,URBAN EDGE PROPERTIES,Financials,Retail REITs,screen,2575426080.0,4205142080.0,-0.00795947021461585,-0.1678051368273361,2023-10-01,0.0,ev_ebitda,60,0,0.5983869852517641,0.4659751002540008,13.882825225187174,13.475182560769866,5.680367646516684,0.011600127835172502,0.03445966436576464,-0.021939471827850388,0.039290346269564846,0,0.04983305013090211,0.011101895208385226,3.0,0.05972318315596126,0.07515293142971628,0.507795933226475,0.0368904541642856,False,0,,
1003725,UEC,Uranium Energy Corp,Materials,Uranium,screen,4632234909.12,,-0.2916041979010495,-0.5307845084409136,2023-10-01,,ev_sales,0,,-1.6218832070314102,-1.7128593064499997,,,,1.1737745757185287,,-0.533412289323354,-5.098578719712987,,,-0.2782891311608804,3.0,-0.018455326151805458,-0.0037879896347901305,0.957378552013491,0.10418141497907807,True,0,,
1003458,UFCS,United Fire Group Inc,Financials,Property & Casualty Insurance,screen,1396805157.8999999,1403710157.8999999,0.7599825035648624,-0.060557341907824136,2023-10-01,,,,,,,,,,,,-0.01680767764295521,,,,0.06183194077437837,,,,,0.0015496590941632693,False,0,,
1003912,UFPI,UFP Industries Inc,Materials,Forest Products,screen,4154303680.0,3791291680.0,-0.16070910119715187,-0.4307827955221002,2023-10-01,0.2833333333333333,ev_ebitda,60,0,0.08701071661930208,0.04940176447735528,6.576859980215179,5.775826079449819,-0.697613940333598,0.06310202247027163,0.1389497923543801,-0.0316598882415563,-0.09586233469448702,0,-0.02380004033952776,0.006546549695949366,5.0,0.08471561858122456,0.11568142123383574,0.6105104819182975,-0.02261481344861671,False,1,,
1000968,UGI,UGI CORP,Utilities,Gas Utilities,screen,7806128400.0,14361128400.0,0.1170847946208764,-0.09452124806952389,2023-10-01,0.55,ev_ebitda,60,0,0.25578918695801395,0.10376246565304263,7.551410951989248,7.098653320478619,3.7188183392938705,0.02435853836151236,0.07144411498006775,-0.16682757285301297,-0.07881800800224714,0,-0.01763368222634054,-0.035715768850163476,2.0,0.048962024868572505,0.05518187636550626,0.20097155877315345,0.01279424590692635,False,0,25.481220657276996,997
1004070,UHAL,AMERCO,Industrials,Trucking,screen,11920919990.4,7872082990.4,0.05431925705274221,-0.23252551020408163,2023-10-01,,ev_ebitda,8,,0.2973196295576511,-0.06907864818453342,4.208705861461677,3.6859748717923293,-2.3049366882175044,0.04792724078441091,0.14085721880035185,-0.0011552957718824475,-0.07364151504197036,,,,1.0,-0.06614418987062105,-0.07797338854466722,-0.4215609607332085,0.0,False,0,,
1000113,UHS,"Universal Health Services, Inc.",Health Care,Health Care Facilities,screen,10488443700.0,15201490700.0,-0.14391057762455461,-0.2832380968529935,2023-10-01,0.16666666666666666,ev_ebitda,60,0,0.13987289993165808,0.08065197905416126,5.587407176921901,5.42071523617471,1.776552369709038,0.041780550646595804,0.02556674829865546,0.036559497798652085,-0.0017536472134662695,0,-0.026498545812719487,0.005466175166430887,14.0,0.1253856467484553,0.13635361962463727,0.48337370204130364,-0.06435521596164817,False,1,33.39201877934272,705
1006809,UI,Ubiquiti Inc.,Technology,Communication Equipment,founder-led,,,,,,,,,,,,,,,,,,,,,,,,,,,True,0,,
1005034,ULCC,Frontier Group Holdings Inc,Industrials,Airlines,screen,1372970248.02,923970248.02,0.35220838052095127,-0.4065606361829026,2023-10-01,0.3898305084745763,ev_ebitda,59,0,0.03848372482609033,0.009195751730111383,4.482703826436225,2.439688020049025,,0.07233233537729,,0.12971957661447253,-0.3834803163974999,0,0.01522105034025012,0.031156766252830925,7.0,0.04236546368784872,0.09392107022054848,0.282198791199336,0.009496441175221637,False,0,,
1005678,ULS,"UL Solutions, Inc.",Industrials,Research & Consulting Services,screen,13566000000.0,13433000000.0,-0.06783644164266223,-0.3722569120694661,2024-04-12,0.05555555555555555,ev_ebitda,36,0,0.2816480283118811,0.20539481131580622,14.085738330419925,12.953202910904869,-0.15551798106448542,0.058032065653821574,0.0879192474209507,-0.005675228348618888,0.08254688996205783,0,-0.009949081996703635,-0.009234204957783598,8.0,0.049860475475638225,0.055249300447901474,0.7092752898928348,0.00825254221681071,False,0,37.10093896713615,553
1000135,ULTA,"ULTA BEAUTY, INC.",Consumer Services,Specialty Stores and Retailers,screen,23155729260.0,25126731260.0,-0.001060813900320201,-0.22728558897597706,2023-10-01,0.43333333333333335,ev_ebitda,60,0,0.15027300957368286,0.09134669432525151,12.599379120074753,11.908279188796431,1.0156504474816064,0.06112566605240377,0.07268392420846648,0.04494857139556574,0.07748543557812737,0,0.010458391931051692,0.002234268085242075,19.0,0.051733551786557856,0.0630415154064593,0.6006810186144539,-0.04755589657830661,False,0,34.58920187793427,658
1005774,UMAC,"Unusual Machines, Inc.",Industrials,Aerospace & Defense,screen,1058749801.5600001,,0.6211920529801325,-0.2812683499706401,2024-02-14,,ev_sales,0,,-0.015004394435475707,-0.15294534329787995,,,,0.6566898550178564,,0.8744940939092682,-1.1988418201941984,,,,4.0,-0.0111700918539716,-0.00793544348213545,8.378296848089295,1.3436837541163578,False,0,,
1000969,UMBF,UMB FINANCIAL CORP,Financials,Diversified and Regional banks,screen,9914947921.07,,0.11442698887267189,-0.1418577630282868,2023-10-01,,,,,,,,,,0.07021059127864859,,0.07618471461736598,,,,0.013528349179692034,,,,,0.24799795332333985,False,0,,
1004352,UMH,UMH Properties Inc,Financials,Residential REITs,screen,1311956730.0,1966995730.0,0.09871186355689598,-0.1711707552723054,2023-10-01,,,,,,,,,,,,-0.015891150576491375,,,,0.06842531111688466,,,,,0.06858723357150875,False,0,,
1004274,UNF,UniFirst Corp,Industrials,Diversified Support Services,screen,4596261120.0,4518084120.0,0.5076098118745467,-0.1671276300661444,2023-10-01,0.7666666666666667,ev_ebitda,60,0,0.13351092587512167,0.07276315221896894,12.967126799351234,12.19498062636957,-0.24005506642001115,0.0380715363152786,0.07007909608282148,-0.0021578955128384036,-0.07818519129715218,0,0.002995395125935385,0.005289235919941904,3.0,0.04323033871151273,0.040474848506714366,0.5702729564398253,-0.014078879551070456,False,0,31.208920187793428,804
1000167,UNFI,"UNITED NATURAL FOODS, INC.",Consumer Services,Food Distributors,screen,2816662000.0,4355662000.0,0.1905901116427433,-0.19326368876080702,2023-10-01,0.3,ev_ebitda,60,0,0.023641976769493575,0.015179589480337277,5.8397611989902956,5.43201105303985,2.1718251842673437,0.01921870406720627,0.06951715264406166,-0.029367877937441222,0.07802724866280486,0,0.014579114843525476,-0.009330320527324298,10.0,0.12991845306201524,0.12953019930257112,0.4906214058580755,0.019674016211920664,False,1,33.01643192488263,722
1000233,UNH,UNITEDHEALTH GROUP INC,Financials,Life & Health Insurance,screen,330871200000.0,375614200000.0,0.09138260641696538,-0.387971145472501,2023-10-01,0.13333333333333333,ev_ebitda,60,0,0.07253358712138366,0.06491846329197545,11.265137632725635,9.945242809730788,1.5527004919404641,0.043900574986356355,0.12597051502512802,-0.06663839427739904,0.05205580589368619,0,0.04980688283927548,0.0038074886001735475,16.0,0.07886645248972024,0.07924818457612849,0.7826106840787298,-0.01239238777459628,False,0,,
1000614,UNIT,Uniti Group Inc.,Financials,Specialized REITs,screen,2008026000.0,11921926000.0,0.369281045751634,-0.3427450980392156,2023-10-01,0.7,ev_ebitda,60,0,0.4138074614159087,-0.060132240285514976,7.8901868117259415,7.519796753565832,7.096126126403366,0.0167206230259207,0.038073030416448495,-0.020759990681272766,0.01711778632972405,0,-0.008732156903190957,-0.0016046976868840934,6.0,-0.537575564381765,-0.47674844119711324,-0.714413603193958,0.3415980616069212,False,0,,
1000970,UNM,UNUM GROUP,Financials,Life & Health Insurance,screen,14092800000.0,17657400000.0,0.1551817274423657,-0.0915398156777466,2023-10-01,,,,,,,,,,0.050437018197685646,,-0.09390156121289284,,,,0.00608940279240322,,,,,-0.07952865245019125,False,0,,
1000282,UNP,UNION PACIFIC CORP,Industrials,Railroads,screen,161817480000.0,188742480000.0,0.17555259020859548,-0.11984783087435114,2023-10-01,0.48333333333333334,ev_ebitda,60,0,0.5166179733167854,0.39074410574645674,12.994656954091074,12.233304069061884,2.0300675283156373,0.04630095935422762,0.06756469637826501,0.04825016434253482,0.028809165231020506,0,0.02596367202515526,0.03383704987695735,18.0,0.060975818218994456,0.06672964135214561,0.679325992763235,-0.012151208824522364,False,0,27.241784037558684,951
1003043,UPBD,"Upbound Group, Inc.",Consumer Services,Specialty Stores and Retailers,screen,920541440.0,2238814440.0,-0.291185768116743,-0.5236338407217939,2023-10-01,0.03333333333333333,ev_ebitda,60,1,0.1080688402446563,-0.22504455813281288,4.206745033159909,1.6245779493610073,2.6060430806461405,0.056162143517830776,0.6521382826057531,-0.10394492679998646,-0.5659396115343163,0,-0.0398574650687018,-0.02830543863578938,5.0,-1.3107687678323585,-0.46477018262831404,-2.2672401297656086,0.024923130544224792,False,1,,
1000224,UPS,"United Parcel Service, Inc.",Industrials,"Delivery, Air Freight & Logistics",screen,79913155000.0,99744155000.0,0.19211854435804265,-0.33762036408638174,2023-10-01,0.016666666666666666,ev_ebitda,60,0,0.14284851628893394,0.10170801475575195,7.349712982139387,6.958378106755937,1.586335369542712,0.03867592219376603,0.06947959976356821,0.03547735922342987,0.01865375026921079,0,0.01012707702658111,0.012904149024606903,22.0,0.10876420964420441,0.11465490001335508,0.6404529191305881,-0.0032795278961766927,False,1,39.471830985915496,471
1004930,UPST,Upstart Holdings Inc,Financials,Specialized Finance,screen,2518093415.7,3561297415.7,-0.5474409448818898,-0.7410161090458488,2023-10-01,0.0,ev_ebitda,56,1,0.24098769697232197,0.133140786263878,7.923601727311695,5.879402582447062,3.7650514832776354,0.29552619622826537,0.43892561731322743,0.13484271048497765,-0.03128796401802447,0,0.04171808284750278,0.003919449209433656,13.0,0.10197043153101377,0.14766427571578922,0.5712950854680958,0.10622361372044331,True,2,,
1006414,UPWK,Upwork Inc,Technology,Application Software,screen,1083849720.0,830296720.0,-0.5605815831987075,-0.6309362279511532,2023-10-01,0.08333333333333333,ev_ebitda,60,1,0.3193721322453819,0.2938298285907608,3.529194663733585,3.2295765820410085,-1.1149914433641523,0.021835105024588852,0.06184254633567621,-0.1699403870278824,-0.11123731584310947,0,-0.19004638372851135,-0.110846751207485,10.0,0.21806063923893293,0.23665003778487148,1.0045895176498298,-0.038571110520882246,False,2,57.47652582159624,112
1003179,URBN,"URBAN OUTFITTERS, INC.",Consumer Services,Apparel Retailers,screen,6826803779.969999,7324050779.969999,0.0692986140277192,-0.07920433996383369,2023-10-01,0.4,ev_ebitda,60,0,0.1290104928053969,0.040829398671775506,8.410136088126679,8.055297580046753,0.6025998517836828,0.08113364937170431,0.112855130373954,0.03874937181003424,0.12263270023934503,0,0.06357118972649989,0.008242828059795038,9.0,0.044320015084684784,0.07396354482300331,0.3474313440684264,-0.013376692924499944,True,0,65.66901408450704,80
1003574,URGN,UroGen Pharma Ltd,Health Care,Pharmaceuticals,screen,2042913541.6,2123672541.6,1.0365914786967418,-0.1920859017697355,2023-10-01,,ev_ebitda,13,,0.3026432244125469,0.3060562979882472,13.51203417693124,7.531905195265718,,0.4515234106246082,2.4857687724621247,0.37395947051259637,1.8723897267472278,0,0.7972668355016919,0.2691678173490337,4.0,0.0721768222579785,0.12951569034733573,0.9381686747003524,0.10451971038160934,False,0,,
1000240,URI,UNITED RENTALS INC,Industrials,Equipment Rental and Leasing,screen,64735285999.99999,78853286000.0,0.05687115282318245,-0.14082862588211054,2023-10-01,0.6666666666666666,ev_ebitda,60,0,0.4573123006917765,0.16614229921397922,8.972002443214157,8.213951527949225,1.7874360431112364,0.08498296306625774,0.0894699755522268,0.09716732248200999,0.09510915326025704,0,0.04428130041444267,0.04241149607963757,16.0,0.03840522906271013,0.04827424561807737,0.2828792017880037,-0.031637629521498845,False,0,28.133802816901408,914
1000971,USAC,USA COMPRESSION PARTNERS LP,Energy,Oil & Gas Equipment & Services,screen,3679792130.0,6612415130.0,0.12651391690275937,-0.1625412860246931,2023-10-01,0.03333333333333333,ev_ebitda,60,0,0.576574005470576,0.35684184835868515,7.777095606873981,7.484350298020174,3.966625822482086,0.05414881676678185,0.06357998701354917,0.3505932505626572,0.2900072763893722,0,0.001579110905220782,0.022827822704380996,3.0,0.08256411957792735,0.10033292193603298,0.3573320471307927,0.1254440490498605,False,1,28.462441314553992,902
1005835,USARW,"USA Rare Earth, Inc.",Materials,Specialty Minerals,screen,3239540480.0,1708337480.0,-0.18091913903432233,-0.6359875904860393,2023-10-01,,ev_ebitda,12,,0.2894129878470801,-3.5336863667981784,8.431525477129092,2.5350432509461593,,3.991232647140542,,3.235993558450609,10.53667744522867,,,,3.0,-0.783638998689165,-0.5248458529772428,-12.52944804383872,1.1558175311920595,False,0,,
1000972,USB,US BANCORP,Financials,Diversified and Regional banks,screen,89194800000.0,,0.24109082374669222,-0.10881228981656355,2023-10-01,,,,,,,,,,0.059763276153313116,,0.06841438024268154,,,,0.023622155160857083,,,,,-0.0019859301323595924,False,0,,
1003120,USFD,US Foods Holding Corp.,Consumer Services,Food Distributors,screen,20711565000.0,26060565000.0,0.2034716784129469,-0.16882999819722377,2023-10-01,0.6833333333333333,ev_ebitda,60,0,0.05395610956502886,0.041833753340642765,11.173790043332499,10.15369943544975,2.5592110236849996,0.048555334197540656,0.09448244974193565,-0.018456032865893146,-0.001293608043186345,0,0.005569190797002133,0.003754832793342766,11.0,0.07226498987593458,0.08233965055630199,0.6417376829310336,-0.05098188106191803,False,0,25.669014084507044,991
1006357,USPH,U.S. Physical Therapy Inc,Health Care,Health Care Facilities,screen,1244782000.0,1439914000.0,0.03522977343794187,-0.20058096203598175,2023-10-01,0.21666666666666667,ev_ebitda,60,0,0.13013079110355835,0.0996506969907949,12.204744737868849,11.36535538231617,1.9175972005214212,0.06849855660915294,0.10372344251262922,0.010222210268782339,0.0663794271146243,0,0.02872288077188001,0.01966993156053798,5.0,0.06462757434159984,0.0726861058576029,0.6818726981262883,0.0005798164731343203,False,0,,
1000974,UTHR,UNITED THERAPEUTICS CORP,Health Care,Biotechnology,screen,26169204000.0,24006904000.0,0.2926456907039432,-0.09194651116026542,2023-10-01,0.9166666666666666,ev_ebitda,60,0,0.47625382838559815,0.3603713308581236,14.712021349897372,12.483229078730153,-1.4144552009972338,0.11685681140144166,0.1496470395166205,-0.04711582295717065,-0.07290300510772663,0,-0.11492699637326131,-0.07641575008155987,10.0,0.052662642921656046,0.0632251095898397,0.8445577551226967,-0.02625805107217727,True,0,72.19483568075117,42
1003399,UTI,Universal Technical Institute Inc,Consumer Services,Educational and Vocational Training Services,screen,1064443050.0000001,1054357050.0000001,-0.42642089093701985,-0.6353515624999999,2023-10-01,0.48333333333333334,ev_ebitda,60,0,0.11910600509380889,0.0020020086969210382,9.094840938853924,6.392389833536468,-0.09925072444377207,0.0958388294675463,0.2742469305403612,0.0125660740144391,-0.19891527648770568,0,-0.0456373884259722,-0.019011201937927824,4.0,0.00023167972945646384,0.0526876413610707,0.0021272467547477085,0.048252255480210504,False,0,,
1003446,UVSP,Univest Financial Corporation,Financials,Diversified and Regional banks,screen,1143518479.92,,0.3995661804169446,-0.08888892192735964,2023-10-01,,,,,,,,,,0.03048196424279137,,0.042228463377301795,,,,,,,,,-0.027686242771767233,False,0,,
1000243,V,VISA INC.,Technology,Payment Processing,screen,682995300000.0,693061300000.0,0.0609988141395863,-0.06458582808351121,2023-10-01,0.38333333333333336,ev_ebitda,60,0,0.702794193683091,0.3400037282912736,19.403399321824715,17.55655937344611,0.3194681883614608,0.10594800053384756,0.11951827716837515,0.04967545389399053,0.039960173755619,0,0.0061965910434951255,0.009247037051397289,27.0,0.024188626791218883,0.0267721968824887,0.4625248826166964,-0.030340352588223096,False,0,31.185446009389672,805
1002929,VAC,Marriott Vacations Worldwide Corp,Consumer Services,"Hotels, Resorts & Cruise Lines",screen,3939184000.0,9181184000.0,0.6050095283072838,-0.1735840789462152,2023-10-01,0.6666666666666666,ev_ebitda,60,0,0.15199717863634402,0.07875835810607956,10.664433239221745,10.643484420475339,6.553786167071966,0.029023024918462426,0.028123216682580443,0.049374708504980935,0.005433152257199758,0,0.0776761877417611,0.051785811754539335,8.0,0.07125857735023268,0.033823183094539924,0.32604872293718756,-0.05531599380300367,False,0,,
1000660,VAL,Valaris Limited,Energy,Oil & Gas Drilling,screen,5601024000.0,6130624000.0,0.6100061513225341,-0.30770587198025046,2023-10-01,0.35,ev_ebitda,60,0,0.31866413281620826,0.17011826641319513,7.70774046645021,6.851555939481635,0.9782394044324885,0.08932906207274827,0.3273024902466144,0.0016349609667254406,0.011350863661145905,0,-0.03534281597536604,-0.0031995388199856922,5.0,0.0707899053992529,0.09505808891550785,0.498495413962906,-0.018572956967591203,False,0,38.41549295774648,503
1000975,VC,VISTEON CORP,Consumer Goods,Auto Parts,screen,2403392000.0,2052392000.0,-0.2669672627642813,-0.36454624927570944,2023-10-01,0.016666666666666666,ev_ebitda,60,0,0.12507618715709762,0.07485792420729749,3.9860370800364877,3.5781118853263716,-0.7346819886951892,0.06785175830539569,0.10118412466073212,-0.008092798522776556,-0.029566813684217097,0,0.007634129447295912,0.006083078520562557,7.0,0.1310133474019578,0.17176972165009088,0.6115347992738958,-0.0270367963677699,False,1,57.875586854460096,108
1003442,VCEL,Vericel Corp,Health Care,Biotechnology,screen,2063185280.0,1993264280.0,0.27550047664442334,-0.3504854368932039,2023-10-01,0.034482758620689655,ev_ebitda,58,0,0.29840882700121607,0.2044473479123266,17.091742410901727,13.18980029231962,-0.8169177484721727,0.1556084912034792,0.29238657633394394,-0.06000705695144337,-0.023045694438960207,0,0.0664497666044146,0.011405083266384564,6.0,0.04308910080940878,0.06270849712282961,0.7623021009537724,0.011887604674399421,False,0,47.5,237
1003872,VCTR,Victory Capital Holdings Inc,Financials,Asset Management & Custody Banks,screen,9254083320.0,10196096320.0,0.7512095152660128,-0.0828317704232443,2023-10-01,0.9333333333333333,ev_ebitda,60,0,0.5184317311315614,0.506759215903632,11.289011472442452,10.44425998133899,1.1324873651589276,0.07037881332629814,0.05249759503913731,0.1184434018302809,0.09914571388784821,0,0.07618947604268178,0.06507952355989577,3.0,0.09163030846576606,0.09902573645995226,0.9388463860879542,0.12209888555495962,False,1,,
1000976,VCYT,VERACYTE INC,Health Care,Health Care Equipment,screen,3626206741.98,3332461741.98,0.34110107777454135,-0.2388824599107291,2023-10-01,0.3111111111111111,ev_ebitda,45,0,0.27253810348972246,0.24003229006445329,18.52151377002036,16.398878897080856,-1.8652005178738569,0.10797977080305143,0.1184386792080423,0.10751627497979555,0.19852209027243028,0,0.04580462736739377,0.008810870917595803,12.0,0.047246902600271486,0.04847950638974351,0.9522198050492294,0.025838270232664495,False,0,44.02582159624413,325
1000977,VECO,VEECO INSTRUMENTS INC,Technology,Semiconductor Equipment,screen,3552134580.0,3349279580.0,0.7055537298718371,-0.3750000000000001,2023-10-01,0.6,ev_ebitda,60,0,0.23505340203520328,0.14336226260335036,12.878178765843142,,-1.659161551639405,,,0.42317736293336394,1.0812998198996864,0,0.004093288048982124,0.027948635970683533,2.0,0.04721616446743554,,0.6448863198488206,0.03573507617116678,False,0,,
1000022,VEEV,VEEVA SYSTEMS INC,Health Care,Health Care Technology,pipeline,46534520010.0,39443268010.0,-0.041824712161391164,-0.067827052445954,2023-10-01,0.43333333333333335,ev_ebitda,60,0,0.4478969987051951,0.43393887460954056,23.869795697777256,21.20206236871628,-4.471902724379023,0.1384946121109356,0.12971133322602957,0.04942373479472839,0.039722136132518404,0,0.01763245940114677,0.02489834158263937,20.0,0.04064022334298964,0.045663130523077106,1.1444771757549868,0.01303995682525394,True,0,68.76760563380282,67
1005082,VERA,Vera Therapeutics Inc,Health Care,Biotechnology,screen,2226259867.92,1802326867.92,0.11114934618031658,-0.41997485180528116,2023-10-01,,ev_sales,21,,-1.1525099233635574,-0.0,-6.051821212870281,95.95208719946794,,3.768723897735435,,0.08161456130431177,1.0434631674952004,,,-0.015491340836551015,9.0,0.008316380933169274,0.011716651048905777,-0.06216740851320171,0.1480359281900916,True,0,,
1004782,VERX,Vertex Inc,Technology,Application Software,screen,2101947000.0000002,2210063000.0,-0.5248083904800322,-0.8001696352841391,2023-10-01,0.0,ev_ebitda,60,1,0.28211750980001116,0.18852057315504292,8.580787994836513,7.01828498707465,0.549767783840701,0.10673632545666534,0.22947754251949926,-0.061556807994152196,0.047601271995329375,0,-0.0007662761563179687,-0.005575714687066968,13.0,0.08336335975538692,0.118933301505193,0.6803297912112758,0.012662087161658508,False,2,23.931924882629108,1025
1003850,VFC,VF Corp,Consumer Goods,Clothing and Accessories,screen,5650261870.0,8492678870.0,-0.0034781150405318595,-0.4603509449630836,2023-10-01,0.05,ev_ebitda,60,0,0.1056897629022654,0.058746871828261216,8.462859638546606,7.711720574403169,2.9384655818229333,0.0270796313179551,0.08789710227720104,-0.0372029248616772,0.09918648191452717,0,-0.0067626913942083755,0.0014540866862604584,14.0,0.07951033180798554,0.1192632571682325,0.44767678864342225,0.0061282252088199485,False,0,31.631455399061032,782
1006469,VFS,VinFast Auto Ltd,Consumer Goods,Auto Manufacturers,screen,7158980190.6,10220706626.6,-0.03105590062111807,-0.7504,2023-10-01,,ev_sales,33,,,,,,,,,0.2838154868812548,1.28564812058189,,,0.07730625523886325,,0.0,0.0,,0.04276151144185514,False,0,,
1005799,VG,"Venture Global, Inc.",Energy,Oil & Gas Storage & Transportation,screen,33751110000.0,72377110000.0,-0.10194863212804572,,2025-01-24,0.5,ev_ebitda,36,,0.43365056739533253,-0.22531135589637794,10.151405581208166,8.253858577776231,4.62672578643745,0.0704926164928028,-0.015131521367278244,0.12114855874141894,0.40785048807558444,0,0.03295866147249038,-0.012405715000171291,12.0,-0.1757100045370844,-0.0781701054546721,-0.8317819506140637,0.012158750138874241,True,0,,
1005901,VIA,"Via Transportation, Inc.",Technology,Application Software,screen,2458010335.1,2140120335.1,-0.37084026622296173,,2025-09-12,,ev_ebitda,18,,0.04360343432778898,-0.0019293773282620095,72.82229423203556,32.7395465027965,,0.21470192536500377,,0.04255396957956692,-0.4269473157133371,,,,10.0,0.0034306461412681065,0.021056245977700536,0.2869364973225523,1.5923375149176735,True,0,,
1003118,VIAV,Viavi Solutions Inc,Telecommunications,Communication Equipment,screen,11687580000.0,11672780000.0,2.303388494877857,-0.24236399783119456,2023-10-01,0.7833333333333333,ev_ebitda,60,0,0.3171729275573954,0.28860493273010324,19.463346151477005,16.197334961437438,-0.03562031751393134,0.19577509254235648,0.42983461834903003,0.5273843669315781,1.3439693392870495,0,0.24930682272242155,0.05245467176543639,2.0,0.04634498237519273,0.05538012334239834,0.9031721225594352,0.015380374333781477,False,0,43.016431924882625,350
1003857,VICI,VICI Properties Inc,Financials,Specialized REITs,screen,24781078168.03,41424170168.03,-0.24623031938579798,-0.27919005730736246,2023-10-01,0.016666666666666666,ev_ebitda,60,0,0.8465904340253794,0.8404423968850148,11.276646175144805,11.056436678142573,4.795172213159487,0.026148856785332297,0.029554272535473602,0.05343954296275388,0.045367569299863186,0,0.006530891719963572,0.013348963833087923,17.0,0.1124136134546513,0.11496615846492987,0.7583422319849961,0.02052722445738575,False,1,,
1006811,VICR,Vicor Corporation,Technology,"Hardware, Equipment & Parts",founder-led,,,,,,,,,,,,,,,,,,,,,,,,,,,True,0,,
1005663,VIK,Viking Holdings Ltd.,Consumer Services,"Hotels, Resorts & Cruise Lines",screen,35039386800.0,36998150800.0,0.2601351351351351,-0.27646406798448186,2024-05-01,0.4166666666666667,ev_ebitda,36,0,0.29549009998273196,0.24426679563551384,14.051942236689657,12.088999705909146,0.9571400025564816,0.17026485632289923,0.20595579506680783,0.09597162966238315,0.13155847560777545,0,0.0031739724610242437,0.010243899002776669,15.0,0.055682269048621315,0.059457472672470056,0.7410197094558408,0.10522408756529389,False,0,37.852112676056336,523
1004626,VIR,Vir Biotechnology Inc,Health Care,Biotechnology,screen,1906645343.83,1458056343.83,0.957968476357268,-0.11690363349131128,2023-10-01,0.8666666666666667,ev_sales,60,0,-6.0847440433792785,-5.510983409477366,-3.2457328097809897,-3.925403135678367,,-0.21911339940823094,,0.9433032075413612,0.0015276312179623996,,,-0.23918557218089287,8.0,-0.19892247323794332,-0.18233287267888829,0.8442911292877817,0.08778986536483457,False,0,,
1000979,VIRT,VIRTU FINANCIAL INC,Financials,Investment Banking & Brokerage,screen,11840905202.0,16970956202.0,0.5867152545787342,-0.18500777246146294,2023-10-01,0.21666666666666667,ev_ebitda,60,0,0.62266204975522,0.6226620497552199,9.2839174121059,8.039074466024214,3.0208081282394526,0.07047271335183813,0.08370267198160408,0.4484095901061449,0.4958860645170444,0,0.1921635035174043,0.18281061027594414,3.0,0.14170032052070936,0.16679380460439042,0.9178689793777967,-0.00585821758508942,False,1,,
1003326,VKTX,"Viking Therapeutics, Inc.",Health Care,Biotechnology,screen,3547184130.0,3049607130.0,0.24048706240487072,-0.6550264550264551,2023-10-01,,,,,,,-5.159527280029066,-5.561246941513034,,,,-0.8815694016287418,0.20301061385440478,,,-0.3076923076923076,7.0,0.009824342641669901,0.015562450912325058,-0.05895942675045021,0.03936356107463812,True,0,,
1000980,VLO,VALERO ENERGY CORP,Energy,Oil & Gas Refining & Marketing,screen,120087240000.0,123562240000.0,1.324844935948171,-0.06211285327138971,2023-10-01,0.4166666666666667,ev_ebitda,60,0,0.1452865693432895,0.13801926051608407,6.714073523453403,10.213924476024445,0.18434826931684611,-0.12764256878625058,-0.26766524920253865,-0.076074134458605,1.2775565130678834,0,0.7038788041092359,0.07340285558657356,14.0,0.1437563887189112,0.09157995453341027,0.9380464360198595,-0.0553270003548636,False,1,41.021126760563384,423
1005577,VLTO,Veralto Corp.,Utilities,Water Utilities,screen,23252680000.0,24512680000.0,-0.11029836522690395,-0.16252178907702852,2023-10-01,0.25,ev_ebitda,56,0,0.26073648961792534,0.2473088785906359,15.053531996400602,13.895355794718562,0.855330143791161,0.05579659394790082,0.08288625490191115,0.02434455037866834,0.02659408823212872,0,0.012671496333404475,0.010756029212186657,11.0,0.061844663739115964,0.06648683845425683,0.8831263878716189,-0.006804108832505595,False,0,31.30281690140845,799
1000981,VLY,VALLEY NATIONAL BANCORP,Financials,Diversified and Regional banks,screen,7056658480.83,,0.23188433463867208,-0.16253409709705013,2023-10-01,,,,,,,,,,0.12225982257794943,,0.0979827378750846,,,,0.041271302199762605,,,,,0.03583329732544782,False,0,,
1000982,VMC,VULCAN MATERIALS CO,Materials,Building and Construction Materials,screen,31790594000.0,35466194000.0,-0.1988252460138582,-0.2552682255267157,2023-10-01,0.016666666666666666,ev_ebitda,60,0,0.31047913109318237,0.21250580985885284,13.278744436327107,11.862868630021822,1.5229542767390518,0.06183391403280236,0.10617245679188114,-0.07970896189883214,-0.1041625297457538,0,-0.03796363703614569,-0.010821218509629027,19.0,0.05093413444229921,0.05815225571016624,0.6062475551051864,-0.009904178567571753,False,0,31.13849765258216,807
1002992,VMI,"Valmont Industries, Inc.",Industrials,Construction & Engineering,screen,9140825600.0,9732459600.0,0.20190953243021914,-0.20424972004091901,2023-10-01,0.5333333333333333,ev_ebitda,60,0,0.17694035152319618,0.1377594351884357,11.810182014447534,10.546742597848242,0.8334384081025232,0.07221456346857669,0.11851000340249329,0.03214527752953278,0.12706084156225983,0,0.005407964214246608,0.012758289190248462,3.0,0.06668256757305523,0.074100589637446,0.7396592929035065,-0.018575334533504573,False,0,37.828638497652584,526
1000984,VNO,VORNADO REALTY TRUST,Financials,Office REITs,screen,6568363200.0,13337710200.0,-0.1455887317318486,-0.23049057657646377,2023-10-01,0.38333333333333336,ev_ebitda,60,0,0.5462397555784634,0.30616440839469333,14.122535285995417,12.85241626379152,7.365079944848867,0.046053631320239985,0.06417406877084963,0.04424572159012041,-0.015408193673831616,0,-0.043854379239484764,0.04740947768682968,4.0,0.02973793209072199,0.052482477109967576,0.20682322996806465,-0.0015151386385725552,False,0,,
1003351,VNOM,"Viper Energy, Inc.",Energy,Oil & Gas Exploration & Production,screen,7882995770.0,9483995770.0,0.10530635718232917,-0.23292759376404815,2023-11-13,0.21666666666666667,ev_ebitda,60,0,0.9233784924083521,0.9233784924083522,4.336818387469125,4.259655543911749,0.7941673683455946,-0.0015509985821500205,-0.0059187749260998235,0.1029259814361938,0.1477446003818783,0,0.05464560836192378,0.04221007721518655,12.0,0.2734930084532725,0.2888373959141471,0.9858649034015519,0.42668405900190254,False,1,42.171361502347416,377
1004861,VNT,Vontier Corporation,Technology,Electronic Equipment & Instruments,screen,4430262000.0,6064462000.0,-0.24960764373308697,-0.30340641208232466,2023-10-01,0.15,ev_ebitda,60,0,0.24909126087470182,0.21537449707860923,7.917635908378902,7.571861155000443,2.2441002146360622,0.025311830311612216,0.04369089110879609,-0.08463516087489442,-0.06591509310260868,0,-0.018451512876164422,-0.002452693535420991,7.0,0.1353082684815599,0.14197343798969955,0.782630907313828,-0.049730166979918056,False,1,33.60328638497653,698
1006445,VOR,Vor Biopharma Inc,Health Care,Biotechnology,screen,980738475.3599999,517486475.3599999,-0.6083743842364533,-0.6652631578947369,2023-10-01,,,,,,,-2.345244493544477,-1.9165179093730886,,,,0.2740562031879985,0.37670293618678996,,,,5.0,0.005008239497284112,0.00793494213941431,-0.022260116014942814,2.921246484454119,False,0,,
1000985,VOYA,"VOYA FINANCIAL, INC.",Financials,Life & Health Insurance,screen,8774960000.0,9869960000.0,0.2935619717379163,-0.09898912836162499,2023-10-01,,,,,,,,,,0.04080642288554892,,-0.011064578848058337,,,,0.19034100299813383,,,,,-0.04478504789323945,False,0,,
1005855,VOYG,"Voyager Technologies, Inc.",Industrials,Aerospace & Defense,screen,1750392062.88,1825647396.2133334,0.01578240429818667,,2025-06-11,,ev_sales,22,,-0.1451736876044841,-0.8536172241775923,-24.020933527195623,-359.51558620873146,,0.8717871823324514,,0.5806586638965836,0.6247039567019554,,,0.3732996829139721,7.0,-0.26002020600553016,-0.06853579531112863,5.988463580949827,1.1634122903849518,True,0,,
1003553,VRDN,Viridian Therapeutics,Health Care,Biotechnology,screen,2048719134.9599998,1309348134.9599998,-0.045875810936051864,-0.3904677323860273,2023-10-01,0.03389830508474576,ev_sales,59,0,-1.1004717826918162,-1.2084236937490682,-4.148891175547553,-89.0470514974952,,3.8234575926324466,,0.027740351162025556,0.27832006703496814,,,0.26977451510518957,10.0,-0.15773390553866026,-0.020072403244853192,1.023963297043417,0.2875828693532365,False,0,,
1000986,VRNS,VARONIS SYSTEMS INC,Technology,Systems Software,screen,6204852726.150001,5959864726.150001,-0.17435183574038626,-0.2505133470225872,2023-10-01,0.43333333333333335,ev_ebitda,60,0,0.08615668384867517,0.15317867286243458,78.75184309923763,49.162352474621215,-9.09076400516597,0.17818057668431164,0.9160138595404241,0.011816217390726802,0.08615172713326702,1,0.1492787940705147,0.007882464037743953,14.0,0.025301474830510512,0.028826126611679326,2.074443635829567,0.0056112373811347815,True,1,73.55633802816901,31
1000261,VRSK,"Verisk Analytics, Inc.",Industrials,Data Processing & Outsourcing Services,screen,22032613588.44,25954713588.44,-0.3259213900071376,-0.47213731261816194,2023-10-01,0.0,ev_ebitda,60,0,0.5671661385828395,0.4842815942291875,13.317356931171096,12.38226167127677,2.186484207612382,0.06757025425374841,0.07437785057100355,-0.065268408330317,-0.06063335837627637,0,-0.003999546514937169,-0.0013984627545179373,14.0,0.06649289857891044,0.07298449296425537,0.7516974588854821,-0.04044890442460003,False,0,26.420187793427232,972
1006513,VRSN,"VERISIGN, INC.",Technology,Internet Services and Infrastructure,screen,25935760000.0,,,,,,,,,,,,,,,,,,,,,,,,,,True,0,,
1004688,VRT,Vertiv Holdings LLC,Industrials,Electrical Components and Equipments,screen,96662889424.92,96792089424.92,0.6012521229451744,-0.3583220268652788,2023-10-01,0.48333333333333334,ev_ebitda,60,0,0.2646458342405321,0.22713575312863324,20.188250075483275,15.980782643027947,0.04084201367025531,0.2500936358155754,0.31779474834352706,0.3796039673128504,0.5764073482165895,0,0.0423863301620766,0.022105196291860585,19.0,0.04199640471706649,0.05410066334779275,0.8467022151725265,0.007612210970775468,False,0,41.30281690140845,411
1006355,VRTS,VIRTUS INVESTMENT PARTNERS,Financials,Asset Management & Custody Banks,screen,900842794.2238268,1152718794.223827,-0.2598783111585373,-0.41842705426285387,2023-10-01,,,,,,,,,,-0.033159206060814905,,-0.059767732698865594,,,,-0.030698206089751823,,,,,-0.03208625963630507,False,0,,
1000067,VRTX,Vertex Pharmaceuticals Incorporated,Health Care,Biotechnology,screen,129320048000.0,123445248000.0,0.3349249310591358,-0.06299734748010621,2023-10-01,0.75,ev_ebitda,60,0,0.44614399810170835,0.4196616653623952,18.935885895063713,16.383063056019584,-1.04011579123613,0.10974804886596079,0.14909752926151731,0.011224274494286313,-0.09586968545622898,0,-0.01134878227946523,0.02201443458490604,20.0,0.05124702976315177,0.05690332660639438,1.0165899399333573,-0.008158959755450557,False,0,42.852112676056336,354
1000987,VSAT,VIASAT INC,Telecommunications,Telecommunication Infrastructure,screen,10237472700.0,14944052700.0,1.4020477815699657,-0.2163456185280036,2023-10-01,0.8,ev_ebitda,60,0,0.32173772614172946,0.1475323816641714,9.54270021958564,9.138830462978488,3.0206862406872217,0.05298941600806484,0.02709720714543562,0.0004407648080257953,-0.042347398128510294,0,0.0007567765596936393,-0.0024302634047584926,6.0,0.04239995148432923,0.04935948154321762,0.27717943599070044,0.07228762429540181,True,0,43.20422535211267,345
1004729,VSEC,VSE Corp.,Industrials,Aerospace & Defense,screen,5045529604.04,5917126604.04,-0.007245277580108622,-0.3235584031542632,2023-10-01,0.5833333333333334,ev_ebitda,60,0,0.19768696212098402,0.12430183943532538,13.573269198699906,11.98405709733144,2.873534804068174,0.1513150718391889,0.19926219522534705,0.5696738563505082,1.0746750376862777,0,0.04068874451529991,0.020344863889874,7.0,0.04329179477956171,0.04723685191988887,0.501055634964965,0.3074312653285902,False,0,29.002347417840376,882
1000988,VSH,VISHAY INTERTECHNOLOGY INC,Technology,Electronic Components,screen,5068567270.0,4000538270.0,1.1654270348863918,-0.49687151098586657,2023-10-01,0.55,ev_ebitda,60,0,0.16413333503828442,0.05870535667129857,5.681730701414548,4.285718273053216,-2.5730944857918354,0.13907617702316166,0.4196614105536627,0.25088893954094993,0.20002132294069952,0,0.06033606570374417,0.06263124805860287,4.0,0.044784997051432206,0.08784334111857822,0.32238882616034803,0.05181912375017794,False,0,,
1005937,VSNT,"Versant Media Group, Inc.",Telecommunications,Telecommunication Services,screen,4357692000.0,5833692000.0,-0.29109746887586097,,2025-12-15,,ev_ebitda,18,,0.2896986637604502,0.27545474481637733,3.229907081016872,3.457776934552779,0.693943372732538,-0.027232476948280238,-0.08790564466481543,0.02045542954857238,0.06308370662512086,,,,6.0,0.3502539616393835,0.314796736605623,0.8450572264684577,-0.017073917815323525,False,1,40.22300469483568,448
1003528,VST,Vistra Energy Rg,Utilities,Independent Power Producers & Energy Traders,screen,47407528896.0,66526528896.0,-0.2897422537020423,-0.3614459542277172,2023-10-01,0.25,ev_ebitda,60,0,0.31658803777381916,0.20833940269697315,8.319239777866901,7.578416140922008,2.751337366014832,0.05442417343118566,0.09524976647514327,0.0008698879056068254,0.05510992041504448,0,-0.039665521573666096,-0.0357902012206891,11.0,0.08582226277439857,0.1047271839439816,0.5087870594423912,-0.019724770788828838,False,1,33.8849765258216,687
1005576,VSTS,Vestis Corp,Industrials,Diversified Support Services,screen,1851136300.0,2879611300.0,1.9492273730684322,-0.3937096398699529,2023-10-01,0.42857142857142855,ev_ebitda,42,0,0.13016712311680934,0.11239173074292139,8.213863352193103,7.5816669904923675,3.288435318120009,0.02272401694180015,0.10218506899002766,-0.028272667327281176,0.17542859651656872,0,0.035787519789310496,-0.0022250553836981046,5.0,0.11684458197477016,0.12815005912248262,0.6169650757496007,0.005343407705547865,False,1,26.607981220657276,965
1005161,VSXY,Victoria's Secret & Co.,Consumer Services,Apparel Retailers,screen,7448293520.0,7901318520.0,2.2593957258658803,-0.11513454036210868,2023-10-01,0.8833333333333333,ev_ebitda,60,0,0.11183203431368623,0.07401058938893801,9.844750037535537,8.774316708215506,0.6053060433803156,0.07286335591678106,0.18569703283760708,0.09726418274313353,0.517534938526317,0,0.015411497737811697,0.006931214894233095,9.0,0.06493358921294001,0.07771067020412938,0.602603037166657,0.030537869281335173,False,0,40.293427230046944,445
1004742,VTOL,Bristow Group Inc.,Industrials,Airlines,screen,1209443300.0,1640171300.0,0.1382849748837549,-0.1811656356896285,2023-10-01,,ev_ebitda,25,,0.19556163485997494,0.1372989809480149,4.65378711868962,4.179774031287206,1.4623846842305501,0.0561673069913895,0.12367812523899158,0.048124757198397594,0.028198436838425822,,,,2.0,0.1769723088628475,0.2120865788240888,0.607306787268718,0.011909176362191909,False,1,,
1000989,VTR,VENTAS INC.,Financials,Health Care REITs,screen,41674430520.0,54138402520.0,0.24467305625757296,-0.14919174699975413,2023-10-01,0.6666666666666666,ev_ebitda,60,0,0.4261448450239252,-0.027253342952635942,18.105878785055623,16.198741862559302,4.95546817591755,0.08726338240373965,0.13347354649978516,0.21217627312502363,0.12544678217790461,0,0.03592684746415875,0.045328160552893904,14.0,-0.019736261488995547,-0.007013191684385908,-0.27507348915101604,0.10606763537861097,False,0,,
1000375,VTRS,Viatris Inc,Health Care,Pharmaceuticals,screen,20470104000.0,32934904000.0,0.853355144118874,-0.030103995621237,2023-10-01,0.9333333333333333,ev_ebitda,60,0,0.3043386772634489,0.24524221275298794,7.1729956602276745,6.982890806292701,2.853388909938408,0.023158614369910735,0.03094282264154491,0.05300648982925238,0.07219414273665592,0,0.010398015078564526,0.0031059909260262586,5.0,0.15634880366534099,0.1648235171572326,0.6970417282750608,-0.011758974513090603,False,1,34.14319248826291,677
1003262,VVV,Valvoline Inc.,Consumer Services,Automotive Retailers,screen,3952152000.0,5469952000.0,-0.1606794764689501,-0.36680672268907566,2023-10-01,0.0,ev_ebitda,60,0,0.26814824678413435,0.15891190533218327,8.742603109468567,7.699508288194714,2.7254141696026277,0.10946544186533758,0.12964741053977646,0.04590308373616936,0.00722392512518133,0,-0.015619787006893482,0.014628524114826513,11.0,0.0670893492482177,0.08293154838864107,0.4237839125904737,-0.010383593202067498,False,0,27.875586854460096,925
1003122,VVX,"V2X, Inc.",Industrials,Aerospace & Defense,screen,2229062040.0,3078836040.0,0.21828197624375956,-0.22068054179055174,2023-10-01,0.34,ev_ebitda,50,0,0.07287658757051241,0.057501142766379236,8.03393529770231,7.561842536309692,2.4374260693723886,0.05251336690869568,0.0678547128952518,0.07721773132253684,0.06550358575662019,0,0.003103802396717592,0.005663256277790074,8.0,0.10194786660311145,0.12106871955512301,0.5929827587114687,-0.0026591938855015096,False,1,33.67370892018779,695
1000797,VYX,NCR Voyix Corp.,Technology,Application Software,screen,1028736000.0,1892736000.0,-0.45498007968127496,-0.6009334889148192,2023-10-01,0.03333333333333333,ev_ebitda,60,1,0.21298640449864897,0.1597395756492584,4.083820593022882,4.070327712903797,2.0541957808819404,-0.004439236708737249,0.05038519218215942,-0.005687835692795962,-0.09541400764893693,0,0.006888525449778804,0.0025529713145608923,5.0,0.28074054547779365,0.4411095412656572,0.6231400856240966,-0.03640715731690547,False,2,,
1000070,VZ,VERIZON COMMUNICATIONS INC.,Telecommunications,Telecommunication Services,screen,191782580000.0,355261580000.0,0.11495381284363071,-0.10845481049562689,2023-10-01,0.45,ev_ebitda,60,0,0.3863961556109586,0.24846812897195605,6.411260950255477,6.25077962172583,3.094770492378446,0.0146372950718896,0.028168374864461665,-0.003544077684551339,0.04630657762569035,0,0.005410271365830388,-0.00990288714930132,20.0,0.14554475000971118,0.15473490237325668,0.5037335907641368,-0.005223989556485953,False,1,30.45774647887324,839
1000010,W,WAYFAIR INC,Consumer Services,Home Furnishings Retailers,portfolio,14901390000.0,16555390000.0,0.14810254113959487,-0.13851322973540525,2023-10-01,0.559322033898305,ev_ebitda,59,0,0.07117284661888028,0.058064261480069955,16.152892637749822,13.81893151460932,1.985618045312974,0.07356268588929149,0.17740065837820906,0.05776052647842311,0.14189307974458698,0,0.07033877102544928,0.03305795691416891,26.0,0.04616089174100032,0.05690070417813611,0.6711380499566882,0.06767187012151177,True,0,57.05399061032864,115
1003045,WAB,Westinghouse Air Brake Technologies Corp (Wabtec),Industrials,Heavy Transportation Equipment,screen,48817663999.99999,54718663999.99999,0.43922714045161304,-0.05988941190994168,2023-10-01,0.85,ev_ebitda,60,0,0.2487786570638936,0.2120252987891778,16.373683601691575,15.04261360485124,2.0577110837280044,0.0627110506587536,0.10080960830651597,0.06616096661357007,0.05477367779872577,0,0.014744188663345037,0.01281088716885681,10.0,0.05244621833641629,0.058227018483479914,0.7661293166687645,-0.015903693225356785,False,0,28.814553990610328,888
1000990,WABC,WESTAMERICA BANCORPORATION,Financials,Diversified and Regional banks,screen,1378619280.0,1208498280.0,0.20888089858734782,-0.05877136930905713,2023-10-01,,,,,,,,,,,,0.09298375486072241,,,,,,,,,-0.06402497933892148,False,0,,
1000991,WAFD,"WaFd, Inc.",Financials,Diversified and Regional banks,screen,2219924203.2400002,,0.020156083792407964,-0.23316047071271395,2023-10-01,,,,,,,,,,0.03672598923966652,,0.07033516146490215,,,,0.013528612836896547,,,,,0.0057619854668320425,False,0,,
1001029,WAL,WESTERN ALLIANCE BANCORP,Financials,Diversified and Regional banks,screen,8175600000.0,9692600000.0,-0.11599845638377448,-0.20628333331165372,2023-10-01,,,,,,,,,,0.07295087646769716,,0.045800133710130364,,,,-0.02352578524194937,,,,,-0.006680800242968354,False,0,,
1000214,WAT,WATERS CORP.,Health Care,Life Sciences Tools & Services,screen,41806424840.0,46353424840.0,0.46556152229745495,-0.008730767495375158,2023-10-01,0.43333333333333335,ev_ebitda,60,0,0.39137563762445937,0.32574296368546296,16.616042479635503,15.815193230015415,2.0309040788269357,0.08076810983213112,0.06302838076812378,0.7759710715624033,0.9458838965027139,0,0.012392773034624271,0.002806237441282722,15.0,0.05244917953731056,0.058865117017105215,0.7860089561796235,0.2588369235653638,False,0,30.152582159624412,851
1005699,WAY,Waystar Holding Corp,Health Care,Health Care Technology,screen,4930905614.7,6206046614.7,-0.3317510548523207,,2024-06-07,,ev_ebitda,34,,0.42216352367932053,0.3732123738722392,10.32137554134387,9.033636140154261,2.443293232690873,0.11195880840392913,0.12611214749609467,0.1188033406106197,0.16125356302229021,0,0.0001530300858374467,0.000684531246187392,19.0,0.092697128581289,0.11115639114346341,0.7601783869306755,0.12311512119145807,False,1,35.22300469483568,637
1000055,WBD,"Warner Bros. Discovery, Inc.",Consumer Services,Studio Entertainment,screen,79696250000.0,108350250000.0,0.5847414234511008,0.0,2023-10-01,0.9333333333333333,ev_ebitda,60,0,0.22367095121729796,-0.11730008918788509,12.989814379885692,13.070374469323806,3.4195255647557676,0.021375659964284255,0.001892137511213976,-0.013110906702447744,-0.018159308304903976,0,-0.012905252909289344,-0.009376714720595425,16.0,-0.07820537785046724,-0.07862813980168723,-0.7472183572750765,0.016857209884449276,False,0,,
1005898,WBI,WaterBridge Infrastructure LLC,Energy,Oil & Gas Equipment & Services,screen,1322561740.0,2891474740.0,0.1209259365459352,,2025-09-17,,ev_ebitda,32,,0.5354646202255904,0.1812256841553436,4.995503592958083,4.191991645980187,3.4478268866738264,0.17421855915316908,0.20835955041901832,0.08636101597140744,0.1382242121303796,,,,7.0,0.051231788558843444,0.17847563030233862,0.11706183991490912,0.07972867557053753,False,0,,
1001030,WBS,WEBSTER FINANCIAL CORP,Financials,Diversified and Regional banks,screen,12425395309.999998,14174780309.999998,0.37023076211723027,-0.018970532439610444,2023-10-01,,,,,,,,,,0.047592189081740344,,0.00027220517704162894,,,,0.0030858134848033014,,,,,-0.027800653828382038,False,0,,
1005738,WBTN,"WEBTOON Entertainment, Inc.",Consumer Services,Publishing,screen,1468822721.46,908307721.46,-0.4441009788768676,,2024-06-27,,ev_ebitda,34,,0.04567165324635093,0.029073857115195764,12.758278892059337,8.593981088523487,-19.30246876984402,0.12266119825710131,0.8109713069173792,-0.200899617018924,-0.48091820388783313,0,-0.09508147267467837,-0.010633381759168503,7.0,0.04274231158267588,0.05446048683672769,0.8818332565618963,0.06328779481410973,True,0,75.3169014084507,13
1000284,WCC,WESCO INTERNATIONAL INC,Industrials,Industrial Distribution,screen,18341232000.0,23468432000.0,0.711254701239882,-0.037387274312637886,2023-10-01,0.85,ev_ebitda,60,0,0.07251444525252003,0.05942876485358786,11.614193843085824,10.534761646464744,2.9239106778929695,0.057656876803725554,0.10464789108414352,0.10730905960608172,0.09518203552082816,0,0.05398157651082225,0.03326690867583637,8.0,0.07101031839659744,0.08505373135883838,0.6445475478822916,-0.011677718238346735,False,0,31.279342723004696,800
1001031,WD,WALKER & DUNLOP INC,Financials,Thrifts & Mortgage Finance,screen,1148985750.0,1783293750.0,-0.5559067913576287,-0.6760275192269736,2023-10-01,0.0,ev_ebitda,60,1,0.22924521937530712,0.22924521937530712,5.297264889302145,4.662435296388124,2.33834628379942,0.09356743937813783,0.18119720240717174,0.0031032381174112,-0.14547889239851064,0,-0.04543054256109458,-0.03164075420514534,4.0,0.2995502371539608,0.3476768633083291,1.0223818078911722,0.002705887655285233,False,2,,
1000320,WDAY,"Workday, Inc.",Technology,Application Software,screen,45997832250.0,44584832250.0,-0.2088231628795746,-0.3800332020442042,2023-10-01,0.18333333333333332,ev_ebitda,60,0,0.34369989753630514,0.30273118813782,12.166609824849063,10.519599660293732,-0.40380301079625275,0.11009465205141478,0.15628350748033903,-0.003966214789387967,-0.0038974646676098734,0,0.01301076349283714,0.00021242210104022163,30.0,0.07194073202722188,0.0879282913346216,0.9030143700746996,0.005399990476655958,True,0,71.88967136150235,46
1000046,WDC,WESTERN DIGITAL CORPORATION,Technology,"Technology Hardware, Storage and Peripherals",screen,179473280000.0,178946280000.0,2.7923356768591154,-0.39079657030331383,2023-10-01,0.6333333333333333,ev_ebitda,60,0,0.5332332524489483,0.4240234016097415,17.494148812802752,10.625024709207382,-0.08138518420302795,0.45024680626216007,0.8010634835743302,0.6403661176098923,1.6758914473767001,0,0.09998302001830672,0.06288399764366281,11.0,0.04522925004337257,0.07991528996089377,0.793577468218699,0.077586075182416,False,0,44.26056338028169,322
1003230,WDFC,WD-40 Co,Consumer Goods,Household Products,screen,2727610730.0,2769140730.0,0.041535428222022386,-0.28154615305606423,2023-10-01,,ev_ebitda,16,,0.17891859332841156,0.15546871187468425,21.20833493119586,18.72098784202391,0.3349288914992069,0.07048881233684967,0.09489968156292972,0.06335800401831304,-0.02148429981236044,,,,3.0,0.04071387822213202,0.045001474212198966,0.8505236795343477,-0.0043666837240504686,False,0,37.406103286384976,542
1001032,WEC,WEC ENERGY GROUP INC,Utilities,Multi-Utilities,screen,33458997000.0,55972897000.0,-0.0904569449665047,-0.1446526618436903,2023-10-01,0.05,ev_ebitda,60,0,0.42522892519189204,-0.2178909022504068,12.010773545532453,10.901447092437426,5.489930175861463,0.05695540687822609,0.10221147661000463,0.07703269854585315,0.018291027597509668,0,-0.017964974180186055,0.0008262999944224081,10.0,-0.10696165600048382,-0.09895419163811263,-0.7679522718261645,0.02186149333018217,False,0,,
1000671,WELL,WELLTOWER INC,Financials,Health Care REITs,screen,167663603200.0,181291060200.0,0.3114949023143838,-0.08315476865339444,2023-10-01,0.8333333333333334,ev_ebitda,60,0,0.41259010742727914,0.34426785357342454,27.934841948874823,24.06235973350836,2.6722211120185024,0.11025168699635102,0.18025157643012646,0.3142515207160532,0.20147059040830007,0,0.03995603499562028,0.04919141603735877,14.0,0.029078278284327796,0.03547253581690848,0.7512375946668636,0.10526510387028365,False,0,,
1000132,WEN,THE WENDY'S COMPANY,Consumer Services,Restaurants & Bars,screen,1195075000.0,4278028000.0,-0.25896451310656055,-0.6511993390234,2023-10-01,0.23333333333333334,ev_ebitda,60,0,0.20142404797861496,0.15325810999032655,9.72728659917988,9.257389747853956,6.677788677587743,0.016321620506035917,0.023107785548030613,-0.050228960415892754,-0.2053877933019712,0,-0.07774764195292816,-0.019107324121132918,18.0,0.16783159462569905,0.20245315214213222,0.4560547374703612,-0.0358718653562371,False,1,26.514084507042252,968
1000024,WERN,"WERNER ENTERPRISES, INC.",Industrials,Trucking,screen,2066231999.9999998,2802208000.0,0.31353518892449905,-0.28145485303446827,2023-10-01,0.11666666666666667,ev_ebitda,60,0,0.13947539343816837,0.058234036735707616,5.1509058088951,4.4201893365362395,1.816996549261897,0.06781832563500734,0.20646024426629328,0.16189982731958596,0.10529736668177891,0,0.0420977622701284,0.014379740021352116,13.0,0.09138730371375887,0.11181192695402892,0.3470948637100053,-0.02077610724390999,False,1,39.448356807511736,472
1001035,WES,Western Midstream Partners LP,Energy,Oil & Gas Storage & Transportation,screen,17724528780.0,26672843780.0,0.2325751280832422,-0.10903614457831323,2023-10-01,0.7166666666666667,ev_ebitda,60,0,0.6261269211850016,0.4382576991750393,8.705248722491367,8.347526135224447,3.2218992838797216,0.03774955914416833,0.054080685508158144,0.1290115977424553,0.06592885939344462,0,0.03138762782878923,0.07788253016870716,13.0,0.09506380509399925,0.10177099252136147,0.5499228358847372,0.03158874568864145,False,1,32.92253521126761,727
1000092,WEX,WEX INC.,Technology,Payment Processing,screen,5886234000.0,9469434000.0,0.07090712880086314,-0.30352572041945347,2023-10-01,0.15,ev_ebitda,60,0,0.42109415725156807,0.2637403554457191,7.650440395162628,7.178489050443463,3.030710994771448,0.02785998844239157,0.04958726854199247,0.007114358670561538,0.03514289499281187,0,-0.0005163344535729086,0.0072043028899209105,10.0,0.09739426790755394,0.10924842005689304,0.46316244176083027,-0.08307262049850273,False,1,36.77230046948357,564
1001034,WFC,WELLS FARGO & CO,Financials,Diversified and Regional banks,screen,246798142000.0,663748142000.0,-0.02415147339296242,-0.15584788758304202,2023-10-01,,,,,,,,,,0.04576410655859964,,0.01657720833266363,,,,0.0066698592204559315,,,,,-0.06096361464501332,False,0,,
1001028,WFRD,Weatherford International,Energy,Oil & Gas Equipment & Services,screen,5663368000.0,6006368000.0,0.16349077917376986,-0.39747395893524284,2023-10-01,0.43333333333333335,ev_ebitda,60,0,0.22041875099155145,0.1657037767694424,5.333847723027835,4.961589944953347,0.3474976261308621,0.06975043137789028,0.11534888322876369,0.030399400046084324,0.0034273049285398205,0,-0.008133004285158507,-0.00530747309109425,10.0,0.13917874039921513,0.15545853996208925,0.6999650566368824,-0.01724389594513709,False,1,48.532863849765256,209
1005208,WGS,GeneDx Holdings Corp,Health Care,Life Sciences Tools & Services,screen,2108231463.4399998,2072519463.4399998,-0.32894004083905704,-0.5683968599826881,2023-10-01,,ev_ebitda,27,,0.10072046646446756,0.052974245789260986,34.330779150658984,24.55006183756558,-1.2325371955163826,0.22717070120478633,0.8107345901206322,0.02904748279882785,-0.5453223550518922,0,0.049522218819832986,0.010243272781996993,4.0,0.013986535922597989,0.02606631388823798,0.4884425589360048,0.055603406210118056,False,0,,
1004105,WH,Wyndham Hotels & Resorts Inc,Consumer Services,"Hotels, Resorts & Cruise Lines",screen,5376048000.0,7982048000.0,-0.08044070368087397,-0.33809510746738536,2023-10-01,0.0,ev_ebitda,60,0,0.4998598643087301,0.4820935547181111,10.163742010980627,9.508049456507782,3.5412912040031403,0.06145576426347388,0.06379729641879939,-0.04937625478381258,-0.07100549001718792,0,-0.0077997307695620854,-0.004547767790836765,11.0,0.11452758836430607,0.12346517205101752,0.7839936607243599,-0.03163377431416736,False,1,30.833333333333336,825
1003900,WHD,Cactus Inc,Energy,Oil & Gas Equipment & Services,screen,5029616250.0,4904916250.0,0.5929215231410103,-0.15428878649520372,2023-10-01,0.5,ev_ebitda,60,0,0.2756338290617623,0.23537264540894323,9.823746933817732,9.096417703096181,-0.2888483038917425,0.04939056819565035,0.08519672063923256,0.11383996130180973,0.1276017777076892,0,0.02470010351968499,0.04065182617242247,4.0,0.08563243055292986,0.09455923338216812,0.8626183480072972,0.0044116331129442354,True,1,60.43427230046948,97
1001036,WHR,WHIRLPOOL CORP,Consumer Goods,Household Appliances,screen,1987296000.0,7816296000.0,-0.5993880886195171,-0.7518897560229988,2023-10-01,0.31666666666666665,ev_ebitda,60,0,0.06936233731096653,0.040622349561013626,7.321430132898846,6.493150625312007,6.309228434207452,0.03415380821081171,0.1720146119804562,-0.03126924074158499,-0.2567949399726167,0,-0.03296631687089713,-0.005404417021740104,8.0,0.11099624205552346,0.19594496843835105,0.20661686062122256,0.0794072137598214,False,1,36.021126760563384,597
1001037,WING,WINGSTOP INC,Consumer Services,Restaurants & Bars,screen,2844018720.0,3927152720.0,-0.5779655878397731,-0.7519124477925059,2023-10-01,0.0,ev_ebitda,60,1,0.31250527752065693,0.2582903715540291,14.135182554353406,11.937831683528543,4.615245019078616,0.1581517203160383,0.17131346429136896,-0.1461530741992163,-0.17286189918417194,0,-0.016658884721493794,-0.011992219931495351,19.0,0.06522285714562728,0.07928445513592484,0.6676608352641432,-0.0368767619474234,False,1,26.02112676056338,983
1001039,WK,WORKIVA INC,Technology,Application Software,screen,4330156776.33,4283474776.33,-0.22664962825278812,-0.4200209095661266,2023-10-01,0.12962962962962962,ev_ebitda,54,0,0.20946502404666986,0.2263782517069691,17.006379152133402,13.22253400178417,-0.26778901455707543,0.1467385539938837,0.2742192647467283,0.02453236803619796,0.21780092786718108,0,0.10230085227342833,0.0031698090177356697,9.0,0.06674193688327332,0.08762601621824045,1.1474085188997039,0.031126655407308634,False,0,47.54694835680751,235
1000738,WKC,World Kinetic Corporation,Energy,Oil & Gas Refining & Marketing,screen,1841088000.0,2451088000.0,0.39650010086477083,-0.12078728724976928,2023-10-01,0.8666666666666667,ev_sales,60,0,0.008655822875849371,0.0065864770649400614,6.522455669879112,6.320428348683922,1.4889528205902725,-0.11301583270090754,-0.05481518417849318,0.1389114337303916,-0.05681762985444094,0,0.029397331865932186,0.10732922643079501,3.0,0.09414658363132966,0.043779720902937684,0.461244653111553,-0.07280844598922942,False,1,21.443661971830984,1050
1003498,WLDN,Willdan Group,Industrials,Research & Consulting Services,screen,1136366640.0,1164392640.0,-0.23590857379253283,-0.45249740625463175,2023-10-01,,ev_ebitda,31,,0.12843740595269265,0.12843740595269268,9.513006588199202,,0.28582549803280194,,,0.1859525313560786,0.19313020183794505,,,,3.0,0.10618389811168877,,0.9858151459153348,0.044877524769789456,False,1,,
1001040,WLK,WESTLAKE CHEMICAL CORP,Materials,Commodity Chemicals,screen,8027428109.099999,11242428109.099998,-0.1694977231797814,-0.5964874984365309,2023-10-01,0.23333333333333334,ev_ebitda,60,0,0.15638819497838927,0.07125591162326403,5.98642676193004,5.6614052016115135,1.9052653878581345,0.03639566128713745,0.030433032906587165,-0.05828933325592056,-0.08155028239723494,0,-0.07236287561488597,-0.010842545556105976,12.0,0.08159019169664897,0.09324060260361312,0.3487561967599244,-0.003256340228985466,False,1,32.805164319248824,731
1005955,WLTH,Wealthfront Corporation,Financials,Asset Management & Custody Banks,screen,1804915174.9599998,1356723174.9599998,-0.25857142857142856,,2025-12-10,,ev_ebitda,16,,0.4039395250229591,0.3529504552772682,8.954361353249237,7.733186560371689,-2.8380219980206847,0.09705862590389858,0.01382643484849111,-0.09851428802800677,-0.19072668172734852,,,,6.0,0.0804673627604582,0.09845212311619787,0.9585614013580953,-0.37118619945594666,False,1,,
1003072,WM,"Waste Management, Inc",Industrials,"Waste, Disposal & Environmental Services",screen,81244560000.0,104043560000.0,-0.06115415674782354,-0.16219719940137545,2023-10-01,,ev_ebitda,35,,0.31552431509508794,0.2118450398644064,11.864771830305633,11.217487514431642,2.831831240059491,0.04929600364877418,0.06310161304542028,-0.02100001230482118,-0.0074200880941278635,0,-7.195017515804203e-05,-0.005410521365113219,20.0,0.06138822900017417,0.06552192080224443,0.5687528455495507,-0.0023047777128165636,False,0,24.0962441314554,1022
1001041,WMB,"WILLIAMS COMPANIES, INC",Energy,Oil & Gas Storage & Transportation,screen,84794500000.0,112712500000.0,0.10560471099055468,-0.13137077291834565,2023-10-01,0.5333333333333333,ev_ebitda,60,0,0.6985623320215569,0.07014848354627562,11.678172897323646,10.082805893469855,3.3645487167985095,0.12681043942479442,0.148174260433376,0.06288514086137553,0.0720800222216551,0,0.053669784211008764,0.010136785239752255,16.0,-0.008603598559704904,0.021382684830791764,-0.07558761457807824,0.004126198961945882,False,0,,
1004743,WMG,Warner Music Group Corp,Consumer Services,Music,screen,14185452800.0,18277452800.0,-0.16828720826095145,-0.21416665392960899,2023-10-01,0.03333333333333333,ev_ebitda,60,0,0.24648798785815448,0.19793509203357595,9.529978086063112,8.705321679260178,2.3724895042519343,0.061774206036707247,0.10348533772801605,0.06415275043784718,0.08570055536525234,0,0.019845631766628236,0.0055978242681413715,13.0,0.09724809209947648,0.10771965864527737,0.7192842051625002,0.006211583963067424,False,1,34.56572769953052,662
1002940,WMS,Advanced Drainage Systems Inc,Industrials,Building Products,screen,9771264640.0,11221497640.0,-0.081732408890828,-0.2851869566416635,2023-10-01,0.11666666666666667,ev_ebitda,60,0,0.30253573359142616,0.2156761724373956,10.742660701412708,9.855290158196834,1.4443468235270052,0.0976064804320449,0.08742360765397472,0.11095182335184028,0.08218424307794381,0,0.02013754901412157,0.013314956484465013,9.0,0.06549854558291786,0.07743346534929241,0.6126937761754364,-0.00421274808606531,False,0,32.47652582159624,744
1003175,WMT,Walmart Inc.,Consumer Services,Hypermarkets & Supercenters,screen,831786280000.0,870668280000.0,0.01682136979853177,-0.22378329019852472,2023-10-01,0.5166666666666667,ev_ebitda,60,0,0.06550105772949698,0.026648720350655037,17.656319439928147,16.364682125513323,0.8111813943463277,0.050427453008525136,0.08511416083764756,0.011197994453538307,0.01514420727568,0,0.006332927368263963,0.0004401890913789952,29.0,0.021223376087967052,0.02953487688958618,0.3579922933450655,-0.005333041583879927,False,0,32.45305164319249,745
1006753,WOLF,Wolfspeed Inc,Technology,Broadline Semiconductors,screen,1614574830.0,2213474830.0,-0.016433566433566527,,2025-09-29,,ev_sales,10,,-0.46554410421156966,-0.5074875438888062,-7.396888502405945,-13.80774027534427,,0.09322042069373082,,-0.36598342863018907,-2.7017787648900007,,,-0.018456691394573288,2.0,-0.25993195555761195,-0.18521429118236926,1.4024659841425144,5.098703027326222,False,0,,
1000371,WOR,WORTHINGTON INDUSTRIES INC,Industrials,Building Products,screen,2907618100.0,3158103100.0,0.08825262011510482,-0.10123720354864973,2023-10-01,0.5666666666666667,ev_ebitda,60,0,0.10806767318794133,0.07522332292376295,19.417331882157043,17.975462581202517,1.65412025811448,0.06636786958751562,0.09798309033574837,0.0985486109225191,0.061429117972613856,0,0.0016692495179471134,0.02264413054277936,3.0,0.036040708490866505,0.03810547145696039,0.6443086073940524,-0.006296137508593147,False,0,26.678403755868544,963
1001042,WPC,W.P. Carey Inc.,Financials,Diversified REITs,screen,14503146407.49,22017185407.489998,0.010931098933618655,-0.14494514875374698,2023-10-01,0.29545454545454547,ev_ebitda,44,0,0.8243674509261387,-0.1419972720960319,13.917495433445351,11.870573347865923,5.01476376245029,0.050251988282512094,0.10478089610762753,0.047286933921405705,0.004848471988370129,0,-0.029286976681276333,0.012723921075110223,3.0,-0.04191858924726512,-0.029909865637505705,-0.38429804683394964,0.01637720822340394,False,0,,
1001043,WRB,WR BERKLEY CORP,Financials,Property & Casualty Insurance,screen,26995295600.000004,27229097600.000004,-0.09391106469542332,-0.11516015519963452,2023-10-01,,,,,,,,,,0.04216471489598472,,-0.06416975210940568,,,,-0.004688709191323137,,,,,-0.014499251479580866,False,0,,
1005236,WRBY,Warby Parker Inc,Consumer Services,Specialty Stores and Retailers,screen,3456812520.0,3415117520.0,0.007251631617114063,-0.084377059986816,2023-10-01,0.5,ev_ebitda,60,0,0.13064538391350844,0.06594011833252007,22.955470237412584,16.556157405081073,-0.37412908027321046,0.19343067740356124,0.32871673815338065,-0.01898823424150964,-0.09952090905445299,0,-0.05342248537760608,-0.001211516570723159,13.0,0.024110126351304693,0.04016894576332705,0.5602164448050038,-0.017823596253413343,True,0,69.40140845070422,62
1003302,WSBC,WesBanco Inc,Financials,Diversified and Regional banks,screen,3637999965.6,4513481965.6,0.22312668636357125,-0.11551726803735007,2023-10-01,,,,,,,,,,0.05484701237952927,,-0.013304097025960027,,,,,,,,,0.24028109487647198,False,0,,
1003788,WSC,WillScot Mobile Mini Holdings Corp.,Industrials,Diversified Support Services,screen,3130743937.02,6607876937.02,-0.1753980740824096,-0.6609525027969962,2023-10-01,0.0,ev_ebitda,60,1,0.4073982098386421,0.4006762282526838,6.827076759568547,6.435425764177927,3.7224931228552736,0.03782426347787737,0.055408255511458115,-0.05786361064903833,-0.15171403236615955,0,0.0023317605410448916,0.019733077412625644,9.0,0.23781773226024858,0.2546791158577306,0.769244892420091,-0.023975361985661414,False,2,30.880281690140844,824
1003297,WSFS,WSFS Financial Corp,Financials,Diversified and Regional banks,screen,3979303143.5400004,,0.416696579905635,-0.07940799443361346,2023-10-01,,,,,,,,,,0.03768106377492075,,0.038711666780394394,,,,0.024583498907808643,,,,,-0.07083866251993809,False,0,,
1003228,WSM,"WILLIAMS-SONOMA, INC",Consumer Services,Home Furnishings Retailers,screen,27748203880.0,28247213880.0,0.18265482280013434,-0.09468583684168719,2023-10-01,0.8,ev_ebitda,60,0,0.20907285036861734,0.16580328256858898,16.32534541485482,15.244057261950507,0.2931055065842974,0.05646964622154105,0.06064043469436631,0.02339283368071965,0.03981131924705461,0,0.017254297498142,0.012766291029788102,15.0,0.050392235144888546,0.05594753966337396,0.8081374991391689,-0.028717188191818788,False,0,37.875586854460096,521
1001044,WSO,WATSCO INC,Industrials,Industrial Distribution,screen,11501729195.8,11663741195.8,-0.2263412021454968,-0.44023630243285716,2023-10-01,0.23333333333333334,ev_ebitda,60,0,0.10519695048470669,0.09748120643534729,13.918936147965997,12.790836876060638,0.21103496540395217,0.05007965113800705,0.08901749055073238,-0.04532914159547552,-0.15512319335569158,0,-0.03690951040905144,0.00569037370402059,10.0,0.06903670002026657,0.06893432980146762,0.9475700594250105,0.009558469282724857,True,0,61.56103286384976,92
1001045,WST,WEST PHARMACEUTICAL SERVICES INC,Health Care,Life Sciences Tools & Services,screen,26025213000.0,25792313000.0,0.4177435168905739,-0.09619196055132806,2023-10-01,0.5333333333333333,ev_ebitda,60,0,0.2886939367001492,0.19973392231486076,24.96415931974416,22.439606500881407,-0.2583508996049881,0.06818143709552182,0.10741242152298103,0.036258465776454196,0.1217638932626115,0,0.030970814175169448,0.014819287711377749,13.0,0.0278224779367146,0.03248160761883355,0.7008365682647744,-0.015387460452100155,False,0,37.124413145539904,552
1001033,WT,"WisdomTree, Inc.",Financials,Asset Management & Custody Banks,screen,3755312280.0,4545800280.0,0.7603773227624298,-0.029952076677316253,2023-10-01,0.8958333333333334,ev_ebitda,48,0,0.41930374426500955,0.4175099938596329,13.878036262045471,12.996221971808309,2.8576298104702276,0.09479817802985635,0.07276500814262143,0.3574742557855135,0.5185516454401646,0,0.0032602965682440033,0.010317250180541748,3.0,0.07746622392270665,0.08701358829971775,0.8881291224644826,-0.01706767534763909,True,0,,
1001046,WTFC,WINTRUST FINANCIAL CORP,Financials,Diversified and Regional banks,screen,9802455300.0,10006552300.0,0.08648863699063614,-0.1473648322123875,2023-10-01,,,,,,,,,,0.07153127255615366,,0.02344216123975218,,,,-0.0015402315824518675,,,,,0.026949822730300665,False,0,,
1003480,WTRG,Essential Utilities Inc.,Utilities,Water Utilities,screen,10985682960.0,19440558960.0,0.01839729506269716,-0.06690476190476191,2023-10-01,0.31666666666666665,ev_ebitda,60,0,0.5610203752195779,-0.018001044275499718,12.860352878085736,11.906242429216123,6.181275249968163,0.056387279584315664,0.08869872435398629,-0.01342228725198713,-0.0552788866277929,0,-0.04718864727704397,-0.002631337685509161,2.0,-0.04051848894177385,-0.03332289227125864,-0.29445873360206265,0.021169157661435678,False,0,,
1003213,WTS,WATTS WATER TECHNOLOGIES INC,Industrials,Machinery Tools and Components,screen,12042915000.0,11803015000.0,0.2773898125528438,-0.09545133352203117,2023-10-01,0.75,ev_ebitda,60,0,0.2326905584980951,0.2117060598120237,16.91839481299958,15.844869984586346,-0.39126413231227036,0.05413051742879271,0.07933785466024568,0.17780969677707437,0.3243474431656683,0,0.0708334372930235,0.04384290587599904,6.0,0.05280166457835381,0.05566155226149231,0.9114764066504578,0.00013106950207730783,False,0,37.05399061032864,556
1003521,WTTR,"Select Energy Services, Inc.",Energy,Oil & Gas Equipment & Services,screen,2512418002.53,2738611002.53,0.8877501883925469,-0.10794475374526391,2023-10-01,0.8,ev_ebitda,60,0,0.2413124943832566,0.09780849907103402,6.715699572419626,5.559844419494718,0.7033464057887242,0.10311770865501635,0.20018240856152003,0.22825016855034286,0.3476272212364213,0,0.1592323030887326,0.05436530995887745,5.0,0.05019160265131072,0.0943126271340823,0.3092316024093941,0.10604374084474788,False,0,39.04929577464789,486
1000262,WU,Western Union CO,Technology,Payment Processing,screen,1887871999.9999998,3665272000.0,-0.17013165795895335,-0.47340670801103935,2023-10-01,0.0,ev_ebitda,60,0,0.2052535944280733,0.14919676613045715,4.051728581749862,3.870693210220316,2.1386024519652813,0.04516774514288291,0.09506430435778968,0.0682197051451563,-0.04208454491318214,0,-0.1384820149221302,-0.03329875762345924,9.0,0.26925207664886014,0.30502439564408734,0.5619086823502685,-0.04071826765892539,False,1,45.95070422535211,270
1005373,WULF,TeraWulf Inc,Technology,Application Software,screen,7242307373.91,11509980373.91,0.2959719789842383,-0.48930296756383707,2023-10-01,0.39473684210526316,ev_ebitda,38,0,0.5945286538747085,-4.098707527756521,21.787330709113416,10.60036563435128,102.95980550947802,1.5105892121655038,3.155111346412001,0.28744354903638225,0.2716979686237244,0,-0.2214283226531547,-0.14947166970572712,11.0,-0.5541894556669402,-0.4868730564867256,-7.597394076671269,0.16603243797564593,True,0,,
1003009,WVE,"Wave Life Sciences, Inc.",Health Care,Pharmaceuticals,screen,791553802.56,423373802.55999994,-0.49453551912568305,-0.8263725950258094,2023-10-01,0.2833333333333333,ev_sales,60,0,-7.183451449046784,-6.606881842828856,-1.455670721527712,-1.3659045058339698,,0.22013769967467844,,-0.6412358004722165,0.5691821853894994,,,-0.1277705059772638,10.0,-0.29007839902693133,-0.37181850547345435,0.7894688432013987,0.2225376627271909,False,0,,
1001047,WWD,WOODWARD INC,Industrials,Aerospace & Defense,screen,20513641420.0,21380725420.0,0.3050635539535209,-0.24644308378146174,2023-10-01,0.6166666666666667,ev_ebitda,60,0,0.21622032683810005,0.15395267196788148,20.9764691407401,18.314820103461045,0.9440928291733222,0.09404354053184028,0.12759245961637888,0.13258671839888847,0.1798939796049399,0,0.010195943272641506,0.0035837033283501185,13.0,0.032801376423874276,0.04215206423122079,0.6601532705195037,-0.006493974966833238,False,0,36.255868544600936,583
1000226,WWW,WOLVERINE WORLD WIDE INC,Consumer Goods,Footwear,screen,1578500000.0,2021100000.0,-0.28851426901586896,-0.39743307227763713,2023-10-01,0.3,ev_ebitda,60,0,0.11423597056767947,0.10164066248638612,8.376356732889922,7.954820725393259,2.0505659361847868,0.04698849942323258,0.06796031282039539,0.011445476904339724,0.010231221653254519,0,0.035383066772823435,0.006692914602362876,6.0,0.12079466866237668,0.12395981072620538,0.7902412865560946,0.012284809583886558,False,1,38.86150234741784,492
1001048,WY,WEYERHAEUSER CO,Financials,Specialized REITs,screen,13420139590.0,18318139590.0,-0.20353627835591948,-0.4317145802055482,2023-10-01,0.13333333333333333,ev_ebitda,60,0,0.19048081500580005,0.11605047188970904,12.384314463183811,10.609097871417044,4.447346460960425,0.06725787000492978,0.23721437351974628,-0.00039121850453838203,-0.08310495420317321,0,-0.017150292470104467,0.01817814422082953,8.0,0.04955119423564548,0.07122822844566763,0.4495745994690486,-0.005025137729796181,False,0,,
1005861,WYFI,"WhiteFiber, Inc.",Technology,Internet Services and Infrastructure,screen,675827736.72,673200736.72,-0.3371365476628634,,2025-08-07,,ev_ebitda,20,,0.5378422856168369,-1.3587472257144326,3.971146253455248,2.2424529710921473,-0.05919472177140011,0.8447706223009412,1.3716253409992607,0.026268467825193653,-0.12566109033629025,1,0.11686595613812423,0.11492654509035072,4.0,-0.7084937861103793,-0.3057760480763354,-2.8245115614248126,0.1991578466572177,False,1,,
1000174,WYNN,"WYNN RESORTS, LIMITED",Consumer Services,Casinos and Gaming,screen,7960585900.0,16584522900.0,-0.37496047930706067,-0.39884438742578354,2023-10-01,0.06666666666666667,ev_ebitda,60,0,0.2556493166490454,0.1185425663451938,8.377101135060501,7.811443858578464,4.606835198050191,0.035459710560965085,0.0607594761029131,0.00649943855347801,-0.0542937835256917,0,-0.015387407187589686,-0.005976830233664909,14.0,0.03606605538299833,0.10397339464627173,0.14502218846020598,-0.03331568787823058,False,0,28.556338028169016,899
1006493,XE,"X-Energy, Inc.",Industrials,Heavy Electrical Equipment,screen,3908076011.1,2293629011.1,-0.5143835616438357,,2026-04-24,,ev_sales,11,,-0.33187095042596215,-1.0591707921585929,-9.478064025999375,-20.169772620124203,,1.4448957064169794,,0.2320944532143121,0.06430767614189081,,,,6.0,-0.19662462172813486,-0.13461205609217974,3.1753921521628863,,False,0,,
1001049,XEL,XCEL ENERGY INC,Utilities,Non-Renewable Electricity,screen,44234850000.0,81681850000.0,-0.09896767746977886,-0.14060691429177108,2023-10-01,0.2833333333333333,ev_ebitda,60,0,0.44670062385190795,-0.46531868559305906,10.443092211340934,9.148304872029279,5.9501406362662745,0.10533340284379755,0.1679832102565464,0.06065212554444854,0.04812359507012043,0,-0.010492438968699891,0.013325135194251825,9.0,-0.2215299771490939,-0.1590041218608752,-1.2528544184528325,0.05896291422852329,False,0,,
1004164,XERS,"Xeris Biopharma Holdings, Inc",Health Care,Biotechnology,screen,1598616958.75,1665676958.75,0.1744471744471745,-0.04208416833667339,2023-10-01,,ev_ebitda,28,,0.18994182382496602,0.16052833246992715,18.11717300070464,11.944046448816234,1.7557651621555501,0.1976133069836843,0.901406931588165,0.1444628895621003,-0.07194192465244476,0,-0.09184084678124227,0.016346147474070927,4.0,0.0380761085283345,0.0732559104032264,0.66205889533667,0.09983897976021106,False,0,35.152582159624416,640
1001051,XHR,"Xenia Hotels & Resorts, Inc",Financials,Hotel & Resort REITs,screen,1666882238.45,2913645238.45,0.36158042472081275,-0.16594869615461882,2023-10-01,0.55,ev_ebitda,60,0,0.24052580358899328,0.16891634412869866,10.486250617560378,10.405733814438863,4.6283673344432446,0.020480021058505438,0.012676567803638461,0.004252935170860228,0.02732663967236748,0,0.010282136405885378,0.0012144063250785209,3.0,0.07135673436000012,0.12119492105065059,0.4280785301257542,-0.03703073353500519,False,0,,
1000800,XIFR,"XPLR Infrastructure, LP",Utilities,Renewable Electricity,screen,983549000.0,6513549000.0,0.029498525073746285,-0.6710282069978519,2023-10-01,0.36666666666666664,ev_ebitda,60,0,1.1609411538746648,0.9821362197755359,4.017826062471766,4.195709901950247,3.165697770384063,0.02133711171152508,-0.04531213034035275,0.015056215369312342,-0.009711406097910213,0,0.06550941292644397,0.002799410470887498,7.0,1.026001177498545,1.014674317890585,0.6224683974937213,0.0025202229792775643,False,1,32.57042253521127,741
1005146,XMTR,Xometry Inc,Industrials,Industrial Distribution,screen,6691279784.42,6503266784.42,0.8881953368826876,-0.02168743460477507,2023-10-01,0.2,ev_ebitda,40,0,0.09060690936031587,0.04614038043864887,64.22309592875317,43.322044506103815,-3.694238180988391,0.20840104002256288,0.5605237418186044,0.2353466601447003,0.4479461103814477,0,0.10784634596601239,0.06825260532281652,7.0,0.009580018763963827,0.016010087310445204,0.6330459228178399,0.12430768150014115,False,0,48.8849765258216,203
1006383,XNCR,Xencor Inc,Health Care,Biotechnology,screen,1879027430.0,1527470430.0,1.127024722932651,-0.1484641638225257,2023-10-01,0.9333333333333333,ev_sales,60,0,-1.8191415778323086,-1.7643257697967205,-6.610329046942153,-6.037405028105462,,-0.0016197660975388883,,-0.33062949987375745,0.2902367939782249,,,0.03677160473042962,9.0,-0.11800243753475581,-0.13052255222117318,0.9595649255589191,0.0934767599291948,True,0,,
1000122,XOM,ExxonMobil Holdings Corporation,Energy,Integrated Oil & Gas,screen,683993380000.0,715773380000.0,0.4852943147156388,-0.038802267895109765,2023-10-01,0.85,ev_ebitda,60,0,0.2222893631921365,0.15491204972633413,7.553478381194543,8.149150321577084,0.34851587254036726,-0.0252858418359182,-0.05775880856810789,0.23076189754323995,0.16019233088452856,0,0.08706044037218597,0.11231704239131712,14.0,0.09530528020328705,0.08626726802398897,0.6879237586547169,-0.017627050230147878,False,1,36.18544600938967,588
1000314,XPO,"XPO Logistics, Inc.",Industrials,Trucking,pipeline,21208140000.0,24116140000.0,0.3613367370619631,-0.229408416166747,2023-10-01,0.75,ev_ebitda,60,0,0.17888971903158618,0.1114995881256403,14.182996678972273,12.622090112813035,1.9855371064666325,0.05823004573196,0.11697846143138735,0.07719904727373472,0.07004816394053859,0,0.03827492273654842,0.023546211888386903,22.0,0.04067987983097146,0.04782817812382309,0.5073906357772846,-0.007711308672307071,False,0,28.65023474178404,896
1000634,XPRO,Expro Ltd,Energy,Oil & Gas Equipment & Services,screen,1865485611.0,1744984611.0,0.3274410774410774,-0.3491539413949649,2023-10-01,0.3333333333333333,ev_ebitda,60,0,0.21899173505405836,0.13192697199368325,4.503771532795066,4.297026071167329,-0.3432166810188973,0.04138197746963934,0.07645943730814686,0.007295037591344311,0.048274220627270825,0,-0.03539038092597113,0.02619351410180326,3.0,0.13147718414550344,0.1418198903169054,0.6330340168809372,-0.008017372399333644,False,1,48.274647887323944,218
1000064,XRAY,Dentsply Sirona Inc.,Health Care,Health Care Equipment,screen,1752370000.0,3737370000.0,-0.2917120883396821,-0.7449817164778092,2023-10-01,0.05,ev_ebitda,60,1,0.1697551831562452,0.12479884568912633,6.066878704890223,5.69171959645898,3.11532712788581,0.022572802168770112,0.02314088822884397,-0.0500131170816287,-0.21509893288115678,0,-0.03470077966015794,-0.008421579028593529,13.0,0.22234686474756138,0.2489577776549221,0.6324934560722094,-0.008712165207835798,False,2,29.917840375586852,859
1003032,XYL,Xylem Inc.,Industrials,Machinery Tools and Components,screen,23877672000.0,25527672000.0,-0.3037994093100048,-0.3286068183931068,2023-10-01,0.0,ev_ebitda,60,0,0.2529227182229081,0.19421929575470648,10.48017513128938,9.847411398697702,0.73390140141659,0.04777441445084052,0.06896941384910149,-0.024298646765164578,0.015092431187559985,0,0.005718555617109322,0.0035293101304876284,12.0,0.07707087441264668,0.084593258569902,0.7555089221597301,-0.012096243016809782,False,0,36.32629107981221,578
1003030,XYZ,"Block, Inc.",Technology,Payment Processing,screen,45079031880.0,44372269880.0,0.01743462017434627,-0.25667205822887185,2023-10-01,0.03333333333333333,ev_ebitda,60,0,0.1976050155830334,0.1593039691869446,7.759680720669348,6.534378510388087,-0.16647948016410813,0.11149956881608536,0.22787821428954746,-0.014368995535458229,0.13623739586322814,0,0.01625951075163945,0.0068564119332696905,33.0,0.09782589112343246,0.12163883478736398,0.7711885975042047,-0.022803402980947407,True,1,74.94131455399061,17
1005913,XZO,"Exzeo Group, Inc.",Technology,Application Software,screen,1274012320.0,1219271320.0,-0.3112803426939553,,2025-11-05,,ev_ebitda,17,,0.5203535635340675,0.5713399024967759,8.95255727367342,,-0.48152710072973004,,,-0.04639413823282701,-0.0791590876188506,,,,3.0,0.12482211555956063,,1.167647937338542,0.06997892414810902,True,1,,
1000062,YELP,YELP INC.,Technology,Interactive Media & Services,screen,1009197860.0,1015055860.0,-0.40705128205128205,-0.6180053685731984,2023-10-01,0.0,ev_ebitda,60,1,0.2189871218301367,0.18264166006951454,3.0702765597272514,2.980162341313483,0.017542275119151088,0.026598005407646008,0.028114040441356236,-0.038422294519753986,-0.10896143342485654,0,-0.005809200871580322,0.0010243546247750146,6.0,0.2776093072783519,0.2776317893653419,0.8474184154818696,-0.10556864518706466,True,2,73.39201877934272,32
1004326,YETI,YETI Holdings Inc,Consumer Goods,Leisure Products,screen,3135101340.0,3176069340.0,0.23628691983122363,-0.23470149253731343,2023-10-01,0.23333333333333334,ev_ebitda,60,0,0.17976118910902833,0.14177371702551722,8.188906048911766,7.617208931721117,0.11761178461620941,0.06897717101054401,0.08157221462390463,0.03860371304280852,0.00785972768611809,0,-0.00884968867922864,0.0011152717495017672,13.0,0.09684343474641245,0.1140715934733939,0.7828123721290295,-0.06217083466176587,False,1,43.43896713615024,339
1005145,YOU,Clear Secure Inc,Technology,Application Software,screen,4295895826.400001,3373547826.4000006,0.2788718353660229,-0.32303849081173774,2023-10-01,0.12280701754385964,ev_ebitda,57,0,0.35808010215730074,0.45101569238158457,7.485079346840735,6.508560802355544,-2.601277678068257,0.11920193847618954,0.1599088222681777,0.19379416002078664,0.43312809048334455,0,0.05679935774474254,0.012634298553936496,4.0,0.143344077075519,0.16261095357333785,1.3662904450443483,-0.1587333649010323,True,1,83.53286384976525,4
1005953,YSS,"York Space Systems, Inc.",Industrials,Aerospace & Defense,screen,1102906120.8899999,710325120.8899999,-0.7426361202023207,,2026-01-29,,ev_sales,26,,0.0397986483172397,0.14382159864671382,34.46802059227453,7.4689028389601875,,0.31729034629674424,,-0.40943807608031857,-0.8712710059149725,,,,8.0,0.0604613276446978,0.01923394905906778,3.2357532512715284,0.15468645451521867,True,0,,
1000143,YUM,"YUM! BRANDS, INC.",Consumer Services,Restaurants & Bars,screen,37885290000.0,49486290000.0,-0.08560752417569217,-0.1818772322775014,2023-10-01,0.0,ev_ebitda,60,0,0.35357509815459803,0.3172477670746761,15.062205835152206,14.024291017411448,3.864191790026665,0.0437900642061142,0.07817765531829268,0.01365895552801999,-0.020487250731748174,0,-0.02514173498647454,-0.035144560489943744,16.0,0.0641532734772908,0.06870678833501548,0.7397638756149412,-0.016693643474503972,False,0,19.941314553990612,1053
1000023,Z,ZILLOW GROUP INC,Financials,Real Estate Services,pipeline,6332577750.0,6115577750.0,-0.6478909798831927,-0.699623560673162,2023-10-01,0.13333333333333333,ev_ebitda,60,1,0.2787105321853377,0.20594080096107634,6.674312045833006,5.564356711078479,-0.30396012847320025,0.11023022391044845,0.21395656516381778,-0.030747597325905596,-0.1153207367938206,0,-0.037959206240982035,-0.022567672490284685,22.0,0.10327543551149992,0.13224393555147612,0.7137507560617944,-0.05402091832934697,False,2,,
1000060,ZBH,"Zimmer Biomet Holdings,Inc",Health Care,Health Care Equipment,screen,16972184000.0,24041184000.0,-0.08851576261818683,-0.3153204330203494,2023-10-01,0.11666666666666667,ev_ebitda,60,0,0.3930230312356213,0.31196483573366157,6.862431260552098,6.627034654546901,2.089312705385375,0.03786047524315972,0.03411857956158437,-0.023307419586874212,0.019481473256530712,0,0.003115144336593767,0.008274060129080496,19.0,0.1477666773196922,0.15530743066776612,0.7158736781635383,-0.027146296740452325,False,1,35.082159624413144,643
1005752,ZBIO,"Zenas BioPharma, Inc.",Health Care,Biotechnology,screen,1763358053.16,1508985053.16,0.21486486486486478,,2024-09-13,,ev_sales,28,,-6.220178293110094,-6.023836468107702,-4.832563770439984,-5.152440759706033,,2.736586275066146,,0.04558455856739596,0.15951901450159012,,,-0.2062637519297693,4.0,-0.17473851317944744,-0.1658473253213468,0.9867833142351042,1.1368798659857418,True,0,,
1001010,ZBRA,ZEBRA TECHNOLOGIES CORP,Technology,"Technology Hardware, Storage and Peripherals",screen,18070132544.25,20681132544.25,0.2562592542737918,-0.11350953432594812,2023-10-01,0.48333333333333334,ev_ebitda,60,0,0.23222843482192573,0.2146629534314777,13.468491410419098,12.608309575610644,1.844425586152805,0.056870999675654454,0.04669515547650516,0.10449857280965125,0.12909975482480252,0,0.05724186648797325,0.03506262741812116,11.0,0.07088135039148978,0.07606185817973388,0.8341380965897752,-0.03625040440586935,False,0,27.94600938967136,923
1000748,ZDVSV,Ziff Davis Inc,Technology,Interactive Media & Services,screen,1979868767.8200002,1241396767.8200002,0.4879265091863516,-0.19974590626764543,2023-10-01,0.23333333333333334,ev_ebitda,60,0,0.301568415513628,0.20612143465748306,3.4199076930175125,3.290598779289983,-1.9200706894673707,0.014574025542774205,0.041325906604553486,-0.2407179584568071,-0.3535220605995423,0,-0.03589071206011285,-0.02729052629791906,4.0,0.11151521975359363,0.11290781690427636,0.6082390835993621,-0.09873728785562186,False,1,53.955399061032864,136
1005136,ZETA,Zeta Global Holdings Corp,Technology,Application Software,screen,8664943896.0,8552472896.0,0.5888273779567186,-0.14071856287425155,2023-10-01,0.7666666666666667,ev_ebitda,60,0,0.235423698173576,0.1929417912835996,17.17533678919123,13.872717838647189,-0.3008350304885787,0.1645809442237849,0.23304987153570944,0.22551467565882755,0.24781015971777753,0,0.02442862870150031,0.01616586964771427,13.0,0.04637661466836792,0.05831881355364858,0.8070089549360264,0.06804274350737782,True,0,69.33098591549296,63
1001011,ZION,ZIONS BANCORPORATION,Financials,Diversified and Regional banks,screen,9160056500.0,10578056500.0,0.14107847763203307,-0.13966797642030626,2023-10-01,,,,,,,,,,0.027393759760188097,,0.017950509518093405,,,,-0.0026699705221592263,,,,,-0.005183236099310595,False,0,,
1004498,ZM,Zoom Communications Inc.,Technology,Application Software,screen,28116206879.6,20899825879.6,0.10024242424242424,-0.1886843046120844,2023-10-01,0.5333333333333333,ev_ebitda,60,0,0.4328729916472643,0.34988469285090873,9.482975835927663,9.127664512675343,-3.326748352785653,0.04351781198652782,0.04419036255614972,0.021223878950008546,0.06120766638672048,0,0.0014228343856341752,0.0002086134076690893,18.0,0.0749940271443893,0.07880976607179244,0.9567211652143454,-0.0019410855546601047,True,0,67.42957746478874,74
1003932,ZS,Zscaler Inc,Technology,Systems Software,screen,33097466340.0,31319670340.0,-0.3345124474404326,-0.4069646415083118,2023-10-01,0.21666666666666667,ev_ebitda,60,0,0.2819408295285447,0.10299421898653247,28.269022944206185,23.457116019944724,-1.8746968741348704,0.16723683438956227,0.20755194511518238,0.0009914876354790714,0.02414429768299664,0,0.04103612015207725,0.00844915896684939,31.0,0.01622917040072483,0.02184496108232017,0.48482464210425646,0.01973739013748821,True,0,,
1000357,ZTS,Zoetis Inc.,Health Care,Pharmaceuticals,screen,28858893000.0,36230893000.0,-0.5135925075451171,-0.6403273887101195,2023-10-01,0.05,ev_ebitda,60,1,0.43215817306533494,0.34763267403703185,8.799286130976421,8.41162688396044,1.8202451768528154,0.031843259198488516,0.03368712558282949,-0.11195225221625826,-0.10408956640702416,0,-0.09432486410851726,-0.06183388415740132,11.0,0.10706290182020464,0.11277786304411509,0.7503900727032671,-0.04186242504020332,False,2,34.58920187793427,658
1004771,ZWS,Zurn Elkay Water Solutions Corporation,Industrials,Building Products,screen,7966321600.000001,8100421600.000001,-0.0027929617932401785,-0.1242326361466205,2023-10-01,0.23333333333333334,ev_ebitda,60,0,0.2801674638892243,0.2487780076155755,14.639169510338975,13.888469412746252,0.27216923874435106,0.05881283635817325,0.06994604685040251,0.09197331963084743,0.18692376784527376,0,0.04136046475643895,0.02433306641570865,6.0,0.058632492596739416,0.06145325372551174,0.8441215910068153,-0.017316451435240188,False,0,33.22769953051643,714
1006727,ZY,Zymergen Inc,Materials,Industrial Chemicals,screen,0.0,,,,,,,,,,,,,,,,,,,,,,,,,,False,0,,
1003500,ZYME,Zymeworks Inc,Health Care,Biotechnology,screen,1894906405.48,1640214405.48,0.5509367681498829,-0.14685990338164256,2023-10-01,,ev_ebitda,18,,0.43438419431934455,0.3885918026789844,10.416697930792258,24.2514900949366,-6.446970097604279,0.008647413552755001,-0.08508302244960209,1.9936974188306058,-1.931399428898953,0,0.5786525803521958,0.3196161432770346,6.0,0.0760702591284751,0.05072450767817568,0.9154446861807609,-0.0032378429310289114,False,0,50.363849765258216,172
